:020000041000EA
:1000000000B5324B212058609868022188439860DF
:10001000D860186158612E4B002199600221596106
:100020000121F02299502B49196001219960352056
:1000300000F044F80222904214D00621196600F024
:1000400034F8196E01211966002018661A6600F04E
:100050002CF8196E196E196E052000F02FF8012189
:100060000842F9D1002199601B49196000215960AB
:100070001A491B48016001219960EB211966A021F2
:10008000196600F012F800219960164914480160C1
:100090000121996001BC002800D000471248134993
:1000A000086003C880F30888084703B5996A0420EC
:1000B0000142FBD001200142F8D103BD02B5186610
:1000C0001866FFF7F2FF186E186E02BD00000240BE
:1000D000000000180000070000035F00212200005C
:1000E000F4000018222000A00001001008ED00E03C
:1000F00000000000000000000000000074B24E7A12
:1001000000200420F7010010CB010010CD010010E9
:10011000C9010010C9010010C9010010C901001077
:10012000C9010010C9010010C9010010CF01001061
:10013000C9010010C9010010D1010010D301001045
:10014000C1010010C1010010C1010010C101001067
:10015000C1010010C1010010C1010010C101001057
:10016000C1010010C1010010C1010010C101001047
:10017000C1010010C1010010C1010010C101001037
:10018000C1010010C1010010C1010010C101001027
:10019000C1010010C1010010C1010010C101001017
:1001A000C1010010C1010010C1010010C101001007
:1001B000C1010010C1010010C1010010C1010010F7
:1001C000EFF30580103800BE00BE00BE00BE00BECA
:1001D00000BE00BEF2EB8871987E0010C87E001051
:1001E0003802001090A31AE71E481F49086006C88D
:1001F00081F3088810471D480068002801D019487D
:10020000F3E70DA40ECC002902D000F012F8F9E7B4
:100210001749184A002000E001C19142FCD116495B
:100220008847164988471649884700BEFDE701C937
:1002300001C29A42FBD37047C87E0010C000002064
:10024000D0100020D88E00100000042000000420F0
:10025000D88E0010001004200010042000000000C0
:10026000704700000000000008ED00E0000000D032
:10027000D0100020E01F00205D430010D5020010C8
:1002800055430010F8B5C04606480749091A8B10B7
:10029000C90FC91810B5491003D0044B002B00D06A
:1002A000984710BDD0100020D010002000000000A2
:1002B000054B10B5002B03D00449054800E000BFF2
:1002C000FFF7E2FF10BDC04600000000701E0020D6
:1002D0005C750010F0B5DE4657464E464546E0B523
:1002E0009DB004F079F9052001F002FDA04B01005A
:1002F000180004F047FA072001F0FAFC9D4B0100BA
:10030000180004F03FFA052001F0F2FC02F030FB87
:10031000994902F0E4FAFE218905041C02F022FB4F
:10032000002800D0B4E2201CF421890502F0D4FAA0
:100330008321C90502F0E7FA02F042FB8F4B904996
:10034000804618009B4607F01BF80321102000F0A0
:10035000CBFA0321112000F0C7FA0022012110205E
:1003600000F0DCFA00220121112000F0D7FA12205F
:1003700000F0E8FA132000F0E5FA142000F0E2FAA9
:10038000D0238020802180221B06C0020903520353
:10039000586259625A62986199619A6150239946EC
:1003A000784D493B00249A46002616AFA9442BE01D
:1003B00053461A40744993008C469B18734A9B001D
:1003C0009818734A06609A181660724A72499A1809
:1003D00063441660196043460121436001602B6845
:1003E0003B601B041B0C214219D06C491B04106894
:1003F000043743400B40802149018C46624413601E
:100400004D450ED0AC6810350421200000F06CFA88
:1004100062081F2CCCD903231A400832CAE760496E
:10042000E5E7322206215F4804F0ACF948231122A7
:1004300010215D4804F0A6F91423132212215B4811
:1004400004F0A0F95A4B07931B78002B00D119E256
:10045000584B19001393584B1193584804F092F9D4
:10046000574804F00BF90023059304930393029378
:10047000544BD0260693544B15AF0893534B360676
:100480000A93534B1293534B0F93534B1093534B6D
:100490000C93534B0B93534B0D93534B0E93534B66
:1004A000099380235B039A4622E04A465B08726107
:1004B0002CD080231B03736153460120B36101F0EC
:1004C00035F94B4B00253B8083233A00BB70482114
:1004D00058460095803B06F07BFF03281AD0099808
:1004E00004F0CCF8029B14200133029301F01EF9B2
:1004F000012398468023DB02002499464246E3B25A
:100500002242D2D14A465B08B261D2D180231B037A
:10051000B361D1E7073001F009F912AB12A98C469B
:10052000DD720B2243464821009358460123624462
:1005300006F04EFF0128D2D102233A004821584646
:10054000009506F04FFF0228C9D13D886DBAADB2C3
:10055000022C09D0032C4DD0012C02D0039501347C
:10056000CCE704950134C9E705950134C6E7C046D8
:10057000A0750010C475001000247449C01000203C
:10058000A0860100707900101000054000000540B1
:10059000080005400C0005401F4E00000000FFFF52
:1005A000FFFF0000E4750010107600105876001070
:1005B000E00F002060750010747500108076001048
:1005C00094760010DE1F0020D91F0020B81F0020E5
:1005D000F4760010087700102C7700109875001042
:1005E000907500105477001074770010A4770010F5
:1005F00001C5FFFF01F0B0F9002900D19FE0FA2208
:100600000023920001F00CFEA34BAB42A4416442D4
:100610009D427AD9069B1B78002B07D1089A137844
:10062000002B03D10A9B186001231370069B322113
:100630001C70029801F0B6FD974B049A0C009A4288
:1006400010D91B99954B994200D805E10B041B0C5E
:10065000934A126853401B04924A1B0C1360002CEF
:1006600000D100E18C4B059A9A4216D9FA221B99C7
:1006700052000B00914206D91439914200D2FDE09C
:100680000B041B911B0C864A126853401B04854ABD
:100690001B0C1360002C00D1E9E0079B1B78002B9A
:1006A00052D0FA23039ADB009A4200D980E07E4BB5
:1006B0007E491A687E4B5A401204120C0A607D4A29
:1006C0007D4912685A401204120C0A607B4A7C4928
:1006D00012685A401204120C0A607A4A1268534097
:1006E0001B04794A1B0C1360784B1A68784B5340F3
:1006F0001B04784A1B0C1360002C00D0F2E60C9A05
:1007000003990D9804F03EF8ECE6089B1B78002B4B
:100710008CD00A9B1B68C01A9138FF38C8280AD8A9
:10072000012207990B7853400B70119900D013994F
:10073000129804F027F80023089A137076E7FA213C
:10074000890001F02FFD5FE7FA23039ADB009A424C
:1007500058D9554B55491A68FA235B005A40120480
:10076000120C0A60534A5649126853401B04524AFD
:100770001B0C1360514B1A68574B5A401204120C51
:100780000A60504A504912685A401204120C0A601A
:100790004E4A126853401B044E4A1B0C1360002C37
:1007A00000D09FE60B9A03990E9803F0EBFF99E6B1
:1007B0003D4B3E491A68FA235B005A401204120C62
:1007C0000A603C4A3C4912685A401204120C0A6002
:1007D0003A4A3B4912685A401204120C0A60394ADC
:1007E000394912685A401204120C0A60374A1268DA
:1007F00053401B04374A1B0C1360002C00D071E6D9
:100800000B9A7DE7284B29491A68294B5A40120454
:10081000120C0A60274A2A49126853401B04264AD0
:100820001B0C1360254B1A682B4B5A401204120CF8
:100830000A60244A244912685A401204120C0A60C1
:10084000224A126853401B04224A1B0C1360002CDE
:1008500000D047E60C9AA6E7204B143199420AD8FB
:100860000B001B91F4E60F9803F08CFFFAE610984A
:1008700003F088FF11E719001B93E9E6130011004C
:100880001B9200E7164B19001193164B1393E4E5E6
:10089000FE20800548E5C04630750000C309000011
:1008A00070000540701005400C0005400C1005401C
:1008B0005409000020000540201005403400054088
:1008C0003410054048000540481005405C000540D4
:1008D000BA0600005C100540E6050000C4090000EF
:1008E0007475001060750010094A83009A1810B5DD
:1008F00014684022544080322240064CC000A44676
:1009000063441A60044B9C466044416010BDC0467D
:1009100004C0014004D0014000400140074B80006A
:10092000C3181B68C90092000A435A400C231340A5
:10093000034A9446604403607047C04604C00140C7
:1009400004D001400123D0228340120693629361B8
:10095000094A83009A1811684022514080320A40A7
:100960000649C0008C4663441A60054B9C4605232B
:10097000604443607047C04604C0014004D0014059
:10098000004001408023DB051868000F7047C04617
:100990000FB400B5084883B003F070FE049B002B31
:1009A00007D005A91800019103F0BAFC034803F031
:1009B00065FE012003F0CCFCB87700107C760010B7
:1009C00070B5EFF3108C72B60D4D2B68002BFCD078
:1009D000BFF35F8F0724CB08C618C05C01230C400F
:1009E000A3401C000440034207D118433070BFF3FA
:1009F0005F8F2C608CF3108870BD1000FFF7C8FF6C
:100A00002C0100D0F8B54746CE46884680B5EFF3B6
:100A1000108C72B61C4D2C68002CFCD0BFF35F8F7D
:100A20009A4222D807210126894602E001329342E8
:100A300018D34D4637001540AF40D4080119045D66
:100A40002742F3D110003C430C70BFF35F8F0022AC
:100A50000D4B1A608CF3108800280EDBC0BCB94621
:100A6000B046F8BD01204042EFE7BFF35F8F00239F
:100A70002B608CF31088012040424346002BEDD0C0
:100A80000898FFF785FFC0462C0100D0044A107873
:100A9000431CDBB2172B00D9102313707047C046DC
:100AA000E10F002010B5064B064C82B00100009308
:100AB00018221F232000FFF7A5FF02B010BDC0467B
:100AC000C8770010001A00200021044B044ABFF32D
:100AD0005F8F02C39342FAD17047C046000100D035
:100AE000800100D0054B064A1360064A136053602C
:100AF0009360D360136153619361704780808080FD
:100B000000E400E004E400E01F2318401E3B8340A3
:100B1000002905D0C021044A490053501360704792
:100B2000802201498B50FAE700E100E00122824077
:100B3000034B1B6813405A1E9341D8B27047C046FE
:100B400000E100E001238340014A13607047C04682
:100B500000E200E0064B10309B688000C358054A55
:100B600000209B1A2F229A424041C0B27047C046D3
:100B700000ED00E0E40F002070B50D00EFF31086EB
:100B800072B60F4A1368002BFCD0BFF35F8F0D4B7A
:100B900010309B6884001B590B4A934203D09D423E
:100BA00001D001F0ADF9074B9B681D51BFF35F8F7A
:100BB000BFF35F8F0022024B1A6086F3108870BD6E
:100BC000240100D000ED00E0C1010010F0B557464F
:100BD0004E46DE464546E0B585B00600009117005A
:100BE000EFF3108B72B66A4A1368002BFCD0BFF388
:100BF0005F8F0025674B5D579A46002D00DAA9E00C
:100C00006B00654C01935B199B009846A146C1445B
:100C10004B4652469B7910361370604BB6009B686A
:100C200099590B1B2F2B33D95D4B994200D0ACE067
:100C3000019B42469C465B4B6544AD0063535A4B57
:100C40000232A218043B9B1A1B05584A5B0D65191A
:100C500013436B80564B0121AB80FF23AB71009B8C
:100C6000EF71AB604B460B4319004C4B9B6899519D
:100C7000BFF35F8FBFF35F8F0022454B1A608BF38A
:100C8000108805B0F0BCBB46B246A946A046F0BDF0
:100C900001200A008243D3798C46BB4231D84546B5
:100CA000130044491B1B5B415943090D3D4B6353E2
:100CB0003D4B02356519043B5B1B1B053B4D5B0D32
:100CC0002B43AA464D466B800425AC465546E0446E
:100CD000131F44441B1B1B055B0D1D434B469971A1
:100CE00000999D8099604946DF71334B0143136041
:100CF000BBE75800C01880002018C179B9422FD92D
:100D000002000623D356002BF3DA02932B4B6146E5
:100D10000393131D9A4604235B429C46E1445046CC
:100D20004B461B1A1B055B0D9C46204B9571984644
:100D30006346404603439380019B5A199200039BEC
:100D4000A418A380029B1C4AA371009B2260E77138
:100D5000A3608AE701F0D4F8002553465D574FE7BA
:100D6000908802934005131D9A46031561469C46E0
:100D70004046D444634604302018181AE023000586
:100D8000400D1B0218430390C5E701F0B9F84FE787
:100D9000240100D0DA1F0020E40F002000ED00E065
:100DA000C101001000A1FFFF1410002000E0FFFFB0
:100DB00001BDFFFFAAAA00000148804701BD000055
:100DC000F0B5DE4657464E464546E0B50C0083B0CA
:100DD000EFF3108872B6634A1368002BFCD0BFF3A0
:100DE0005F8F614B61499A68030010339F00D559AA
:100DF00001938D4243D0A54254D05D4EAA1B2F2AA9
:100E00003DD85C4B9B461B68994601231A009C46C3
:100E100082404B4613401F2299466346024093404E
:100E20009A4680225B4650469850BFF35F8FEFF39F
:100E300005839B46002B37D0019B5B4501D001F019
:100E40005FF801232A009A439068844208D176E033
:100E50004B005B189B00F3189868844236D01A0048
:100E6000062151560029F3DA844254D04B46002B18
:100E700027D0C02251463F4B5200995019603A4B3F
:100E80009B68DD51BFF35F8FBFF35F8F0022354B4F
:100E90001A6088F3108803B0F0BCBB46B246A9467E
:100EA000A046F0BD0D00EAE72A0063469A43906829
:100EB0008442D5D106201056130000280ADA0D000E
:100EC00031E0802351462B4AD150D8E706201856EE
:100ED000002821DB42001118890074188B46A16894
:100EE0009960E179D971062161569971002924DB55
:100EF000A488F11A640524155C44091909051E4CDF
:100F0000490D2143998013181C4A9B001178F3184E
:100F100099711070AAE713005946002914D1FF31C6
:100F200091711749918015490A789A71154A9B1B4E
:100F30005B415A43120D0A7098E71149E2E7062017
:100F4000105613000028C5DA0F4A1049D21A083A81
:100F50005002400D014399800D4952080A43DA803E
:100F600084E7C046240100D000ED00E0C10100107C
:100F7000E40F002000E100E000E0FFFFDA1F0020A6
:100F800001BDFFFFAAAA00001E10002000F0FFFF15
:100F900000F8FFFF70B501240443EFF30581EFF380
:100FA000108C72B6214A1368002BFCD0BFF35F8F00
:100FB0001F4B05001F4AED1A6D416A43120D1E4D6D
:100FC0008900AE6852B27658A6421CD00621595606
:100FD00091421CD012215956914222D01E215956BD
:100FE000914220D02A2159560324914210D0134B0C
:100FF00019781A708171BFF35F8F00220B4B1A6052
:101000008CF3108870BDAB680D4C5C50EFE700248A
:101010006100091989005B18FF21997109499980BC
:10102000E5E70124F4E70224F2E7C046240100D0FA
:10103000E40F0020AAAA000000ED00E0DA1F002063
:10104000C101001001BDFFFF10B5084B084C82B074
:1010500001000093002205232000FFF7D3FC0028A5
:1010600001DB1F23181A02B010BDC046E477001040
:10107000DF1F0020024B9C466144890001607047DD
:101080004000003470B5114C114DAC420FD2FF2618
:101090002368002B0CD0FFF7F9FC01002000FFF7BC
:1010A000E9FFA680BFF35F8F0834AC42F0D370BD78
:1010B000FFF7ECFC01002000FFF7DCFF2671BFF317
:1010C0005F8F0834AC42E3D3F1E7C046C81000207C
:1010D000D010002010B50400FFF7D8FC010020005C
:1010E000FFF7C8FFFF232371BFF35F8F10BDC0461A
:1010F00010B504000120FFF7D5FC034BC3189B007B
:101100002360BFF35F8F10BD40000034034B9C464B
:10111000614489000160BFF35F8F70474000003475
:101120000A4B1968EFF3108072B60A68002AFCD0E7
:10113000BFF35F8F1B68BFF35F8F00221A6080F3DD
:10114000108840BF002000217047C046AC1F00201F
:10115000F0B5DE4657464E464546E0B587B0EFF35C
:101160000583032201251A40954091008846A9462F
:10117000B34B03925C58B34B1D60B34B04934B4687
:10118000B24843630823E55E002D37DAA3881BB21B
:10119000002B00DBADE0A379002B00D0EEE00823AC
:1011A000E05E002820DB430062691B18DB00D318D7
:1011B0009E68DD68731C00D111E1A4480100414420
:1011C000826A0B69B71A9B1A9F4215D30123026AE0
:1011D000039883401A420FD09C4800F0B5FB8D4223
:1011E00002DCCCD18642CAD940BF07B0F0BCBB46B6
:1011F000B246A946A046F0BD0E61EDE762696B00FC
:1012000092465B19DB009A4453469E68DF6800F003
:101210009BFB8F42BADC00D103E1002F00DAE8E04B
:101220005246534652691B699346049A934200D131
:10123000D9E052460821605E5288000459461043A6
:101240009847009001910099019A0B0010001343F8
:1012500000D1CEE013000A00B61A9F41002806DB39
:101260007A4800F071FB009E019F36184F415346AB
:101270009E60DF6000229A5E002A00DA86E7530053
:1012800099186069C900411802938B68C9689B4628
:10129000B94200DD7AE702D1B34200D976E70823EC
:1012A0009C46A444059565462281A446029B2C00D9
:1012B00006E053009918C90041188D68C968AB460B
:1012C0009B18DB00C318B94206DC00D1B3E01C0058
:1012D0000023E25E002AECDA230064469C46534673
:1012E0001A806346059D1D80A3881BB2002B00DA7F
:1012F00051E72269EFF3108172B61368002BFCD01E
:10130000BFF35F8F0123A7885B42A3803FB22369AD
:10131000BFF35F8F00221A6081F31088002F00DA7C
:1013200039E72300083322009A4666697B00DB19FF
:10133000DB00F318996850468C460824115FDD687D
:10134000002910DB029306E0AB4244D00023E15EAB
:101350002000002906DB4C006418E4003419E3681F
:10136000AB42F1DD029B078000201F5E1980002F39
:10137000DCDA1400A379002B00D110E70023A3715D
:1013800026000823E15E08364B1C00D12CE708003C
:10139000A246656902E03E004B1C1AD04B005B1868
:1013A000DB00EF180A008C46E95E7B881BB2002B3D
:1013B000F1DA01235B42DC17BB60FC60824205D09E
:1013C000534631801B893B8053461A8160464B1C33
:1013D000E4D15446E5E6A3686345B7D9C2E76B1C80
:1013E00000D0EAE6F8E65B4658461B6998470028B5
:1013F0001BD153461B8822692381EFF3108372B6F9
:1014000011680029FCD0BFF35F8F514662880A80C3
:1014100022696580BFF35F8F0021116083F310881C
:10142000B4E6864200D8F8E6B0E65B461A685B6828
:101430000092019307E7B34500D848E74CE7C04660
:10144000901E00203C7005405111001000400540E6
:1014500070B52E4C2569002D04D00A212C48FFF7C9
:1014600009FE70BD2B4E0321300000F063FAE660E8
:10147000FFF70CFB284B03229C46D02322701B064F
:101480001B6801216370254B6044A3600F2380001B
:1014900020610220638063694942A1801980023182
:1014A000198647311D83585218315A5275325C39AA
:1014B0009952183201319952183201319952183229
:1014C00001319952083518329D5202311832995221
:1014D00018320131995218320131995218320131C2
:1014E00099521832013199521832013199520C4BEC
:1014F0000C49DC6001303562FFF73EFB012103201F
:10150000FFF702FB084B1D60A7E7C0462C10002028
:10151000AC1F00200040054040000034FFFF1000D9
:10152000901E00205111001038600540004870479F
:101530002C100020F8B51F0008AB1B780400160023
:10154000002B08D100F008FA32003B00121A8B4140
:10155000002B00DA52E02269EFF3108072B61368B4
:10156000002BFCD0BFF35F8F0223E15E63694A006A
:101570005218D2009B182269002936DB1D8865802D
:10158000BFF35F8F0025156080F31088069A9E6078
:10159000DF601A61079A5A615A8801325204520C6C
:1015A000101C002A1FD082B25880080410432669FC
:1015B000EFF3108772B63268002AFCD0BFF35F8F5A
:1015C000A2881A80A1802369BFF35F8F00221A606E
:1015D00087F310880A4923788C4601329A40E368E1
:1015E00063441A60F8BD0120DDE7BFF35F8F00237D
:1015F000136080F3108801204042F3E70020F1E7F8
:101600003C20000070B501000469EFF3108C72B645
:1016100020680028FCD0BFF35F8F02200D5E4C696C
:1016200068004019C00024180869002D36DB2688A0
:101630004E80BFF35F8F002606608CF31088E36056
:1016400063880498013320615B0405985B0CA260F9
:1016500060611A1C002B1FD093B2280462801843CB
:101660000A69EFF3108C72B61368002BFCD0BFF33D
:101670005F8F8B8823808D800B69BFF35F8F002283
:101680001A608CF310880B7801329A40CB680849B5
:101690008C4663441A6070BD0122DDE7BFF35F8FA3
:1016A000002303608CF3108801204042F3E7C0461A
:1016B0003C20000010B543890A1493421ADD530000
:1016C0009B184269DB00D3180469EFF3108C72B6E3
:1016D0002268002AFCD0BFF35F8F5A88090494B2B5
:1016E000090C8A4208D00369BFF35F8F00221A6099
:1016F0008CF31088002010BD8022120214435C80FD
:10170000012302698371BFF35F8F002111608CF3A5
:101710001088044902788C469340C26801206244D4
:101720001360E8E73C20000040787047F0B5C646FB
:1017300000B582B0040000F00FF9FA2206000F0095
:10174000200000230021920001F0A6F880197941C1
:1017500004000D1E02DA01242E4D64420626764254
:10176000F71736196F41AF4214D811D000F0F4F8D2
:1017700032003B00121A8B41002B15DC002B46D0A7
:101780002000290000F026F902B080BCB846F0BD68
:10179000A642EBD90026002700F0DEF832003B001D
:1017A000121A8B41002BE9DD00F0D6F832003B0025
:1017B000121A8B41002B0ADB00230193164B3200D7
:1017C000009316483B00FFF71DFF0130D8D00023DF
:1017D0003900B0469C46124A1248536A994204D8CE
:1017E000966A4645CCD29942CAD10668EFF3108773
:1017F00072B63368002BFCD0BFF35F8F0368BFF372
:101800005F8F66461E6087F3108820BFE5E7002AD9
:10181000B6D0C9E7FFFFFF7F211100102C10002078
:1018200000400540AC1F0020F0B557464E46DE464E
:101830004546E0B506000F0085B0EFF305839946F5
:101840008B46002B12D0384900204B6ABB4206D38E
:101850008A6ADB1B591E8B41B2424041184305B0D6
:10186000F0BCBB46B246A946A046F0BD2F4B9A46F7
:10187000DB68984653461B784046039300F064F8B3
:101880004246039B040004339B009B580D001B1A27
:1018900039003000001BA941894510DC0DD020BF64
:1018A000214A0020536A5B45D9D3926ADB1B591E3B
:1018B0008B41B24240411843D1E78342EFD900F057
:1018C0004BF832003B00121A8B41002B1ADB00232D
:1018D0000193174B3200009350463B00FFF792FEF6
:1018E000011E0FDD104B5A6A5A451BD39B6AB34247
:1018F00016D35046FFF7DEFE0B4A0020536A5B45C5
:10190000ADD3D2E7084A0020536A5B45A7D3002035
:10191000926ADB1BB24240415A1E934118439EE734
:101920005A45E6D120BFE4E7004005402C100020D6
:101930002111001010B5024A0248FFF741F810BD0E
:1019400000780010041A00200300416A0A00986A17
:10195000596A8A42FAD17047034B596A0A00986A59
:10196000596A9142FAD170470040054070B50400B1
:101970000D00174A536A1900966A536A8B42FAD1CE
:101980003000190024184D41AB4216D813D0104B2B
:101990002A005B6A9D4203D90D494B6A9342FCD3EE
:1019A000934207D10A4A02E0516A994202D1916AF0
:1019B000A142F9D370BDA642E9D9054B5B6A1C0070
:1019C0005A1CEFD0012201246442E5175242E3E79A
:1019D00000400540064A536A9942FCD807D1044B9F
:1019E00002E05A6A914202D19A6A9042F9D870474D
:1019F00000400540F8B5040006200D0000F078F91D
:101A0000002844D0374B3849E3185A1E93418022AE
:101A1000120494465B429B0D344A9B056344136059
:101A2000334A136018000A689043FBD12D4B314AAA
:101A3000E31859424B4180215B004900062099522E
:101A400000F056F92900C00000F0ACFB0130C309DA
:101A50001ED1402701226262A362266BF30722D4C3
:101A6000E36A254B0620E51800232B60266300F06F
:101A70003FF93900800000F095FB7023E26A5A407C
:101A80000E3313402B601D4B23630323A364F8BD67
:101A90001B4A93421ED900231A4A1B4F6262A3625B
:101AA000266BF307DCD5194B144AE3181A60656AF4
:101AB000A36A0620AD01ED1800F01AF9144900F0F0
:101AC00071FBAD020100280000F06CFB0021FFF764
:101AD0004DFFC5E74006800E9F011A003F18030026
:101AE000B9E7C0460080FCBF08C0004000E00040ED
:101AF00000F00040BC1F00202C100000010300007B
:101B0000FEFF0000FFFF0000C0FF3F00303000007C
:101B10004E0E0000F8B5DE464E4657464546E0B547
:101B20008B4605000A991800160000F03BFB0A9B43
:101B30006C001F02324B64199C46A4006444636825
:101B400081469F4200D967602B1FDBB29846012B6C
:101B500030D9C02380229B01E31812011A60294B5F
:101B6000AD0059599A4600291BD17301E02622681D
:101B700053401E40802342465B01E3181E60012A49
:101B800030D9802380229B01E31812011A6053464A
:101B90004A4667605A51F0BCBB46B246A946A046C9
:101BA000F8BD586900F0FEFA013043001B18033BF2
:101BB000FDD2DAE75B46012BCBD1C02303229B0188
:101BC000E3181A60023AA3681A42FCD07301E026B7
:101BD0002268AD0053401E4080230A4A5B019246B2
:101BE000E3181E605A462168514003220A401A60D9
:101BF00001225B469A40A3681A42FCD0C1E7C04666
:101C000000800040081A0020F0B546464F46D646F0
:101C1000C0B51F00344B44009C462418A400644403
:101C2000636888461600FF2B02D880235B00636040
:101C3000031FDBB29A46012B30D9C02380229B01BF
:101C4000E31812011A60294B850059599946002959
:101C50001BD17301E026226853401E408023524668
:101C60005B01E3181E60012A30D9802380229B018A
:101C7000E31812011A6080235B0063604B465F51DA
:101C8000E0BCBA46B146A846F0BD586900F08AFAF1
:101C9000013043001B18033BFDD2DAE74346012B1A
:101CA000CBD1C02303229B01E3181A60023AA36838
:101CB0001A42FCD07301E0262268850053401E4082
:101CC00080230A4A5B019146E3181E604246216860
:101CD000514003220A401A60012342469340A26801
:101CE0001342FCD0C1E7C04600800040081A002023
:101CF000014B8000C0587047081A0020F8B5040056
:101D000021481E0017000D0000F04CFA01003800B9
:101D100000F048FA069B36041B031E432368002B81
:101D200020DB1A4B1A49E3185A1E93418022920174
:101D300094465B421B0B174A1B0363441360164A0D
:101D400013601F000A689743FBD1144B2560E2180B
:101D50002123A06013602368002BFCDA0823E660CF
:101D60001360F8BD3F2322681340AB42D9D1A3686A
:101D70001B051B0D8342D4D1EE22E368D20213402F
:101D8000B342CED1EDE7C046001BB7000040FDBF17
:101D900008C0004000E0004000F0004004300000B7
:101DA00010B580241C4BE4051C6000281AD00123C8
:101DB0001A4C18431A4BDC611A4C44401C6259629D
:101DC00098628021144BC9051960174817490860AB
:101DD000E021C9041960002A07D18022144B1206A1
:101DE0001A6010BD0E4BD861EBE753019B1A9B00A4
:101DF0009A18802312015B049A4209D213000D49FC
:101E00000B60074B5A608022094BD2051A60E8E745
:101E1000094B1A00F3E7C04600B00540D3C007B035
:101E2000008005402D3FF84FFCFF010008200140D5
:101E300000A00540681E0020FFFFFF008023024A2B
:101E40009B000B43D362704700800540002310B510
:101E50000100988A1B8B984710BDC046162310B509
:101E60000100188802331B88984710BDF8B5474613
:101E7000CE4680B50F1E18D01423994604330400B3
:101E80000025012698464B461888434621681B8842
:101E9000984701C4431E984101350640AF42F2D134
:101EA0003000C0BCB946B046F8BD0126F8E7C046D0
:101EB000002370B504000D00988A05491B8B9847D4
:101EC00003000020002C01DB0130A04029009847CE
:101ED00055420000AA23064A1B0113608D235B00B4
:101EE000D3600449044B19605368002BFCDA704737
:101EF0000040024000B0FA00006002407047C04657
:101F000010B50148FEF744FD2478001070B5074D68
:101F1000074EB54209D20024013E761BB60808CD13
:101F2000984723000134B342F9D170BD18750010F1
:101F300054750010054B064A06491A60064A074BBD
:101F40001A6010000B689843FBD1704700E0004016
:101F5000BFCDFBFE08C00040FE7F3C0000F000400B
:101F6000044BDB6C002B03D18022034BD2021A609E
:101F70007047C046000011504C201150044A054BD8
:101F80001A60054A1368DB018033FBD17047C046F5
:101F9000FFFFFF0100F0004008C000404022034B5B
:101FA0009A675A671A67DA667047C04600F00140C0
:101FB00010B5FEF789FD10BDF8B52749274C284D0F
:101FC000641AA6103200302E00D930222800920068
:101FD00000F03EFDBC2C3BD830202F232C19640789
:101FE000204A801BE40F9B1B052B16D93700002CC1
:101FF00002D0B300771CEA50001B33199B00410844
:10200000EB18C900C9181A605A6008339942FAD10E
:10201000012303421CD09843C619B300EA50731C35
:102020002F2E15D09B00EA50B31C2E2E10D09B00F3
:10203000EA50F31C2D2E0BD09B00EA50331D2C2EA2
:1020400006D09B00EA50731D2B2E01D09B00EA5056
:10205000054B9D60F8BDC04600010010C001001096
:1020600000000020C101001000ED00E0002310B5C9
:10207000294C82B0A367FFF72DFF0122274B1A607E
:10208000636C012BFCD10322254B1A60224A936B0F
:10209000012BFCD1013300930121224A2248043351
:1020A000FFF72CFE052301210093204A2048FFF76B
:1020B00025FE0022022104201E4BFFF7A5FD002271
:1020C000012105201C4BFFF79FFD00220021072066
:1020D0001A4BFFF799FD002200210820174BFFF74C
:1020E00093FD8023DB000093002200210920134B85
:1020F000FFF710FD0022104B00210620FFF784FDA2
:102100000420FFF7F5FD0E4900F04CF80100002017
:10211000FFF794FE02B010BD008000403CB00040CC
:1021200030B00040002F685900800240008C864784
:1021300000C00240001BB70040597307006CDC026E
:1021400040420F0001480421014B18475010002065
:102150006D1E0010124A936F9B0815D29066D166CF
:10216000002905D0FFE7FFE7FFE7516F106F7047C9
:1021700004B580210906C2175140002800D0C84389
:1021800005F08AF9002104BDF0B5146E556E576F45
:10219000166FFFF7E3FF1466556657671667F0BDC5
:1021A000000000D0114A936F9B0813D2106651664D
:1021B000002905D0FFE7FFE7FFE7516F106F704779
:1021C00004B5002801D00020C04305F065F90021C6
:1021D00004BDC046F0B5146E556E576F166FFFF70D
:1021E000E5FF1466556657671667F0BD000000D01E
:1021F00094464A4A926F9208624601D228E0C0464D
:10220000F0B5464E346E756E776F366F00F020F87D
:102210009446424A14665566576716676246F0BD93
:1022200094463E4A926F9208624601D254E0C046FC
:10223000F0B53A4E346E756E776F366F00F04CF82D
:102240009446364A14665566576716676246F0BD6F
:10225000002B24DB11D000293EDA00B5C9434042EF
:1022600000D1013100F038F8C943404200D10131BA
:10227000DB43524200D1013300BD002AEBD10028DC
:1022800001D1002905D00020C90FC90701D1C043E1
:10229000410800B505F0F0F80022002300BD00B5AC
:1022A00000290ADBDB43524200D1013300F014F86D
:1022B000C943404200D1013100BDC943404200D171
:1022C0000131DB43524200D1013300F005F8DB431A
:1022D000524200D1013300BD002923D1002B18D177
:1022E000002A0CD0BC460D4F38667A6600210023C8
:1022F000FFE7FFE7FFE77A6F386F67467047002810
:1023000001D00748010000B505F0B6F8002200230F
:1023100000BD02000B00002000217047000000D02B
:10232000FFFFFFFF002B00D0BFE0130C28D1002AD5
:10233000E7D080B4114F39667A66FFE7FFE730B423
:10234000040C7B6F396F1B0423433B667A66FFE7FF
:10235000FFE7FFE7C04684B27B6F3D6F1B0423435A
:102360003B667A66FFE7FFE7C04600232C042D0C8E
:102370007A6F386F00196941B0BC7047000000D017
:10238000F0B594460025140E01D112020835140F41
:1023900001D112010435940F01D192000235D40FFE
:1023A00001D152000135D40B0134254F7C66254CF8
:1023B0003C660E0C93B2FFE7FFE7FFE73C6F664316
:1023C000360C7703BE467343DF0B5B04C01AB9417A
:1023D000130C7343DB18C91ACE086643360CB64497
:1023E00093B273431F0F1B01C01AB941130C7343FF
:1023F0001F0B1B05C01AB941860D8F023E43664371
:10240000360C092D24DB520A7243801A7703460AE0
:102410006643360C16235B1BDE40DF40BF19644663
:102420006643821B7046043506330100D940A8403C
:10243000C01900D30131A24206D20023F0BD000032
:10244000000000D0FFFFFFFF121B0130F3D3F1E7C4
:1024500009277F1BFE406446A2B27243801A00D255
:102460000139220C7243130C1204821A99410B0099
:102470007046043513370100F940A840801900D395
:102480000131002B02D1A2420AD2F0BD013000D3AB
:102490000131121BFAD2013BF8D1A24200D2F0BDA9
:1024A000013000D30131121BF7E7F0B51C0C00D04E
:1024B00080E00CB400251C0A04D11B02160E334325
:1024C000120208351C0B04D11B01160F33431201F5
:1024D00004359C0B04D19B00960F334392000235C8
:1024E000DC0B02D192185B4101351C009718644146
:1024F0000134464F7C66464C3C660E0CFFE7FFE716
:10250000FFE7C0463C6F6643360C7703BE4697B282
:102510007743C01B00D20139C01B00D201399FB2E2
:102520007743C91BC91B170C77437E04FF0B801B25
:10253000B941CE086643360C0C2D33DBB644120B82
:102540001F053A431B0B97B27743C01B00D20139DA
:102550009FB27743C91B170C77433E043F0C801B87
:10256000B941860D8F023E43664329277F1BFE40FB
:102570000C3D7746AF40BF1930BCA2B2ABB272433C
:102580007343801A9941220C7243130C1204801A6F
:10259000994102000B000137001BA941F9D2781EB6
:1025A0000021F0BD0C277F1BFE4077467F0BAF401C
:1025B000FF19E0E700245D1C07D0144F7D663966E3
:1025C000FFE7FFE7FFE7FFE73C6F95B29EB2654389
:1025D0006643401BB141150C1E0C6543664336042F
:1025E0002F0C3E432D04401BB141994204D20200FE
:1025F0000B0020000021F0BD01D19042F7D3801ADA
:10260000994101349942F2D3F6E70000000000D06E
:10261000FFFFFFFF48404140484018B4134B5B6840
:10262000019308BD18B4114B1B68019308BD944673
:102630000F4A926F920805D2624618B40B4BDB68C2
:10264000019308BD0A4AF0B5146E556E576F166FA8
:102650006246FFF7F2FF064A14665566576716672B
:10266000F0BD18B4014B9B68019308BD58120020BF
:10267000000000D0FFB550404240504059404B4010
:10268000594000E0FFB5154F4C00640D03D0BC422B
:1026900004D10C0314D80020090D09055C00640D59
:1026A00003D0BC4204D11C030AD800221B0D1B0519
:1026B00001264B4009D44B4003D58B4200D18242C6
:1026C000FFBD9942FCD19042FFBD0B43DB18034391
:1026D0001343F5D0C9434918FFBD0000FF070000B0
:1026E00000B5FFF7CFFF804100BDC04600B5FFF742
:1026F000C9FF01D9002000BD012000BD00B5FFF7D2
:10270000B9FF01D9002000BD012000BD00B5FFF7D1
:10271000B1FF804100BD012040054A00121804D8D5
:102720005A00121801D8002070470120704700009D
:102730000021002805D17047C1174840401AFAD03F
:10274000C90713B5064B1B6898470CBC441CA24034
:102750001005120B0349091B09051943114310BD4C
:10276000A81E00201F04000010B54C00620D80233D
:10277000D218DB00D21A5B057E2A10DD9E3A13DAEE
:10278000CC170903490819435242D140640001346F
:102790001532202A05DAD0400843604310BD0020DE
:1027A00010BD0846604310BDC80FC018013810BDE9
:1027B00018B4024B5B6A019308BD00005812002058
:1027C00010B50148FEF7E4F830780010132370B517
:1027D0001D78012D19D014DD1D48FFF73FFB0600C1
:1027E0001C48FFF73BFB1C4C80223100200000F00E
:1027F0002FF9022D06D01948FFF728FB184B186057
:1028000070BD154C174BA364F5E7174B124C2360B2
:102810006360A360E36023616361A361E36123629A
:102820006362A362E36223636363A363E36323647A
:102830006364A364E36423656365A365E36523665A
:102840006366A366E36623676367A367E367D9E705
:102850005344000053460000581200204C3300003F
:10286000A81E00206D280010C127001007B5604683
:1028700001880A0A0230DF2AFAD1C9B2820804D3D9
:10288000028840880004104300E00068014A50506C
:10289000039007BD5812002051434343C9188C468A
:1028A000110C83B24B4310B4040C614392B280B25A
:1028B000504362431C041B0C001910BC5941130403
:1028C000120CC0185141614470470000484041401B
:1028D00048400E4B5B6818470C4B1B6818470C4A66
:1028E000936F9B0802D2094BDB681847F0B5146E52
:1028F000556E576F166FFFF7F6FF054A146655665B
:1029000057671667F0BD014B9B681847AC1E002047
:10291000000000D007B548404140484001E0C046B3
:1029200007B54200120E03D0FF2A03D1420218D885
:10293000C00DC0054A00120E03D0FF2A03D14A027F
:102940000FD8C90DC9050122414005D4414001D528
:10295000814207BD884207BD0143491801D0C043E9
:10296000001807BD00B5FFF7DBFF804100BDC04682
:10297000491A002808D1084670470000C10FC9074E
:1029800000D54042002817D0F44603B40B4B1B6817
:10299000984706BC81409E384042803107D20B06E2
:1029A00007D04900490AC005104308436047013079
:1029B000F8E7490A8902F5E770470000A81E0020E1
:1029C000014B5B6A18470000AC1E002010B501489F
:1029D000FDF7DEFF54760010132310B510481C7865
:1029E000FFF73CFA0100012C0AD003DD80220D48DC
:1029F00000F02EF80C48FFF729FA0C4B186010BDB8
:102A0000084C5422200000F023F8220008498032AC
:102A10002368002B00D1216004349442F8D1E9E707
:102A200053460000AC1E00204C330000A81E0020BE
:102A3000CD29001001480421014B184760100020E7
:102A40006D1E0010014B1B6818470000601000202D
:102A5000014B5B6818470000601000207047C046BB
:102A6000F8B55746DE464E464546E0B599460A9BC0
:102A700007009A460D9B884693460B9C9B073BD1CB
:102A80000C9B9C423DD21E1B0B9415000C005E4417
:102A90002A004B46013521002020B847B542F7D126
:102AA000A0460B9C002C20D0454636195346321BBD
:102AB000013C185D29004B46B847002CF6D12B008D
:102AC000350098460D9B9B070FD55B46EC1A0C9B77
:102AD000A3420AD9464698462A004B463100202098
:102AE0000134B84701354445F6D32800F0BCBB4655
:102AF000B246A946A046F8BD16001500002CD3D159
:102B0000E0E716001500002CCED1EEE7F0B5454603
:102B1000DE4657464E46E0B585B09C4610AB1B7866
:102B2000149F934698460F9C129E139DBB074CD44E
:102B3000002D42D1B44248D201233B4099460E9B1E
:102B4000013B9A46302304E0524601341355A64215
:102B500001D9202CF8D14B46002B00D183E00E9BED
:102B6000013B99463023A54205D82EE04A46013460
:102B70001355AC4229D0202CF8D1FB060CD57B058F
:102B800054D4A64263D0A54261D0119B102B50D0E3
:102B9000022B57D0202C32D1202301930E9B5A4672
:102BA0000093039763460295FFF75AFF05B0F0BC08
:102BB000BB46B246A946A046F0BD01233B4099461C
:102BC00001233B422AD1B442B9D3FB061CD57B0575
:102BD000DBD4002CD5D1119B102B5BD0119B022B89
:102BE0006BD0302301240E9A13704346002B10D172
:102BF0007B073ED52B260E9A631C1655CDE7230086
:102C0000013430260E9AD654202CC5D04346002BD2
:102C1000EED02D260E9A631C1655BEE74346002BB8
:102C20002FD0013DB44200D289E798E7119B102BC9
:102C3000B2D1BB0637D5202CAED058230E9A1355EF
:102C40000134A7E7202CA7D02300013407E0631E3E
:102C5000012CC0D0119A102A31D0022AD1D162267B
:102C60000E9AD65496E7FB06CED57B0500D488E7AE
:102C70008BE723003E0790D520260E9A0133165588
:102C80008BE70C233B405A1E9341ED1AB44200D20D
:102C900055E764E7BB060ED478230E9A022413701E
:102CA00030235370A1E7202C00D175E778230E9ACA
:102CB000135501346EE75823EFE76033EDE70E9AC2
:102CC000A61E91464E44BA0602D55822327098E7A5
:102CD0007822327095E7C04610B5002800D110BDAB
:102CE00001F082FCFBE7C0460B0010B5002802D0C3
:102CF00049681B68984710BDF0B55746DE464E46FA
:102D00004546E0B595B083460F00924698461E9A18
:102D10001F9B10001900209EFFF7FDFC002800D02B
:102D2000EAE11E981F990122C54B5242FFF7D8FCD9
:102D3000002800D014E11E981F990122C14B524275
:102D4000FFF7E4FC002800D0E9E01E981F9900225C
:102D5000BD4BFFF7DBFC002800D0C8E01E981F9990
:102D60000022BA4BFFF7BCFC002800D0BFE01E9841
:102D70001F9900220023FFF7B3FC002800D0E4E0F5
:102D800000230B93229B5B0500D4062600243023EE
:102D900007E0172106AA013452181355013E202CD2
:102DA00001D0092EF5D81E981F99FFF7DDFCA84B1E
:102DB000F2009B181A685B68050008920993FFF7F8
:102DC000BBFC02000B001E981F99FFF726FC089A17
:102DD000099BFFF746FC06900791FFF7E9FC814647
:102DE000FFF7A6FC02000B0006980799FFF715FCF9
:102DF0000022984B06900791FFF788FC002800D12D
:102E00000DE101239C46E1444846FFF791FC020096
:102E10000B0008980999FFF769FC002802D00023ED
:102E200099460135002E00D1D9E006954D46B946A8
:102E300014E006AA944617230A21634428000134AB
:102E40001F19FFF7AFF93031397028000A21013E10
:102E5000FFF7A8F9092D00D817E10500202CE8D1CB
:102E60004F46069D20240CAE06AA172394466344C1
:102E700099465B46B34606930FE04B4628000A216D
:102E80000134E618FFF766F93031280031700A2165
:102E9000FFF760F9051E00D1E4E0202CEDD1069B80
:102EA0005E469B460323229A1340012B18D1219B97
:102EB000002B15D00B9B002B00D1FDE0219B013B8B
:102EC0002193202B0CD93023219A07E0172006A943
:102ED000013409180B55944200D3CCE0202CF5D1D5
:102EE000229B01940393219B0096029322E0229B54
:102EF00052460493219B3900039358461E9B1F9C06
:102F0000029600930194434600F04AF90400200021
:102F100015B0F0BCBB46B246A946A046F0BD229B08
:102F20005B070FD403224C4B229901920391219904
:102F3000009302914346524639005846FFF790FDF0
:102F40000400E4E70422454BEEE71E9A1F9B002095
:102F50000021FFF762FB01231E901F910B9311E7E5
:102F6000229B54469B0711D1219B042B0ED9219BF8
:102F700055469C465E46043C64442A00434601355F
:102F800039002020B047A542F7D1B346344D260082
:102F90002B1F99465B46A3461C003200E878434647
:102FA0003900013DA04701364D45F6D123005C466E
:102FB0009B46229B04349B07A9D55346219AE31ACA
:102FC0009A42A4D95E4615002200434639002020CB
:102FD000B04753460134E31A9D42F5D897E72800DD
:102FE000FFF7AAFB02000B001E981F99FFF715FBC5
:102FF0000022184B06900791FFF772FB0CAE0028D9
:1030000000D031E7069807990022124BFFF77EFBAC
:10301000002800D028E7012301359D4324E7002242
:10302000069807990B4BFFF75BFB002800D0F9E6E9
:103030004B46002B5CD101239C46E144F2E6C0469E
:10304000FFFFEFFFFFFFEF7F65CDCD4165CDCDC128
:10305000C87B00100000E03F9078001088780010D6
:1030600098780010069B5E469B460323229A1340E5
:10307000012B00D181E0202C00D131E70B9B002BEC
:1030800027D02D23335501342AE74F46069D202CA7
:1030900000D1E7E63022331907E0172006A90134F2
:1030A00009180A55202C00D1DCE6A342F5D12E22C6
:1030B0000CAE0134F254D7E60C23229A134257D0B7
:1030C000219B013B2193A34200D9FCE6202C00D197
:1030D00006E7229B5B0703D52B2333550134FFE61C
:1030E000229B1B0700D4FBE6202333550134F7E66F
:1030F000DB0700D496E69EE7229B55469B0711D13D
:10310000219B032B0ED9219B54469C465E46033DD2
:10311000654422004346013439002020B047AC42C8
:10312000F7D1B346B9465F461C4EEC1C2A00B07876
:10313000434649460135B847013EAC42F6D1229B91
:10314000BB464F469B0700D4E1E65346219AE31A5B
:103150009A4200D8DBE65E4615002200434639005D
:103160002020B04753460134E31AAB42F5D3CEE6F4
:10317000219BA34200D9A6E6B2E6219B002B00D1F9
:1031800079E70B9B002B97D0219B013B21939C421D
:1031900000D298E6202C00D073E7A1E694780010C6
:1031A000F0B5DE4657464E464546E0B599B08146F5
:1031B0008B4692469846229A239B10001900FFF7EF
:1031C000AAFA002800D0CAE0229823990122824B53
:1031D0005242FFF79BFA002800D0C0E022982399C2
:1031E00001227E4B5242FFF77BFA002800D0B6E066
:1031F0002298239900220023FFF772FA002800D0BA
:10320000C9E1229B239C089309940898099980237B
:10321000269ADB001A400D928022269C120114404F
:1032200022000B94269C07000E001C4200D0ADE04B
:103230000B00034300D0D5E0002A00D00AE22200B0
:1032400006332493022313400C930223134200D02D
:1032500002E2259B042B00D20FE2043B0B930023D8
:1032600004250A930022229823990023FFF738FAB5
:10327000002800D003E25A4B269A134004930B9B7C
:103280000393249B0293089B099C00930194594645
:10329000434652464846FFF72FFD02002020269B5A
:1032A0001F27034059424B415B421840531C08936F
:1032B000594643464530C8470A9AD317D4185C404C
:1032C000D30F0A936B1E0B9308AB9C4600256744F3
:1032D00001E0202D0FD020000A21FEF763FF013509
:1032E0007E193031317020000A21FEF75BFF260085
:1032F0000400092EEDD8052306930B9B5946059330
:10330000002304930A3303930A9B4846029310ABAD
:103310000093089A43460195FFF7F8FB0C9B002B9E
:103320002DD05346C41A259BA34228D94D465F464B
:1033300081461E00534639001A19202043460134A5
:10334000A847A642F6D8534648462599C21A0132E4
:103350000023914200D386E1013018180FE0269B2C
:103360000493259B0393249B0293229B239C00930D
:1033700001944346524659464846FFF7BDFC19B0F2
:10338000F0BCBB46B246A946A046F0BD01432BD1D6
:103390000B9B2200002B00D154E700230A93249BAF
:1033A0000A9A0024934200DD85E1229823990022A5
:1033B0000023FFF795F9002800D035E1269B084A45
:1033C00002941A408023DB0013430493259B03934C
:1033D000089B099CCBE7C046FFFFEF7FFFFFEFFF95
:1033E000FFF7FFFF06232493B44B70009C46400D6B
:1033F0006044FFF7A1F9B24AB24BFFF732F9B24A83
:10340000B24BFFF70FF93603B14B360B33430400D1
:103410000D00380019000022AE4BFFF7FEF8AE4A4F
:10342000AE4BFFF71EF902000B0020002900FFF74A
:10343000F9F8FFF799F90A90FFF77EF9A84AA94B26
:1034400004000D00FFF70DF90022A74BFFF7EAF883
:10345000FFF78AF9A54A0600A54B20002900FFF7CF
:1034600000F9040030000D000C96FFF765F9A14A41
:10347000A14BFFF7F6F802000B0020002900FFF730
:10348000CCF802000B0006000F00FFF7EAF832004C
:1034900004000D003B0030003900FFF7C3F80022A4
:1034A0000E900F91954B20002900FFF7C0F80022E5
:1034B000934BFFF7B7F802000B0020002900FFF73D
:1034C000B6F800228F4BFFF7ADF802000B0020008A
:1034D0002900FFF7ACF80D008021040032003B000A
:1034E0000020C905FFF799F802000B002000290011
:1034F000FFF798F802000B000E980F99FFF797F866
:103500000022734BFFF78EF87F4B0C9C9C46644463
:1035100000222305FFF7A5F806000F0002000B00AC
:1035200008980999FFF7DCF800280AD00A9B3000B8
:10353000013B39000A930022714BFFF778F806002F
:103540000F000A9A330063323900C62A12D80222C9
:103550002698042510400B9A0C90002A25D1259B13
:10356000042B05D9002800D0A1E0259B043B0B9338
:10357000042541E00222269810400B9A0C90002A64
:1035800012D1259B052B76D9002872D1259B0525C4
:10359000053B0B9334E0802212069446229B08934D
:1035A000239B6344099330E605250B4300D1F6E6DF
:1035B00008980999554A564BFFF7A0F8002808D0FB
:1035C000089809990022534BFFF78AF8002800D089
:1035D000E5E6249B002B1CD00D9B002B19D0249BCF
:1035E000013B2493259BAB4204D90C9B002B5AD062
:1035F00002230C9300230B930A9B002B00D131E68E
:103600000898099932003B00FFF711F808900991DA
:1036100028E6259BAB42EDD90C9B002B43D0002321
:103620000B9302330C93E7E78020269B3A4A00066F
:103630001A40802384460294089C099D2900DB00DF
:1036400013430493259B6144220003930B000092D3
:1036500001938EE60524A8E600230B930A93023318
:1036600004250C93FEE553468C46013B63441B1A2C
:1036700072E602230C930525C2E70423EDE58020C2
:10368000089E099F000639008446269A224B614411
:10369000134004930B9B32000393249B02930B0073
:1036A00000920193F3E5259B5B1B0B93A4E7022398
:1036B00004250C93A0E79C1A013C76E601FCFFFF71
:1036C000FB799F501344D33FB3C8608B288AC63F11
:1036D0000000F03F0000F83F61436F63A787D23FCF
:1036E00071A379094F930A400000E03F1655B5BB1E
:1036F000B16B0240EF39FAFE422EE63F00002C404B
:103700000000244000001840FF0300002D431CEB84
:10371000E2361A3F80842E41FFF7FFFFF0B5DE4608
:1037200057464E464546E0B5A5B01E002E9B924634
:103730000C93CD4ACD4B80468B461A60002900D1B0
:10374000EAE1002330789946002800D1ECE1C84B2B
:103750004C460B93C74B454657460E930AE0631CF5
:10376000984622003B005946A84744463078002836
:1037700000D187E001362528F1D108239A46043B81
:103780009946023B9846013B00229C460D943078B6
:10379000711C0300203BDBB2102B03D80B9C9B0059
:1037A000E3589F460300303B89460D9C092B3AD9CC
:1037B000002398462A2800D1C1E000239A462E28EB
:1037C0004BD00300683BDBB2122B1ED80E999B0036
:1037D000CB589F4663460E001A43D8E743460E0077
:1037E0001A43D4E74B460E001A43D0E710230E00CD
:1037F0001A43CCE753460E001A43C8E780235B0008
:103800001A43FF3B9C467078E1444E4667284FD8E8
:103810002428A4D90300253BDBB2422B9FD896492C
:103820009B00CB589F46002394461E0000E00131C8
:10383000B3009B195B001E180878303E0300303B34
:10384000092BF4D90123624689469C460023B046E1
:103850009A460E00E1442E28B3D1302180204942FF
:103860008C46C000024370784B4684446146092967
:1038700000D86CE12A2800D17AE101239C464E460B
:10388000E1449EE7A146A846BA46CA4503D80123AB
:103890005B425344994653464A4659460020C04726
:1038A000200025B0F0BCBB46B246A946A046F0BDFC
:1038B0000300693BDBB20D930F2B00D94FE70121C9
:1038C00099408C466D49894661464B4619400F9197
:1038D000634649460B4200D028E10D9B0A2B3AD0A3
:1038E000072B00D03BE70C9B190008C98846002B2A
:1038F00000D14BE121200243914614A98C461F229E
:103900000F2162448C4651460D950C91A24615003C
:103910000F9902E020290CD0130064461C402000BF
:103920003730092C00D80738013168541A090F2B99
:10393000F0D80C9B54460D9D9A460F9133E10C9B99
:1039400002CB8846002947DB0C9301239C46707804
:103950004E46E14431E70C9B02CB14935346002BB7
:1039600000D138E19C4608780B000C908C4400286C
:1039700001D100F098FC89466146944603E05A78EC
:103980000133002A01D08B42F9D1494662465B1AC5
:103990000C900F93530500D520E10223180010402E
:1039A0000D90134200D1CBE30D930B1BB1469A4609
:1039B0005E460C9822003B003100A8475346013474
:1039C000185D0028F6D1B3464E460D9B002B00D063
:1039D000C7E1149B0C93C9E60C9301239C4628383D
:1039E00049420243884670784E46E144E5E67078E5
:1039F0006C2800D17FE180235B001A43FF3B9C468B
:103A0000E14402E780239B001A4301239C4670781F
:103A1000E144FAE67078682800D173E180231A4304
:103A20007F3B9C46E144F0E6672800D103E147284C
:103A300000D15AE1452800D15AE1049207214246BB
:103A40000C9B0392073352468B43190002920CC918
:103A50002800009201930C9122003B005946FFF789
:103A60009FFB040082E6C0461D370010641E002044
:103A7000287A00106C7A0010B87A0010419000008B
:103A8000462800D1DBE00492072142460C9B0392BA
:103A9000073352468B43190002920CC9280000924A
:103AA00001930C9122003B005946FFF725F90400D1
:103AB0005CE6631C984622003B0059462520A84737
:103AC000444653E60C9B04330D93631C99469207BE
:103AD00000D422E10C9B2200187859463B00A847ED
:103AE00043464444012B00D885E23300B8462E00FB
:103AF0005F4625004C469946220043460134390072
:103B00002020B047AC42F7D12C00BB4635004746D9
:103B10004E460D9B0C9329E6DB4B307898460023EC
:103B20009946002800D012E60024AEE66F2800D1A6
:103B300088E000D80BE31023782800D1CFE09A4327
:103B40000A239C4600230F930A330D9380E05646C8
:103B5000B1008919490001330E181878303E010070
:103B600030390929F4D9B2461E000133994628E6B6
:103B70000C9B023602CB8A46C9435046C9170840FF
:103B800082460C933078731C99461AE61023100075
:103B9000984311331843814680201300C00003402E
:103BA000024200D1A9E64B460693082305935346EB
:103BB000049310230393002302930F9B220001938D
:103BC0001CAB009359463B002800FEF79FFF43467D
:103BD00004000C93CAE501235B42C3E60F9B5345E7
:103BE00001D953460F930223180010400D90134241
:103BF00000D1B7E10D93D1460B1B9A463300A14487
:103C00002E0022004D460C98B9465F469B4608E0C0
:103C10004B463900541CB0475346185D002877D0F6
:103C200022009542F4D15B46BB464F46A94635007B
:103C30004C461E00C9E680231B011A43FDE62023E3
:103C40001A4320E708239C4600230F9308330D9363
:103C500080231100DB0019401A4200D116E10D2328
:103C60009A431000802302009B001A4014921842CD
:103C700000D0C2E1802302005B001A4091460C9AFA
:103C800004320F92184200D0B7E2430600D59FE1FC
:103C9000030600D419E30C9B1B880993002B00D06A
:103CA000FCE110339843002900D1F7E10023994645
:103CB00043460593534604930D9B069003930023BC
:103CC000D2E0582808D0622867D102239C460023FE
:103CD0000F9302330D93BBE720231A43103B9C46FE
:103CE00000230F9310330D93B2E780231B011A4377
:103CF00020231A43A1E6C0239B001A43F31C9946D4
:103D0000B07882E5C0231A43F31C9946B0787CE56D
:103D100035005E46BB464F4657E64346012B00D86A
:103D200063E1631E43449A463300B9462E005F4662
:103D300055469B46A24622004B46013439002020BE
:103D4000B047AC42F7D135005E46BB464F46A14670
:103D500054460C9B4A46187859463B004444A847B1
:103D6000D7E6A1460F9B984500D832E64444E41AB2
:103D70003300B8462E005F4625004C469946220087
:103D80004346013439002020B047AC42F7D12C0023
:103D9000BB46350047464E461BE680231000DB003D
:103DA00018401A4200D10FE1112118008A430D92E8
:103DB0000D9A802311009B0019408C461A4269D14C
:103DC000802311005B00194089460C9904310F9142
:103DD0001A4200D0CAE113005B0600D5F0E01300E0
:103DE0001B0600D459E20C9B00229B5ED9175A187F
:103DF0004A4092B2D90F0C91002B00D1F9E110008A
:103E000014AA944642461F23149252466344A8467D
:103E100016944D460400B946B2461F00159201E0C3
:103E2000202D0FD020000A21FEF7BCF901357E19A4
:103E30003031317020000A21FEF7B4F92600040069
:103E4000092EEDD8149B4F46A94645469846159B2A
:103E500056469A46169C0D9B069343460593534639
:103E600004930A2303930C9B02934B4601931CABD0
:103E70002200009359463B002800FEF747FE0F9BA7
:103E800004000C9372E4C0465D2A00100C239A4390
:103E90001000E7E607220C9B073393430132944658
:103EA0009C4462460C920CCBD90F0F911100194320
:103EB00000D191E0D91713911291514010911399AB
:103EC0005940119110981199129A139B801A994197
:103ED0001090119114AA00239446424699461492D8
:103EE00052461F336344A846B24616944E46109C71
:103EF000119DB94615921F0001E0202E10D0200020
:103F000029000A220023FEF78BF9013630322B00FC
:103F1000BA550D0022000400002BEED1092AECD87E
:103F2000149B1094119545469846159B4F46B146F3
:103F300056469A46169C0D9B069343460593534658
:103F400004930A2303930F9B02934B4601931CABEC
:103F50002200009359463B002800FEF7D7FD0400DD
:103F6000FFF704FC0F9B984500D8C1E18023DB00DC
:103F70000D9343460F9A1B199B1A994633002E0046
:103F80004D46B9465F469B460C9122004B46013494
:103F900039002020B047AC42F7D143460C99013399
:103FA0000F930B7835000C935E46BB464F46002BB3
:103FB00000D10EE50D9B002B00D1F6E4002319E69D
:103FC0000C9B1B781A0015E710239A430D92EFE61D
:103FD0000C9B1B78099361E6002399460028AAD11F
:103FE000002200231092119374E70C9B2200187892
:103FF00059463B00A8474C468BE50C9AFA3BFF3BE1
:1040000007329A430133994691444B460C93136807
:10401000526815921A4306D1103290430022099239
:10402000002900D081E06122810600D54122D2B270
:104030000A9214AA91460A9A00210A3A1492424618
:104040001792524618925A460991B3461F311E00E4
:104050000F9B4944BA4619941A950024674698461E
:104060008946159D16901B920AE03032D2B24B461B
:1040700001341A55A8454AD0202C4AD006000D001C
:104080003A00002330002900FEF7CAF8D2B2092A0C
:10409000EBD9149B9C466244D2B2E8E761238206C6
:1040A00000D54123DBB20A3B0C93434614A91F22DF
:1040B0008C46159353466244A046B2464C46179729
:1040C000A9461700099D0D9E1490169308E0303301
:1040D000DBB201343B55B5420ED3202C0CD0050089
:1040E00031002800FEF75EF8CBB20929EFD90C9A0F
:1040F00094466344DBB2ECE7159B4D46A14644462B
:104100009846169B564614989A46179FD0E5B74294
:10411000B2D9179B57469846189B5E469A461B9BFA
:1041200009949B461698199C1A9D4346059353463D
:1041300004930D9B0690039300230293099B05E7CC
:104140000F9B984500D914E701330F932DE41023FA
:10415000110099430D91692800D0BAE08023100026
:10416000DB0018401A4200D122E61DE60C9B1B68BA
:10417000DA0F1100002B00D18CE0DA1798185040AC
:1041800014AA914642461F23149252464B44A0461D
:10419000A946169704006546B2461F000C91159279
:1041A00001E0202D0FD020000A21FDF7FBFF013593
:1041B0007E193031317020000A21FDF7F3FF26000F
:1041C0000400092EEDD8149B444698460C9BAC463F
:1041D0001900159B56464D469A46169F0D9B029117
:1041E000069343460593534604930A230393634679
:1041F0003CE6002800D02EE602E60C9B1B689946A0
:10420000002B03D110339843002938D16123820653
:1042100000D54123DBB20A3B0C9343461693534629
:1042200014A91F228C4617932B006244A0464D46CA
:10423000B246189799461700149C0D9E159008E0F9
:104240003033DBB201343B55B5420ED3202C0CD0B9
:10425000050031002800FDF7A5FFCBB20929EFD9F1
:104260000C9A94466344DBB2ECE7169B14944446E4
:104270009846179B56464D469A461598189F4346B2
:104280000593534604930D9B0690039300230293DA
:10429000149BEBE50028A1D172E70C9B1B68D91792
:1042A0005A184A40A6E580231000DB0018409C46BF
:1042B0000F901A420FD00220030013400F931042B8
:1042C00019D00023A1460F934CE50C9B1B68099362
:1042D000E4E40A0034E40223180010400D90134275
:1042E00000D03EE54346002B00D042E6FFF771FBCD
:1042F00001330F937FE463460D93F3E710B50C0091
:1043000084B00394012402A902900093034813008F
:104310006242FFF703FA04B010BDC046E92C00105A
:1043200010B5094A0300146884B0002C08D001229B
:1043300000910648524203A9A047012004B010BDD5
:1043400000F09CF90020F9E7641E0020D92C001031
:1043500000BEFDE710B5FFF7FBFFC04670B5FDF7E7
:10436000D5FD074D074EB54209D20024013E761B0C
:10437000B60808CD984723000134B342F9D170BD87
:10438000547500105C750010030010B50800110092
:104390001B68984710BDC046F0B5C64600B5437DC2
:1043A00007000C001600002B46D0002A17DD0B7802
:1043B0000A2B24D000239846012E13D00125290072
:1043C000635C01350A2B26D0B542F8D1464509DC9D
:1043D000A419013C23780D3B5A4253413B7580BCE4
:1043E000B846F0BD4346E018A419F11A013C3B68F9
:1043F000984723780D3B5A4253413B75EFE7037DC5
:10440000002BD7D102210F483B689847012EDFD0FF
:1044100001239846D2E7631E5B5C0D2BD4D0884500
:1044200004DA4346C91AE0183B6898470221054858
:104430003B68A8469847C7E70368110020009847E3
:10444000CDE7C046187C0010F0B5C6460B680600E4
:104450000C0000B5802B06D05A1C2260E41826718F
:1044600080BCB846F0BD0F4B1D68002D16D00B1D4B
:1044700098460D4F02E02D69002D0FD02B68002BC0
:10448000F9D03B68002B01D0AB42F4D12800414663
:104490002268FFF781FF2D69002DEFD10122002353
:1044A000DBE7C046581A0020601A0020F0B54546E8
:1044B000DE464E465746E0B583B091461C00804626
:1044C0000D00FDF749FA0023304A12184B41002B2A
:1044D00002DA01222E4B52422E4908008A4602F08F
:1044E000FBFF07006B1C03D1404602F085FF05006F
:1044F000002C27D0284E294B1C68002C18D04B4686
:10450000002B21D1264B994602E02469002C0FD0C4
:104510002368002BF9D04B461B68002B01D09C422E
:10452000F3D120002A004146B0472469002CEFD186
:10453000002F26D1280003B0F0BCBB46B246A946E6
:10454000A046F0BD174ED6E7154B99460A239B4669
:1045500002E02469002CEBD02368002BF9D04B46F5
:104560001B68002B01D0A342F3D12A004146200052
:10457000B0476B465A462000DA71D91D0122B04778
:10458000E7E7504602F070FFD4E7C04640420F0014
:10459000FFFFFF7FC810002099430010581A002029
:1045A000601A0020894300100A4A1368002B05D1C5
:1045B0000CE01A001B691032002B07D08342F8D19F
:1045C000002902D118691060196170470029FCD0D8
:1045D0001060FAE7581A002010B500F0ADF900F0AD
:1045E000E9FB012010BDC046F0B5CE46474680B578
:1045F00083B06B460600DD1D2870FDF7ADF9002382
:10460000194A12184B41002B02DA0122174B524271
:1046100017490800884602F05FFF164B81461C6868
:10462000002C14D0144F02E02469002C0FD0236812
:10463000002BF9D03B68002B01D09C42F4D1200024
:1046400001222900FFF7A8FE2469002CEFD14B4678
:10465000002B05D1300003B0C0BCB946B046F0BD58
:10466000404602F001FFF5E740420F00FFFFFF7FE9
:10467000C8100020581A0020601A002070B50400ED
:1046800002F0BAFE01230100050001222000FFF71D
:104690000DFF084B1C68002C06D06368002B05D06A
:1046A00098472469002CF8D1280070BD2469002C9B
:1046B000F3D1F9E7581A0020F0B5CE46474680B549
:1046C000A3B004000D00FDF747F90023274A121894
:1046D0004B41002B02DA0122254B5242254E30007D
:1046E00002F0FAFE00232200019307002B0022486B
:1046F00001A9FFF703FE214B804699461C68019BE8
:10470000002B1AD0002C2FD01D4D02E02469002C64
:104710000FD02368002BF9D02B68002B01D0A342C7
:10472000F4D12000019A02A9FFF736FE2469002C7B
:10473000EFD14B461C6800230193002C06D0636820
:10474000002B0BD098472469002CF8D1002F07D1FB
:10475000404623B0C0BCB946B046F0BD2469ECE782
:10476000300002F081FEF3E70194EFE740420F00D2
:10477000FFFFFF7FC810002049440010581A002096
:10478000601A00200FB400B583B004A901C90191DB
:10479000FFF792FF03B008BC04B01847F0B500293A
:1047A00015DD0E4B0D271A680D4B0E4CD3185D42CC
:1047B0006B41451820215B001E5F0478A64207D09C
:1047C00093691942FCD101301460A842F5D1F0BDC3
:1047D00093691942FCD11760F2E7C046C01F002060
:1047E0000080FCBFBC1F0020204B70B504000D1ED4
:1047F0001E682ADD002010211D4B013C1A689369B8
:10480000194214D1013093691942FCD11368235421
:104810008542F4D1002E08D050239363516B183B8E
:104820000B4014498C4662441360280070BD002E72
:1048300008D050239363516B183B0B400D498C46B5
:10484000624413600028F1D10CE0002E0AD05022FF
:10485000074B1B689A63596B183A0A4005498C4606
:1048600063441A6003204042E0E7C046F01900208C
:10487000C01F002034100000064B10B51B68002B31
:1048800006D00021044A12689163044A10689847D0
:1048900010BDC046F0190020C01F0020F8190020EC
:1048A0000822034B19688B691A42FCD17047C04635
:1048B000C01F0020F8B51A4F1A4B3A680500D318EC
:1048C00058424341184E14331C003368002D02D067
:1048D000002B0FD0F8BD002BFCD0002120009563E9
:1048E000FCF712F920001149FCF76AFA104B356009
:1048F0001D60EFE70E4B200019600C493560FCF796
:104900003BF901212000FCF7FFF850223B689A6335
:10491000596B183A0A4007498C4663441A60D9E734
:10492000C01F00200080FCBFF01900207948001053
:10493000F8190020341000000D4B10B51B780D4BFA
:104940000D4C1B780D4B02211B780D4B0020236072
:10495000FBF7CAFF02210120FBF7C6FFE121206817
:104960004902FDF747F801210648FFF71DFE10BD7B
:10497000C07E0010BC7E0010C01F0020B87E00105A
:1049800000400340701000207047C0460022014BD9
:104990001A707047DB1F00204B790020FF2B0BD1D2
:1049A0008B79002B08D1CB79012B05D1082A03D9AB
:1049B000024B8A7809301A707047C046DB1F00200E
:1049C0000120704710B5012913D11249537910798C
:1049D00009781B0203430020994200D010BD537890
:1049E000012B08D0022BF9D1642200210020FDF711
:1049F000D7F90120F2E7D37891781B021943480ACE
:104A0000DB0501D4012040427F238A05D20F1940E3
:104A1000FDF74EFADB1F002000487047007D0010B4
:104A200070B5050014000120012909D15378002038
:104A3000012B05D1637912791B021343072B00D098
:104A400070BD21002800024A9F3301F055FAF7E7B4
:104A5000587C00100123037000487047387C001018
:104A60004B780A781B0213438A7810B512041A4354
:104A7000CB781B0613439622D200934200D010BD80
:104A80000022012011004042FDF712FA024B18608B
:104A9000024B19607047C046F4190020FC19002031
:104AA00010B5024B1878FCF74DF810BDDC1F002044
:104AB000154B70B51A68002A22D0EFF3108172B638
:104AC00010680028FCD0BFF35F8F00200F4A5960A8
:104AD00010701B68BFF35F8F186081F3108800248B
:104AE00000250B4E3078FCF721F8002804D1002473
:104AF00000252900200070BD3078FCF723F8F8E786
:104B0000FA240025A400ECE7881E0020DD1F002009
:104B1000DC1F002070B5040000200E0001F00AFB2D
:104B2000002834D0002001F01BFB00282FD0FCF718
:104B300013FF0023174A12184B41002B16DB164DAA
:104B4000280002F0C9FC002821D0002001F0F2FA70
:104B500000280FD101200021404200F001FD032474
:104B60006442280002F080FC200070BD01220B4B43
:104B70005242E4E7002001F0F3FA0028EAD02100D5
:104B80003200002001F0F6FA041EEAD1E7E7032420
:104B90006442E9E740420F00B01F0020FFFFFF7FA3
:104BA00010B5FCF7D9FE00230D4A12184B41002B1B
:104BB00002DA01220B4B52420B4C200002F08CFC1B
:104BC00000280CD001200021404200F0C9FC002048
:104BD00001F014FB0028F5D1200002F045FC10BDC7
:104BE00040420F00FFFFFF7FB01F0020F8B5DE46F8
:104BF000574680B505000C00FCF7AEFE0023364A90
:104C000012184B41002B02DA0122344B5242344934
:104C100008008A4602F060FC002803D1C0BCBB46F5
:104C2000B246F8BD002001F085FA00284AD00026DF
:104C3000002C43DD2B4B9B4614E0A919002001F00A
:104C400017FB070001200021404200F089FC0020F2
:104C500001F0D4FAFCF780FE224BF6191860596077
:104C6000B4422BDD002001F023FBA71B0200B84259
:104C700000DD3A00002AE0D101200021404200F08E
:104C80006FFC002001F0BAFA002001F053FA00286E
:104C900014D0002001F00CFB0028E1D1FCF75CFEF1
:104CA0005B460F001A685B68002184460E481218A4
:104CB0004B419F4202D8D3D19445D1D9504602F0FE
:104CC000D3FBABE700200021064B1860596050462B
:104CD00002F0CAFBA2E7C04640420F00FFFFFF7F81
:104CE000B01F00205012002020A1070030B52A4C30
:104CF00085B00021200002F0DFFB00281CD1274BEB
:104D00001A68002A16D0EFF3108172B610680028D6
:104D1000FCD0BFF35F8F01242148596002781B68E3
:104D2000D2B20470BFF35F8F0020186081F3108847
:104D3000002A17D005B030BD01200021404200F00C
:104D40000FFC002001F00CFA0500200002F08CFBA3
:104D5000002DEFD0134B1B68002BEBD0124A1068CC
:104D60009847E7E7FCF7E2FB0400FCF7F5FDFA22C1
:104D70000023920012184B41002B02DA01220B4B48
:104D80005242012102910021019109492000009124
:104D9000FCF7D0FBCEE7C046B01F0020881E0020E5
:104DA000DD1F0020F4190020FC190020FFFFFF7F09
:104DB000B14A0010D02310B51B0684B01C68FCF764
:104DC000B5FBFCF7B1FCA04202D0002004B010BD3E
:104DD000294B002100201B7801F05EFD2748036865
:104DE000002B45D00120FCF72FF9FF23244C254947
:104DF00020701840FBF7C0FE20780121FBF784FEED
:104E00000520FBF7A7FE002824D1082200211E4818
:104E1000FDF718FEFCF78AFB0400FCF79DFDFA2263
:104E20000023920012184B41002B02DA0122174B8B
:104E30005242012102910021019115492000009167
:104E4000FCF778FB0028C0DB12480121FFF7ACFB20
:104E50000120BBE70120FBF725FE0B4B01001800EA
:104E6000FCF754F9002205200B49FBF7AFFEEBE7F6
:104E7000FCF730F9B6E7C046C47E0010B01F002032
:104E8000DC1F0020ED4C0010881E0020FFFFFF7F7C
:104E9000B14A001088100020A14A00100048704755
:104EA0009C7D001000487047487D001010B504003C
:104EB00017480378002B20D0002C06D1154B16483C
:104EC0004380063BFF3B038010BD052C1DD8134BD0
:104ED000A400E05812490123013804E001330A809C
:104EE0000231142B0DD0C25C002AF7D1C022DBB2F4
:104EF0005B00920008481343E5E7112100F01AF81F
:104F0000DAE7CA2304489B00DDE70020DCE7C0465F
:104F1000C41F002009040000301A0020307D00105A
:104F2000321A002010B5024800F0D8F810BDC04673
:104F3000A01E002030B54B1E012900D1A7E0664A13
:104F400011780D092C0030349F2900D9A2E004709B
:104F5000012B00D1BEE00F21147821400C00303429
:104F6000092900D998E04470022B00D1B2E05478AE
:104F70002509290030319F2C00D990E08170032B46
:104F800000D1A7E00F2121400C003034092900D9BD
:104F900087E0C470042B00D19CE094782509290097
:104FA00030319F2C00D97FE00171052B00D191E0B9
:104FB0000F2121400C003034092900D976E04471DA
:104FC000062B00D186E0D4782509290030319F2CAA
:104FD00000D96EE08171072B00D17BE00F212140C9
:104FE0000C003034092966D8C471082B00D171E057
:104FF00014792509290030319F2C5FD80172092BC3
:1050000068D00F2121400C003034092958D844724F
:105010000A2B5FD054792509290030319F2C52D8B2
:1050200081720B2B56D00F2121400C0030340929FE
:105030004BD8C4720C2B4DD09479250929003031FE
:105040009F2C00D9073101730D2B43D00F21214034
:105050000C003034092901D937310C0044730E2B70
:1050600038D0D1790C09220030329F2900D907327B
:1050700082730F2B2ED00F220A4011003731092ADC
:1050800001D830321100C173102B23D0103000230F
:10509000037030BD07345AE737310C0063E707313E
:1050A0006CE737310C0074E707317DE737310C00CE
:1050B00085E707318EE737310C0095E707319DE72B
:1050C00037310C00A3E70731AAE737310C00C4726F
:1050D0000C2BB1D1C018DAE7A01E002010B588B0A3
:1050E00004000D2200216846FDF7ACFC0D220021D2
:1050F00004A8FDF7A7FC4B236A466846137004A971
:105100000D2202F0A9F91521082220006944FDF7BB
:105110009FFC08B010BDC046F8B500F047F90C235D
:10512000194DFF22AB6705201849FBF74FFD184CBE
:10513000402200212000FDF785FC402700230126A6
:105140002121144A66702783A260136063545F3183
:10515000618445396354104A10496360E2602787CF
:10516000A1620B606362E26202F08EF980239B050C
:105170002E64EB6490230A4A0120EA508022094BF6
:105180005202DA64F8BDC046000011504505002007
:10519000641A00208400105000011050800010504C
:1051A00010D001000020115010B501210520FBF79F
:1051B000ABFC10BD10B500220021024800F016F92A
:1051C00010BDC046841A0020044B1970002904D079
:1051D00080219023024A8902D1507047D61F0020B7
:1051E000002011500B785B0602D14B78052B00D0C4
:1051F00070478A78014B1A60FAE7C04600001150E8
:10520000F0B5C646C87800B58007830F1800012B9B
:1052100060D08F780A794B797F213940FC091B02D5
:105220004E001343334D32195201AA1897700127CB
:105230006740577000275B055B0DD7701383D076EE
:10524000B846CA00012C32D02B4FBC468F016244B5
:10525000BC46AC446746BA6047461760002932D066
:10526000264AC90090466246414451603F223F337E
:105270009343022837D0224937190A687F01D3188F
:105280000B602049EF19FA608B422ED8361976014F
:10529000AD19EB7E1C499B064A401343802212063F
:1052A00013436A681360012080BCB846F0BD174FF5
:1052B000BC468F016244BC46AC446746BA6247466E
:1052C0001760002908D1002364012C196360104B7A
:1052D000E360E8E70020E7E70B4AC9009046624632
:1052E00041445162C2E75B00C5E7FCF709FEFA687A
:1052F000CCE7C046641A002084001050040010500F
:105300006C1E0020FF0F1050000010508000105045
:105310000001105010B502F0B7F810BD10B57F2095
:105320000C0020404000E409110000191A00034B52
:105330004001C01800F05AF8012010BD641A002086
:105340007F23180000B5084083B00B4204D14B42C4
:105350004B41084A013393668022C9094000064B3D
:10536000401840010021C018120102F0CDF803B02E
:1053700000BDC04600201150641A00207F22130097
:1053800010B50B400A4200D110BDC9095B005B1883
:1053900004485B01C018002300220349C37002F0D7
:1053A000B3F8F1E7641A0020FFF7FFFF80220A4BF1
:1053B000520410B51A60094B09491A6010000B68B5
:1053C0009843FBD18022002152010648FDF73AFBA9
:1053D0000922054B5A6710BD00E0004000F0004074
:1053E00008C000400000105000001150002310B50C
:1053F000C3820133828283760161040002F054F893
:10540000002804D080219023074A8902D15020002F
:1054100002F072F8002802D00123237710BD20008B
:1054200002F062F8FAE7C046002011507047C0460B
:105430007047C04600207047002070477047C04644
:105440007047C0467047C0467047C046024B587808
:10545000431E9841C0B2704708150020024B1878CF
:105460004007C00F7047C04608150020F0B5D6466B
:105470004F464646C0B52F4B07009A461B780E0094
:10548000FF2B50D1002941D0002154222A48FDF79A
:10549000D9FA0022294C2A4B20001A70FBF71AFE79
:1054A000284B1C60284C2000143CFBF721FE2000F8
:1054B00001F0FAFD254B264D1C60264B002B04D035
:1054C0002800FFF7C7FA244B1860244900248946B6
:1054D0002149002388462A7810E043461B68620170
:1054E0009B18002B12D05B68002B0FD098472A78AE
:1054F0000134E4B2511C2300A14209DBA242ECD8E2
:105500009B1A5B014B445B68002BEFD100200BE042
:105510005346310038001F70FFF7FEFD0028F5D01C
:105520003800FFF741FE0120E0BCBA46B146A8466C
:10553000F0BDC046BC10002008150020001500205A
:10554000D71F00205C150020B4100020601500203B
:10555000D51F0020554A001058130020587E001017
:10556000F0B5DE4657464E464546E0B5C84B91B0CD
:1055700002931B78FF2B00D13EE1C64BC64E9B46E3
:105580005F46C64B0DAC0193C54B009335686A6905
:10559000EFF3108172B61368002BFCD0BFF35F8F5E
:1055A000A9612800210001F0AFFB6A69AB69BFF374
:1055B0005F8F0021116083F31088002800D11BE168
:1055C0006378082BE2D89B00FB589F466368002B4A
:1055D000DCD0A0689847D9E77F222179AF4D0A40F7
:1055E0005300EB189846C8098044404601233030E8
:1055F00005799D430571057903339D430571002AA3
:1056000000D100E14346A74A1B7D1278934200D3A4
:10561000EFE0A54A5B011568ED18002D00D1EBE025
:10562000A36862792078AD69A847AFE79F4A1378ED
:10563000002B00D1E0E01378013BDBB2137013784C
:10564000002BA3D10122954D01212B780420134377
:105650002B703423EA5C8A43EA54EA5C8243EA54BE
:105660000133EA5C8A43EA54EA5C8243EA542378D1
:1056700000209B4600F09EFC602223791A40602A9D
:1056800000D1EFE0402A00D1F5E0DB06DB0E012B74
:1056900000D113E1022B00D1C7E0002B00D0E1E0E4
:1056A000202A00D11CE2002A00D0DBE06379092B1C
:1056B00000D9D7E07E4A9B00D3589F46774D2B7880
:1056C000DB0700D462E7FFF7BFFE5FE7019BDB78F3
:1056D000DB0700D45AE76068FFF7AAFE56E76F4D74
:1056E0002B78DB0700D451E728780007C00FFFF7BD
:1056F000A9FE4BE723786A4999468B46694B6A496C
:1057000098468A4639001A7847460023B046002555
:105710004E46894610E053461B686A019B18002BD1
:1057200000D176E0DB68300098473A780135EDB279
:10573000511C2B008D4244DC9542ECD39B1A5B013B
:105740005B44EFE7237858499946564B8A4698467A
:105750003100BB464E461A7800250023474689464D
:105760000FE053461B686A019B18002B55D0DB687D
:10577000300098473A780135EDB2511C2B008D422C
:1057800007DC9542EDD39B1A009A5B019446634473
:10579000EDE7019D542200212800FDF753F9102266
:1057A000FF214448FDF74EF928002022FF21143044
:1057B0004E465F46FDF746F900F0F2FBFFF740FE6C
:1057C000E4E6364D542200212800FDF73BF9102273
:1057D000FF21281DFDF736F928002022FF21143073
:1057E00046464F46FDF72EF900F0DAFB2379AB7001
:1057F000CCE6501C984213DA11B0F0BCBB46B2465E
:10580000A946A046F0BDA3686279207800F0E6FBC7
:10581000BCE646464F46214DE6E74E465F46CBE79F
:105820001F4D9B1A5B015D19FAE67023217A0B422A
:1058300018D1C80982460F330B405B0098461948BF
:10584000EB1853441B7D00789946834266D2164874
:105850005B01006881469944002A00D15FE14B4614
:10586000002B68D120780021FFF76AFD8021207885
:10587000FFF766FD8AE6104800F09CFB01215846C0
:105880000EAAFFF7CDF8002800D07FE6EAE7C04671
:10589000BC100020B07D001060150020081500200D
:1058A000587E0010D51F002058130020D71F00205D
:1058B000D47D00100C150020214A0010237A0F2BF4
:1058C000D0D8CF4AEB181B791578AB423ED3691C70
:1058D0009942C7DB5D1BCB4B6D01ED18686900F089
:1058E00069FB012158466B690EAA9847002800D031
:1058F0004CE66022150023791D401A42B2D163792B
:105900000A3B012BAED800F055FB63790A2B00D17E
:1059100099E158460EA900F0D9FA37E6431C4B45E9
:1059200000DAF7E04B461B1A5B019946B548814403
:10593000002A00D1F3E04B46586900F03BFB4B4690
:10594000012158465B690EAA98479CE7AE4A5B0165
:105950001568ED18002DC1D184E7A37999466B78BD
:105960009945D6D06B78002B00D033E14B466B7055
:10597000002B00D12BE148460138C0B2FFF792FA64
:10598000002800D17EE143780793022B00D079E113
:105990000122C179B1468B11491113400A403021CF
:1059A00012015B0113432A78A8468A4313432B70E4
:1059B00009239A4682445646BA46C37882781B0227
:1059C0001343C31805938E4B04938E4B08938E4B51
:1059D00009938E4B0A93059BB34200D855E1737827
:1059E00001220B2B03D13378F278F6187378042B4D
:1059F00000D044E1059B00279B1B9BB20693049BB0
:105A00000B921D78002303931BE0099A7B01156814
:105A1000ED18002D00D132E1310058462B69069A6D
:105A200098478446082803D9069A824200D313E196
:105A3000049B01371D78FFB26B1C03979F4200DD6A
:105A40001DE1BD42E1D8039B5D1B089B6D019C4697
:105A50006544E1E76B780CAA0232137058460123C3
:105A60000EA900F049FA91E5E3881A0AD8B20F2A84
:105A700000D9F7E666499300CB589F460EA800F080
:105A80009FFA5846A179FFF795FB02222B78134322
:105A90002B707BE5E388012B00D0E3E608222B780E
:105AA000584693430EA92B7000F010FA6EE50220C1
:105AB00029780CAB9A1C8B068908DB0F01400B433D
:105AC0001380584602230EA900F016FA5EE5E3881B
:105AD000012B00D0C6E608222B7813432B7018E761
:105AE000237A0F2B00D9BDE6EB181D79444B1B78A8
:105AF0009D4228D2444B6D011B685D19002D00D1D9
:105B0000B0E6686900F056FA012158466B690EAAA2
:105B10009847B8E6002A00D0A4E6002399466279A7
:105B20000220130003928343012B15D0002A00D0DA
:105B300098E62B004344534430331B790CAA9B074F
:105B4000DB0F0232BCE75A1CAA4200DA8AE6ED1AE1
:105B50002C4B6D01ED18D4E7E388002B12D1029B8A
:105B60001878039B012B23D0FFF7EAFB4346022161
:105B7000EB18534430331A790A4301211A711A7908
:105B80000A431A714B46002B00D1FFE4586900F01C
:105B900011FA4B4601215B690EAA5846984700202E
:105BA00000F008FA3523EB5CDB0700D5EEE4B0E645
:105BB000FFF7E4FB43460221EB18534430331A79D4
:105BC0008A431A711A7903998A431A71DAE7FFF73F
:105BD00037FC9EE600215846FFF7F6FA5846FFF7D5
:105BE00099FBAB78074903930491054B0649984606
:105BF0001A780591002329001D008A461BE0C04643
:105C0000D51F0020587E0010581300201C150020BE
:105C1000FC7D0010059B6A011B689B18002B4DD072
:105C2000DB685846984743461A780135EDB2511C57
:105C30002B008D422EDC9542ECD39B1A049A5B011B
:105C400094466344ECE70CAB9A1C584601230EA91A
:105C5000157000F051F999E40B9A012A4FD0002AEF
:105C60003CD00023B07804E00133DBB20F719342E3
:105C700034D2C118C9B241440D79FF2DF4D04E463B
:105C80004546574600236B70ECE54E465746FFF7F6
:105C9000D5FB3EE65546542200212800FCF7D2FEF3
:105CA0001022FF21281DFCF7CDFE28002022FF2115
:105CB0001430FCF7C7FE039BAB7057E65546FAE776
:105CC000FEF7AAFE021E00D1CCE5D37891781B0224
:105CD0000B4358460EA900F00FF9D4E565463B008A
:105CE0002A0031000A9800F07FFEAC46049B039A1C
:105CF0001B7866440133934200DB6CE6BFE7174B29
:105D000029699942ADD1079AABE7FFF793FB021ED1
:105D100000D1A7E5584613780EA900F0EDF8B2E5DA
:105D20002189FFF7C3F8021EF4D19BE5022A0FD0A8
:105D3000FFF782FB021EC8D194E5FFF7AFF8021E01
:105D400000D18FE5122358460EA900F0D5F89AE548
:105D5000FFF7A8F8021EB8D184E5C046B163001071
:105D6000F8B557464E46DE4645460C00E0B51600EF
:105D70001F00002A3CD0702398461E4B00259B46EE
:105D80001D4B9A461AE05B461B7820009946534605
:105D9000997800F0EBFD00281CD021004846FFF761
:105DA0002FFA002816D0A378DA09012A19D00A9A06
:105DB000013513702378E418B54219DA6378052B9E
:105DC00008D1E3789B079B0FBB4203D14246A378DF
:105DD0001A42D8D00020F0BCBB46B246A946A04625
:105DE000F8BD0B9A013513702378E418B542E5DB52
:105DF0000120F0E7BC10002008150020702270B5CB
:105E00008B780C001A4201D0002070BD064B200098
:105E10001D78064B997800F0A9FD0028F4D02100E8
:105E20002800FFF7EDF9F0E7BC100020081500206E
:105E30000B007F2010B51840DB0934334000044AC2
:105E4000C018044B1168C01800F04CFD10BDC046CE
:105E50005C150020081500200B007F2010B51840AD
:105E6000DB0934334000044AC018044B1168C018E1
:105E700000F060FD10BDC0465C1500200815002034
:105E800070B57F240F480C4064000419CD096419D3
:105E900030342079C00701D5002070BD0126257956
:105EA0000948354300782571FFF738FA0028F4D106
:105EB000012223799343237123790332934323717E
:105EC000EAE7C04608150020BC10002070B5094C58
:105ED0000600082220000D00FCF7BAFD00238021F7
:105EE000E360A3602B783000994300220023FFF782
:105EF000C7FF70BDE8140020F8B5CE46474690466F
:105F0000254E80B58146082230000D001F00FCF7A9
:105F10009FFD4346B3600023F381EC79AB79240203
:105F20001C43231CBC4200D93B1C9FB2B381002CF4
:105F30000DD0002F17D04246002A2BD0402F1BD85F
:105F40009FB233787F2B1CD80021144A0FE08021A8
:105F50002B780022994348460023FFF791FFC0BCED
:105F6000B946B046F8BD7F230022317899433B0003
:105F70004846FFF785FFF2E740239FB233787F2B37
:105F8000E2D9064C3A0041462000FCF761FD802131
:105F90002200ECE70020E2E7E8140020A81400202B
:105FA00010B5142200210248FCF74CFD10BDC0467C
:105FB000E8140020014B18617047C046E814002027
:105FC00010B5054C010008222000FCF741FD00231C
:105FD000A360E36010BDC046E814002070B5384CE3
:105FE0001D0023780600DA09C9098A4210D0002072
:105FF000002D00D070BD21003000FFF7F3F82369B9
:10600000002B03D022000321300098470120F1E744
:106010007F2B06D8A068002834D02A002949FCF735
:1060200017FDE289A1685219E38892B24919E28109
:10603000A160934214D03F2D12D9A389981A051C50
:1060400080B240282AD82078ADB27F2828D80021F5
:106050009A4232D01B4A2B003000FFF711FFC9E7EC
:106060002369002B05D02200022130009847002828
:106070000AD0802123780022994330000023FFF7C3
:10608000FFFEB7E70020B5E700213000FFF758F921
:1060900030008021FFF754F90120ABE74025D2E71B
:1060A0009A4207D0074C2A002000FCF7D1FC80213F
:1060B0002200D0E780210022CDE70022CBE7C046B6
:1060C000E8140020A814002070B50400FFF7BEF902
:1060D000002800D170BDFFF7C1F90028FAD1C8230C
:1060E0006343124DEE18F1780029F3D010335D1997
:1060F000280000F0F3FD3F28ECD90020F178FFF7ED
:1061000097FE0028E6D0280000F0E8FDF1783F284F
:1061100007D9074BE201D21800204023FFF7B0FE59
:10612000D8E70020FFF798FED4E7C046E013002030
:106130005C13002010B50400FFF788F9002801D196
:10614000002010BDFFF78AF90028F9D1C822624368
:10615000024B01309B181B791840F2E7E013002036
:10616000C82310B543430248181800F099FD10BD2C
:10617000F0130020F8B5C824802344431C4F10348A
:1061800005003C195B029A4200D31A4A200092B2E1
:1061900000F008FE0600FFF759F9002801D1300091
:1061A000F8BDFFF75BF90028F9D1C8236B43FF184E
:1061B000FB78002BF3D0200000F090FD3F28EED9B3
:1061C0000020F978FFF734FE0028E8D0200000F026
:1061D00085FDF9783F2807D9074BEA01D21800203E
:1061E0004023FFF74DFEDAE70020FFF735FED6E744
:1061F000E0130020FFFF00005C130020F8B504004E
:10620000FFF724F9002801D10020F8BDFFF726F997
:106210000028F9D1C82565432E00134F2436F619FE
:10622000300000F03DFD0028EED07F190020B97845
:10623000FFF7FEFD0028E7D00C4DE40165192900A9
:106240004022300000F0AEFDB978041E08D00300F3
:106250002A000020FFF714FE0028D5D02000D4E744
:106260000020FFF7F9FDCFE7E01300209C1300208A
:1062700070B5C82444430C4B0500E41880235B022E
:106280009A4200D3094A200092B200F051FE060063
:10629000200000F005FD3F2801D8300070BD280027
:1062A000FFF7ACFFF9E7C04604140020FFFF000031
:1062B000C82310B543430248181800F00FFD10BD65
:1062C00004140020F0B50025184C83B0C82200212A
:1062D0002000FCF7B7FB164B21001D70FF236371F4
:1062E000E1235B02A360200008234022A37338311E
:1062F0000095073B103000F09DFC27000123210092
:1063000020002600402278310093B837243000F076
:1063100091FCC0363800FAF7DDFE3000FAF7DAFEFD
:10632000E56127622663656303B0F0BDE0130020DA
:10633000DC1300200A4A116B136A00290CD0002BD1
:1063400007D00023D361536313630023136201203A
:10635000704753631363FAE7002BF8D0D161F4E779
:10636000E013002070B50F4C052200212000FCF73F
:1063700069FB0D4D2B78DA0707D50C4C9B070CD524
:106380000121200000F0B0FE70BD2000103000F0B0
:106390008BFE2B78054C9B07F2D4200000F084FE86
:1063A000EEE7C046E0130020DC13002004140020B8
:1063B000F0B54B79060083B0022B02D18B79022B0A
:1063C00003D00025280003B0F0BD204FBB78002B80
:1063D000F7D18B7809253B700C780C196378242B46
:1063E00007D00CE02378E4185D196378ADB2242B54
:1063F00005D19542F6D90020FFF766FEE2E71A00C4
:10640000052B15D0042AF6D163790A2BF3D1104B52
:10641000277801930133009330000223E119023AF7
:10642000FFF79EFC0028CCD00E35ED19ADB2E2E7A7
:1064300021003000FFF7E2FC0028C2D0A3787B7077
:1064400023785D19E4186278ADB2DBE7E013002031
:10645000E2130020F8B56023140012780500134001
:106460000020202B07D1304A6379277916781B0248
:106470003B439E4200D0F8BD6378222B1AD007D848
:10648000202B34D0212BF6D101293ED00120F2E778
:10649000232BF0D1012940D00329F7D1234B002B26
:1064A000F4D0E178A37809020020194300E000BF8E
:1064B0000120E0E7012930D00329E7D101252E0092
:1064C000A378E478023924021C4314712640243254
:1064D0001000714000F008FE154B002BD6D062086A
:1064E000002031002A4000E000BF0120C3E701295D
:1064F0000BD00329CAD10F4B002BC7D00832002084
:106500001100FEF7ADFA0120B5E7072321002800AE
:10651000094AFFF7F1FC0120ADE721002800FFF751
:10652000D5FC0120A7E7C046E013002000000000D2
:1065300000000000614A0010E8130020F0B54F464B
:106540004646D646C0B5364D8046EA780C001F0058
:106550008A423CD0AB788B4210D00020E0BCBA46D7
:10656000B146A846F0BD2F4B002B04D02E4800F0BA
:10657000ADFB002851D00020FFF7A6FDAB78A34269
:1065800001D00120EAE7294B002B02D0002000E0D7
:1065900000BF0020FFF732FE0028F2D1244C20007B
:1065A00000F07EFB0028ECD1002FEAD0BF06E8D136
:1065B000243C4046A178FFF73BFC0028E1D00023B3
:1065C00000224046A178FFF75BFC0120C6E79AB2A3
:1065D00010239A46174EAA443100504600F0A8FCFA
:1065E000154B002BBFD06B79FF2BBCD0002FBAD03E
:1065F000F219914603E001364E45B4D06B793278FA
:106600009A42F8D1504600F061FB0028F3D153467E
:10661000103B597900E000BFEDE700E000BFAAE7BA
:10662000E013002000000000F01300200000000034
:10663000041400205C130020000000009322F0B539
:10664000134C85B0002120009200FCF7FBF92300D9
:106650002000802640270F4D4D337600FF33293030
:106660000295009300220023002103970196FF303A
:1066700000F0D4F94035201D2834002301220021E8
:10668000039702950196009400F0C8F905B0F0BD9B
:10669000A41600202416002010B5054C200000F0A0
:1066A000F3F920002538FF3800F0EEF9012010BD85
:1066B000CC17002070B5084C002520003130FF3089
:1066C000257000F0F1FC20000C3000F0EDFC2A23D6
:1066D000FF33E554657170BDA4160020F8B5574628
:1066E0004546DE464E46E0B54B7980460F00FF2B0F
:1066F0005BD1404B99462A234946FF33CB5C002BA4
:1067000053D14E79002E50D1BB783C780B703B7939
:106710003C19002B46D098235B004B449A460C232F
:106720004B449B46A51803E0AC423BD22378E418C7
:106730006378052BF8D1AC4234D221004046FFF7F4
:106740005DFB002831D0A3780136F6B2DB09012BBE
:1067500032D0504600F0A8FC2A234946A278FF33E5
:10676000CA54637922791B021343234A5B0594467A
:106770005B0D942163445A4253414A46022049002A
:10678000525C5B00824313434A4653545146404691
:10679000083900F0E3F9002807D02378E4183B79A2
:1067A000B342C5D8E01B80B200E00020F0BCBB467D
:1067B000B246A946A046F8BD584600F075FC5A46B8
:1067C000A3780C3A5371637921791B020B430A4970
:1067D0005B058C465B0D634459424B4102201179A5
:1067E0005B0081430B43594600200839137100F0C8
:1067F00081F9D2E7A416002000FEFFFFF8B52A2594
:1068000006001F48FF35455D1F008D4215D04379B6
:106810008B4201D00020F8BD1A4B002B04D0390464
:106820000020090C00E000BF174C3000210000F0F0
:1068300061F900281DD00120EDE79A235B00C35ABF
:10684000002B0DD1114B002B04D000201049BAB2FF
:1068500000E000BF30000F4900F080F90120DAE7C6
:1068600096235B00C1583130BAB2FF3000F060FBB4
:10687000E8E73A002100300000F008F90120CAE7FB
:10688000A416002000000000A81600200000000050
:1068900024160020CC17002000B5030083B0002987
:1068A00010D00020012B07D80A78002A04D00C4809
:1068B000C2540120012A01D003B000BD1800FEF728
:1068C000D5FDF9E701236A46002001A99380FEF770
:1068D000CDFD0028F0D00122014B1A70ECE7C04634
:1068E000FC140020037870B5DB0704000E00DD0FF8
:1068F000002B17D103785B0701D5280070BD01215B
:106900003000494200F0E0FD2378DB07DD0F002B6B
:106910000AD123785B0708D4042223780125134386
:10692000237002E00025E8E70025300000F09CFD20
:10693000E3E7C04670B50C00012106004942200083
:1069400000F0C2FD33785B07DD0F002B04DB200075
:1069500000F08AFD280070BD3378DB0704D40422E0
:10696000337893433370F2E70025F0E743790279F7
:106970001B021343C2785B0592075B0D920F022A3C
:106980001DD0032A0CD00020012A08D102394A4226
:106990005141124A9446614499424041C0B2704705
:1069A00002394A1E91410E4A494211408022D200CA
:1069B00094460020614499424041C0B2EFE7022969
:1069C00005D0002040229A424041C0B2E7E7054A84
:1069D000981843425841C0B2E1E7C046FF030000A7
:1069E00040FCFFFF00FEFFFF8A1870B5914207D2FE
:1069F0007F264C78052C04D00C7809198A42F8D8E7
:106A000070BD34008D782C4064000419ED09635585
:106A10000C7809198A42ECD8F2E7C046F0B5C646B0
:106A200000B582B0150008AA40CA040017886A465B
:106A3000928D012090460A00217802408143200077
:106A4000114321703A00009331000123083000F017
:106A5000F1F8002E01D0002F08D10A9B01206360BD
:106A60004346638002B080BCB846F0BD26001C36A9
:106A70003000FAF72FFB0023002D01D03300002651
:106A80006361A661E9E7C04601207047F8B50224BA
:106A90000B7807001C4063425C41144B64421C406D
:106AA000134B08009C4608300D001600644400F0AB
:106AB000F7F8002807D1002E05D0344203D1012475
:106AC0002B781C4201D00020F8BD38006978FFF710
:106AD000AFF90028F7D02B781C42F4D10023002214
:106AE00038006978FFF7CCF9EEE7C04640FEFFFFBB
:106AF000FF010000F8B50D000835060028000C0065
:106B000000F0CEF8002803D0012723781F4201D0DF
:106B10000020F8BD30006178FFF78AF90028F7D02F
:106B200028006288616800F03DF9237805001F4065
:106B300000280BD0002FEBD1030062683000617891
:106B4000FFF79EF90028E3D02800E2E7002FDFD10D
:106B500030006178FFF780F9DAE7C046F8B5CE4635
:106B6000474680B58A8906000C000B78002A07D1B9
:106B700001251D4240D00020C0BCB946B046F8BD3A
:106B80009B0733D42A4B4025994627000837380005
:106B900000F0A4F88542EED80122237890461A42EC
:106BA000E9D130006178FFF743F90028E3D03800DD
:106BB00000F094F8424623781A40854231D8002AE2
:106BC000D9D14A46638802401D1C934200D9151C46
:106BD000ADB200226178002D00D062682B00300039
:106BE000FFF74EF90028C6D02800C5E7FE23802510
:106BF0001B029946AD00C8E74978FFF719F900284C
:106C0000B9D023781D42B6D1638800226178002B69
:106C100000D062683000FFF733F90028ABD06088FD
:106C2000AAE7002AA7D130006178FFF715F9A2E79B
:106C3000C0FF0000F0B5C64600B504006846057EFA
:106C40008020884617001E000002824226D8E06895
:106C5000002803D00121494200F036FC20690028B9
:106C600003D00121494200F02FFC43462360730406
:106C70005B0CED031D430023E0686381A780E58082
:106C80002381002801D000F0EFFB2069002801D00B
:106C900000F0EAFB012080BCB846F0BD0020FAE716
:106CA00010B5048941898288A3B288B28C4207D387
:106CB0001B1A9BB2101C9A4200D9181C80B210BD3E
:106CC0005100091A5B189BB2F4E7C046038940895A
:106CD000181A43425841C0B27047C04610B50489E3
:106CE00041898288A3B288B28C4207D31B1A9BB217
:106CF00000209A4201D9D21A90B210BD5100091A4F
:106D00005B189BB2F4E7C04670B5040000690E0042
:106D1000002803D00121494200F0D6FB2589608973
:106D2000A288A9B283B2854232D3CD1AADB2002D6A
:106D300028D0AA4208D291422FD3891A8BB26381FC
:106D40009A4203D89B1A9BB29A42FBD9E2882168E7
:106D50005204520C53433000C918FBF779FE638983
:106D60000125591C89B2A2888B420DD900215200FD
:106D7000891A89B220696181002801D000F074FB72
:106D8000280070BD618989B252009142F2DBEFE7C1
:106D90005500ED1A4D19ADB2C9E789188BB2638160
:106DA000CEE7C046F0B546464F46D646C0B50600CB
:106DB000006989469046002803D00121494200F02D
:106DC00083FB31897289B5888BB294B2914254D3D6
:106DD0001F1BBFB2002F4AD0BD4205D2AB4251D2D9
:106DE0005B199CB22F0074814346B8453DD89FB2D1
:106DF000A54203D8641BA4B2A542FBD9F28831682E
:106E00005204520C904662432B1B9BB28918424697
:106E10009F4225D953439BB21A0048469A46FBF736
:106E200017FE434648467D1B64195C433168504455
:106E3000A2B2FBF70DFE7189B588CB199BB26A002F
:106E4000994216D99B1A9BB230697381002801D0F0
:106E500000F00AFB3800E0BCBA46B146A846F0BDD7
:106E600048467A43FBF7F4FDE5E73B1CBFE773892F
:106E70009BB26A009342E7DBE4E76F003F1BDF1938
:106E8000BFB2A7E75B1B9CB2ACE7C046F8B50400F5
:106E9000C0680E00002803D00121494200F014FB15
:106EA000258920896189A288ADB283B28FB28842D8
:106EB00029D3DB1B9BB29A4209D8E779FF0906D197
:106EC000E068002801D000F0CFFA3800F8BD2B00B0
:106ED00095421DD39B1A9BB29342FBD2E288206855
:106EE0005204520C53433100C018FBF7B1FD6B1C28
:106EF0009BB2A2889D4217D9002352009B1A9BB2D5
:106F000001272381DCE75100C91B5B189BB2D2E744
:106F1000E28820685204520C53433100C018FBF73A
:106F200097FD0135A288ABB252009342E8DBE5E75A
:106F3000F0B54E465746DE464546E0B58946060062
:106F4000170083B0002A67D0C068002803D0012151
:106F5000494200F0B9FA3389F2799BB298467389B5
:106F6000B5889BB2D20940D198455ED26A00D31A47
:106F700043449BB2AB425DD2EB1A1A1C9BB2BB429C
:106F800000D93A1C97B27B1B9BB20193F3885B0438
:106F90005B0C9A464346DB199BB29B464446A84588
:106FA00003D3641BA4B2AC42FBD2534663433068A4
:106FB0002D1BADB2C018BD424BD3524649467A4351
:106FC000FBF746FDB3885B00D84501D89B4503DB42
:106FD0005A46D31A9BB29B465B463D003381F0680C
:106FE00000281AD000F040FA17E0F2885204520C40
:106FF0009246AF4220D298454DD34246D21A92B221
:107000006900781B80B2D21901908A4233DA434674
:10701000FB189BB29B46C1E70025280003B0F0BCDB
:10702000BB46B246A946A046F0BD4246D31A9BB223
:10703000AB42A1D30025D2E7002DD0D07F1B574310
:1070400098465A19002392B2B94493462F000193EF
:10705000A4E753465D43ADB22A004946FBF7F8FC6E
:10706000019B2900E21853465A43306892B24944C2
:10707000FBF7EEFCA6E75A1992B29346D21B92B2E6
:10708000904693420CD94346591A8BB29846FB1846
:107090009BB29B4682E76900CA1A424492B2B0E7AB
:1070A000914200DD7AE7EEE710B50400C0680028E1
:1070B00003D00121494200F007FA2069002803D0DB
:1070C0000121494200F000FA0023E0686381238136
:1070D000002801D000F0C8F92069002801D000F094
:1070E000C3F9012010BDC04670B50400C0680D0092
:1070F000002803D00121494200F0E6F92069002868
:1071000003D00121494200F0DFF97F21E379ED014D
:107110001940E0682943E171002801D000F0A4F98A
:107120002069002801D000F09FF9012070BDC04601
:10713000F0B5DE4657464E464546E0B5070083B0FB
:107140000CA80192027800203C689B46E0666160D2
:1071500001219146E166002B34DD5A1E90468022C3
:107160005200944680264025616F1029FCD00021F2
:10717000002801D13979890240451DD0624611436A
:107180002161A159616B0D420BD00120636D40421A
:107190004B463B7103B0F0BCBB46B246A946A04685
:1071A000F0BDA16F0029ECD02169019B1954013079
:1071B0008345EDD03C68D7E74B4601225A40530245
:1071C0001943DBE70020E3E7F0B5DE4657464E46BD
:1071D000454690460022E0B585B01E000EAB1B78F8
:1071E00007009B460368DA6601325960DA66002EB2
:1071F00060DD027959469202924601224A405202CB
:107200009446802291465A46802403926246BB46A9
:10721000002010214746B446751EA4000192421B6F
:10722000160072427241019E5242164002963E5C26
:10723000B0465646424616433200029E16431E6131
:10724000019E5A6B1142FCD04A469A5801969246CA
:10725000002A0AD1A84228D0002201309246844553
:10726000DDD1039B5F469B4616E05A6D0122904696
:107270005A6B2242FCD01A6E42460196002AEBD08D
:10728000039B5F469B465346002B15D05346DB07B6
:1072900012D453461B070FD55B463B7105B0F0BCBB
:1072A000BB46B246A946A046F0BD039A002AD3D1F8
:1072B0009046DDE70020EFE701204042ECE7C046C2
:1072C000F8B5DE4657464E4645468346E0B50520AE
:1072D0000C00FAF70DFD0600600821008019FAF78E
:1072E00061FF430098468044070005214046FAF7B5
:1072F00059FF3B1A9A461E4B8146700080199C42EA
:1073000031D81C49FAF74EFF451C5B461C68002328
:10731000E366226804335A4002331340802252014C
:10732000A21813605346E3614B4623624346012093
:107330004F2B03D950214046FAF734FFA023E050E9
:10734000E36F39005D400C4B2D042D0CE3181D60DC
:1073500001233000E366FAF725FFF0BCBB46B246D6
:10736000A946A046F8BD0549FAF71CFF451CCCE725
:107370003F420F00809698007C10000040787D010D
:107380000F4A70B5821A531E9A410E4BD200083232
:107390001A600D4B0D4C1A60150023689D432B1E7F
:1073A000FAD166240268FF340571D5661460633C27
:1073B0008833FF3CD5639563D450FFF781FF70BDE0
:1073C000C010002000E0004000F0004008C0004075
:1073D00010B582B06C46247C0094FFF7F5FE02B035
:1073E00010BDC04610B582B06C46247C0094FFF7F7
:1073F0009FFE02B010BDC04610B583070AD003003F
:10740000032102E001330B4205D01A78002AF9D19A
:10741000181A10BD030019680C4A0D4C8A188A43CB
:1074200022420FD15968094A04338A188A432242FA
:1074300008D15968054A04338A188A432242F1D098
:1074400000E001331A78002AFBD1E1E7FFFEFEFEDF
:1074500080808080F8B5C04601B40248844601BCF3
:10746000604700BF0103002001B40248844601BC0C
:10747000604700BF2502002001B40248844601BCD9
:10748000604700BF5D0F002001B40248844601BC84
:10749000604700BF3D04002001B40248844601BC9F
:1074A000604700BF5D0F002001B40248844601BC64
:1074B000604700BF190C002001B40248844601BC9B
:1074C000604700BFC100002001B40248844601BCEF
:1074D000604700BF9901002001B40248844601BC06
:1074E000604700BF0101002001B40248844601BC8E
:1074F000604700BFD10C002001B40248844601BCA3
:10750000604700BF410C002001B40248844601BC22
:10751000604700BF810C0020351F0010611F001064
:1075200045210010352A0010CD270010D929001060
:107530006D2000107D1F00109D1F0010B11F001056
:1075400085100010B91F001051140010FD1E00100E
:0C755000E50A0010254F0010B1020010E9
:107560003520736572766F7320286465646F7329A4
:10757000000000003220736572766F7320287075EA
:107580006C6761722B696E64696365290000000095
:10759000636572726172000061627269720000005C
:1075A00053797374656D20436C6F636B204672650D
:1075B0007175656E637920697320256420487A0AA5
:1075C0000000000055534220436C6F636B204672ED
:1075D000657175656E637920697320256420487A2A
:1075E0000A000000536572766F2050574D20737467
:1075F0006172746564206F6E202575206368616E0A
:107600006E656C7320617420257520487A0A00002D
:107610004144533131313520696E697469616C6957
:107620007A6564206F6E20493243302028475049E4
:107630004F2025643D5344412C2025643D53434C49
:107640002920617420616464726573732030782529
:107650003032580A000000004D55582073656C65A3
:1076600063742070696E733A2053303D25642C207A
:1076700053313D25642C2053323D25640A0000001F
:107680004D6F646F2061637475616C3A2025730AD5
:107690000000000043616E616C6573204D555820F9
:1076A0002D3E20414453313131352041494E303A4D
:1076B00020303D457863697461722C20313D486FFC
:1076C000726172696F204D756E6563612C20323D69
:1076D000416E7469686F726172696F204D756E6575
:1076E00063612C20333D43616D62696F204D6F648F
:1076F0006F00000043616D62696F206465206D6FEB
:10770000646F3A2025730A004D756E6563612067CA
:1077100069726F20686F726172696F3A2070756C60
:10772000736F2025752075730A0000004D756E6516
:107730006361206769726F20616E7469686F72613E
:1077400072696F3A2070756C736F202575207573A0
:107750000A0000004D6F646F203520736572766FEC
:10776000733A20454D473D2575202D3E2025730A4F
:10777000000000004D6F646F203220736572766FD9
:1077800073202870756C6761722B696E646963651C
:10779000293A20454D473D2575202D3E2025730A69
:1077A000000000004144533131313520726561647D
:1077B000206572726F7200000A2A2A2A2050414EF8
:1077C0004943202A2A2A0A004E6F207370696E6C82
:1077D0006F636B732061726520617661696C6162B1
:1077E0006C6500004E6F20757365722049525173AD
:1077F0002061726520617661696C61626C65000070
:10780000486172647761726520616C61726D2025D8
:107810006420616C726561647920636C61696D6577
:1078200064000000486172642061737365727400C3
:107830006D697373696E6720646F75626C6520662D
:10784000756E6374696F6E0052656C656173650077
:10785000626F6F74325F77323571303830000000FC
:10786000302E3100322E322E300000007069636FEE
:107870005F77000041706F6C6F0000004A756C20EC
:107880002038203230323600666E692B000000004E
:10789000666E69006E616E00666E692D0000000004
:1078A0005541525420737464696E0000554152541E
:1078B000207374646F75740055415254207374645E
:1078C000696E202F207374646F75740055534220C5
:1078D000737464696E202F207374646F7574000074
:1078E0005261737062657272792050690000000005
:1078F0005069636F00000000426F6172642043446E
:10790000430000005265736574000000556E6861A5
:107910006E646C65642049525120307825780A00E5
:10792000657020253032582077617320616C726554
:1079300061647920617661696C61626C6500000048
:1079400043616E277420636F6E74696E756520786D
:10795000666572206F6E20696E616374697665205A
:10796000657020253032580000000000F40100004E
:10797000E6050000C409000002000000F401000058
:10798000E6050000C409000004000000F401000046
:10799000E6050000C409000006000000F401000034
:1079A000E6050000C409000008000000F401000022
:1079B000E6050000C40900000A000000F401000010
:1079C000E6050000C409000006005250D3F07542DD
:1079D0004878001006005250E182887F50780010ED
:1079E000060052503ABCA9116078001006005250AF
:1079F000ABB360536478001006005250BBFF3CB636
:107A00006C78001006005250861C03027478001037
:107A1000060052505422A29D7C780010050052505E
:107A2000DE65F468D88E0010F4370010A43700101B
:107A3000A4370010EC370010A4370010A437001052
:107A4000A4370010A4370010A4370010A43700108A
:107A5000A4370010E4370010A4370010DC37001002
:107A6000A4370010A4370010D4370010143A0010C7
:107A70000A380010043A00100A380010EE390010DD
:107A80000A3800100A3800100A3800100A380010AE
:107A90000A3800100A3800100A380010FC370010AD
:107AA0000A3800100A3800100A3800100A3800108E
:107AB0000A380010FC370010B23A00105E37001090
:107AC0005E3700105E3700105E3700105E37001022
:107AD0005E3700105E3700105E3700105E37001012
:107AE0005E3700105E3700105E3700105E37001002
:107AF0005E3700105E3700105E3700105E370010F2
:107B00005E3700105E3700105E3700105E370010E1
:107B10005E3700105E3700105E3700105E370010D1
:107B20005E3700105E3700105E3700105E370010C1
:107B30005E3700105E370010283A0010803A0010BF
:107B4000283A00105E3700105E3700105E370010D4
:107B50005E3700105E3700105E3700105E37001091
:107B60005E3700105E3700105E3700105E37001081
:107B70005E3700105E3700105E3700105E37001071
:107B80005E370010C23C00105E3700105E370010F8
:107B90005E3700105E3700105E3700105E37001051
:107BA0005E3700105E3700105E370010C23C0010D8
:107BB000C43A0010C23C0010283A0010803A00106D
:107BC000283A001000000000000000000000F03F14
:107BD00000000000000024400000000000005940A8
:107BE0000000000000408F40000000000088C340FB
:107BF00000000000006AF8400000000080842E4170
:107C000000000000D01263410000000084D79741BB
:107C10000000000065CDCD410D0A00000600525065
:107C200053B4F4A1B87800100800525012000000BC
:107C30000800525092100000000000008949001016
:107C4000000000008D49001099490010C54900103E
:107C5000C1490010000000000A00000000000306F7
:107C6000A6000800020002009C001400030057490F
:107C70004E5553420000000000000000000080004C
:107C800004000100280044006500760069006300DC
:107C9000650049006E0074006500720066006100B6
:107CA00063006500470055004900440000004E0095
:107CB0007B00620063003700330039003800630046
:107CC00031002D0037003300630064002D003400C4
:107CD0006300620037002D00390038006200380070
:107CE0002D00390031003300610038006600630068
:107CF000610037006200660036007D000000000071
:107D0000050F2100011C100500DF60DDD88945C783
:107D10004C9CD2659D9E648A9F00000306A60001CC
:107D2000000000000600525053B4F4A1CC780010BB
:107D300000000000E0780010F0780010C41F002060
:107D4000F878001004790010090254000301008043
:107D50007D080B000202020000090400000102027B
:107D6000000405240020010524010001042402066A
:107D7000052406000107058103080010090401001D
:107D8000020A000000070502024000000705820207
:107D90004000000904020000FF000105120110026A
:107DA000EF0201408A2E0A000001010203010000D7
:107DB0008C550010F456001044570010CC5600109B
:107DC000DE560010BC5600102C560010D85500107E
:107DD000CC550010AE5A0010945A00106458001090
:107DE000CE5A0010645800107C5A0010685A0010D7
:107DF00064580010545A00105A590010645800106A
:107E00003A5D00102C5D0010205D001064580010D9
:107E1000645800100A5D00102C5D001064580010BA
:107E20006458001064580010645800106458001022
:107E30006458001064580010C05C00109E0D0020B3
:107E40009E0D0020E80D0020080E00204C0E0020A2
:107E50005E0E0020940D002000000000C56200109E
:107E60003563001065630010B163001055640010A5
:107E70003D65001000000000000000003D6600109D
:107E800099660010B5660010DD660010214A0010EA
:087E9000FD6700100000000076
:107E9800C8790010D4790010E0790010EC7900104E
:107EA800F8790010047A0010107A00101C7A00107B
:107EB800307C0010287C00101C7C0010247D0010F1
:107EC80003000068EFF3108C72B60268002AFCD039
:107ED800BFF35F8F04229A56002A0BDB002900D0DB
:107EE8000A6000201B68BFF35F8F00221A608CF3C2
:107EF80010887047D0221206126801201A71F1E723
:107F0800F0B5C646150000B504001E000268EFF380
:107F1800108172B61368002BFCD0BFF35F8F042367
:107F2800E3562268002B2BDBBFF35F8F0020106025
:107F380081F31088D02212061278002752B2904698
:107F48009A420ED1002080BCB846F0BDBFF35F8FC7
:107F5800176081F310882800310000F031FF0028F5
:107F6800F0D12268EFF3108172B61368002BFCD0B1
:107F7800BFF35F8F237922687F2BE7D9434602E05E
:107F8800D0231B061B682371BFF35F8F0023136088
:107F980081F310880120D6E7F0B5C64600B50D007C
:107FA800040000F015FFFA2206000F000023280045
:107FB8000021920000F0FCFE36184F41002F02DA33
:107FC8000126174F7642D0231B061B6800259846CA
:107FD8000AE0BFF35F8F156081F310883000390025
:107FE80000F0EEFE002818D12268EFF3108172B677
:107FF8001368002BFCD0BFF35F8F237922687F2B97
:10800800E7D943462371BFF35F8F0023136081F3E1
:108018001088012080BCB846F0BD0020FAE7C046B1
:10802800FFFFFF7F0268EFF3108172B61368002B21
:10803800FCD0BFF35F8FFF2303710368BFF35F8F2B
:1080480000221A6081F3108840BF704710B5084CB1
:108058002378002B0AD18023064807495B051A6854
:10806800C25004338B42FAD10123237010BDC0469D
:10807800D81F0020F01800100001001010B5014BA7
:10808800984710BDF1180020064B5A6802609A689C
:108098004260DA6882601A69C2605A6902619B6943
:1080A80043617047000002400268064B5A6042680C
:1080B8009A608268DA60C2681A6102695A61426924
:1080C8009A61704700000240034B1A68C0239B0066
:1080D8009343024A136070470C8001400C900140A2
:1080E800054B1A6880239B005340C022920013401E
:1080F800024A13607047C0460C8001400C90014052
:108108000023F0B5DE4657464E4645469A46E0B54A
:1081180089B001900E00988A45491B8B1400984736
:10812800534681464349988A1B8B98475346424990
:108138000500988A1B8B98478046FFF787FF02A89F
:10814800FFF7A2FFC847A847FFF7CAFF251E22D09E
:108158000823C0219C460220490562468B6A1A40C2
:1081680018423FD0631B002D2FD1002A11D1002CBB
:1081780011D0C0235B059B4602239A4606339946D5
:108188005B464A4657469B6A1A401F4242D0002A1D
:10819800F6D0002C30D1FFF797FFC047FFF76EFFEE
:1081A80002A8FFF781FF09B0F0BCBB46B246A9465A
:1081B800A046F0BD002C2FD1C0225205926A9146EC
:1081C80008224F463A40BF072DD50D2B1BD9002A50
:1081D800F0D1C0225205926A914608224F463A4091
:1081E800BF07F2D4002A04D12B002343002BB4D1BB
:1081F800D1E72B00002CF9D00B6E013C3370230023
:1082080001362B43F2E7019F013D3B7801370B66AE
:108218000197E7E70025E5E7C0235B051B6E013CF6
:108228003370013699E72B00002ADFD1DCE7C0461E
:108238004946000045580000464300000022154BFF
:1082480010B59A60DA601A615A619A61DA611A6245
:108258005A629A62DA621A635A639A63DA631A6430
:108268005A649A64DA641A655A659A65DA651A6610
:108278005A669A66DA661A675A679A67DA67F03250
:1082880092000021044800F07BFD044B044A1A6068
:1082980010BDC04600001050A41A00206C1E00201B
:1082A80080011050F0B54E464546DE465746E0B5CB
:1082B800214B00249E6D012585B0002E22D01F4B36
:1082C8009A46012399461E4B984601E0202C19D066
:1082D8002A00230001342F003240E4B26D00002A46
:1082E800F4D0524697654A465B085B0022409B18CB
:1082F8005B01434418009B4600F01EFC002808D18F
:10830800BE43E3D105B0F0BCBB46B246A946A04681
:10831800F0BD5B46E0219A78DB8A01A883600023E0
:10832800C900018001210271437100F025FC584603
:1083380000F0A0FBE4E7C0460000115000301150E7
:10834800641A00209823F0B5C646C84A00B5D55827
:1083580080232E009B02102484B01E401D4274D03E
:10836800C34BC44C9A6AC44B00261A603B23E35C97
:10837800022B00D14FE17B23E35C022B00D1F3E019
:10838800BB23E35C022B00D1FAE0FB23E35C022B66
:1083980000D101E13C23FF33E35C022B00D12DE146
:1083A8007C23FF33E35C022B00D10EE1BC23FF33B7
:1083B800E35C022B00D13FE1FC23FF33E35C022B9B
:1083C80000D1F5E0AD4BE35C022B00D174E1AC4B7E
:1083D800E35C022B00D105E1AA4BE35C022B00D140
:1083E80075E1A94BE35C022B00D132E1A74BE35CBA
:1083F800022B00D1A0E1A64BE35C022B00D171E176
:10840800A44BE35C022B00D1A1E1A34BE35C022B5C
:1084180000D17FE1002E08D1A04B1B78002B04D19E
:1084280080219F4A90338902D150C02269468F4BE0
:1084380092009B6C80265B058A805B0D012101A858
:10844800029300F099FB974CB602EB0600D57FE04B
:1084580080235B021D4231D01E430123022498462B
:10846800844FBB7E002B14D000F092FC012800D969
:1084780072E0C02200213800920100F001FB3800B0
:1084880000F0F8FA00F084FC012802D9844B5C66FD
:108498001C664346FB702037012C22D1C0236A4654
:1084A800DB009380804A02AB03CA03C3012101A801
:1084B80000F062FB80227A4B92021A6580235B01EE
:1084C8001D4210D18023DB011D4223D180231B02D2
:1084D8001D422FD1AE4200D0C0E104B080BCB846E6
:1084E800F0BD0124BDE700241E43604B1C60FFF76C
:1084F800A5FE80236A465B0093801472012101A8BF
:1085080000F03AFB8022664B12031A658023DB01D8
:108518001D42DBD01E4380236A46DB009380012185
:1085280001A800F029FB10225D4B1A6580231B026D
:108538001D42CFD01E43A0236A46DB009380012151
:1085480001A800F019FB8022554B12011A65C1E7FA
:10855800FFF7A8FE26007BE7544B444A1C66536E7F
:108568002340A342FBD184E77833E75C002F00D196
:1085780006E70233E25C002A00D00DE13E00FFE688
:10858800B833E75C002F00D1FFE60233E25C002A33
:1085980000D0F9E03E00F8E6F833E75C002F00D1A0
:1085A800F8E60233E25C002A00D041E13E00F1E641
:1085B800F933FF33E75C002F00D103E70233E25CB5
:1085C800002A00D02BE13E00FCE67933FF33E75C5C
:1085D800002F00D1EAE60233E25C002A00D015E160
:1085E8003E00E3E6324BE75C002F00D1F4E60233AD
:1085F800E25C002A00D001E13E00EDE63933FF33AA
:10860800E75C002F00D1CBE60233E25C002A00D001
:10861800EBE03E00C4E63833E65C002E00D1AAE663
:108628000233E25C002A00D1A5E6200000222030B7
:10863800E25400F04DFA9EE6B933FF33E75C002FB1
:1086480000D1B9E60233E25C002A00D0C4E03E0063
:10865800B2E6184BE75C002F00D1C7E60233E25CB4
:10866800002A00D0B0E03E00C0E6C046000011502D
:1086780000400540641A00205C1A00203B020000FC
:108688007B020000BB020000FB0200003B0300006D
:108698007B030000BB030000FB030000D61F002083
:1086A800003011501000020000001050002011503E
:1086B8007A020000FA0200006B4BE75C002F00D141
:1086C80085E60233E25C002A76D13E007FE6674BFE
:1086D800E75C002F00D184E60233E25C002A63D114
:1086E8003E007EE6624BE75C002F00D188E602334D
:1086F800E25C002A00D0A3E05E4BE35C022B30D1A1
:108708005D4BE35C002B27D15C4BE35C022B00D074
:108718008BE63E005A4BE35C002B00D17AE6FF2340
:108728009B00E25C002A00D17FE60022E2541C3B59
:10873800E01800F0CDF978E6524BE75C002F00D145
:1087480059E60233E25C002A16D13E0053E64A4B52
:10875800E35C002B00D158E6EF239B00E25C002A83
:1087680075D1464BE35C022B00D05EE6444BE35CDC
:10877800002B00D159E6D2E70022E2541C3BE01856
:1087880000F0A6F93E0036E620000022A030E254B0
:108798003E0000F09DF9F8E5200000226030E25428
:1087A8003E0000F095F9EBE50022E2541C3BE0188E
:1087B80000F08EF93E0014E60022E2541C3BE0185B
:1087C80000F086F93E0002E60022E2541C3BE01865
:1087D80000F07EF93E0009E620000022A130FF30BB
:1087E800E2543E0000F074F9E6E520000022213052
:1087F800FF30E2543E0000F06BF9D1E50022E2546C
:108808001C3BE01800F064F93E00E5E5200000227A
:108818006130FF30E2543E0000F05AF9C6E520000E
:108828000022E130FF30E2543E0000F051F9C9E582
:1088380020000022E030E2543E0000F049F9A9E5AA
:108848000022E2541C3BE01800F042F954E70022F1
:10885800E2541C3BE01800F03BF982E731000A487B
:10886800694000F09DFAC0463A020000BA020000D2
:108878007A030000BB030000BA030000FB030000FA
:10888800FA0300003A0300000C790010F0B5C64660
:1088980000B50200838A008B8C46011C984200D9DF
:1088A800191CD47880252000461EB04189B2ED00FD
:1088B8000D434003284301256C405B1AD47054785B
:1088C8009BB29382002C31D16446D568A4014E1E18
:1088D8002D19B0461469002923D0062E32D92B0051
:1088E80023439B072ED1631CEB1A022B2AD90023A2
:1088F8008F08BF00E658EE5004339F42FAD1434632
:10890800ED19DB1BE419B94209D026782E70002B2B
:1089180005D066786E70012B01D0A378AB7014690E
:10892800938A64181461802212021043002B02D12A
:108938008023DB0118436346002B00D0000480BC71
:10894800B846F0BD0023E65CEE5401339942FAD1F3
:10895800E5E7C0468368F0B51A680400002900D02E
:10896800120C63789205900D002B08D1E38AC31886
:10897800E382238B834201D90023A382F0BDE368FD
:10898800890125695E18471E002822D0062F26D99E
:1089980001315B18EB1A022B21D92B0033439B07BB
:1089A8001DD10023120E9200F158E95004339A4267
:1089B800FAD1BF1AAD18B618904209D032782A7089
:1089C800002F05D072786A70012F01D0B278AA7092
:1089D8002569E38A2D18C318E3822561C9E70022B7
:1089E800B35CAB5401329042FAD12569F1E7C04635
:1089F80010B50400836800211B68FFF7ABFF6368AC
:108A08001B685B0002D5238B834200D010BD012177
:108A18002000FFF79FFFF9E7084A0300126C0020C7
:108A2800920703D49A78D209012A00D07047D87ED9
:108A3800023843425841C0B2F8E7C046000011501E
:108A480010B5FFF7E9FF00280CD00749074B8C4603
:108A5800074A9B6A126863449B1A0020C6229A42FE
:108A68004041C0B210BDC046E0FCFFFF00400540D9
:108A78005C1A002000238376436103617047C04677
:108A880010B58368002901D01C682140002A12D043
:108A98008024E400114322420DD01A6822420CD1EE
:108AA800084A0A401A60084A126C920703D40C2339
:108AB800033BFDD28368196010BD8178034800F03C
:108AC8006FF9C046FFFBFFFF00001150207900102E
:108AD800436870B50021802504001E68FFF7D6FEA4
:108AE800124B6D011A6C0543A37892070ED55B06ED
:108AF8000ED00F4B1E4080239B0533436268002134
:108B0800136020002A00FFF7BBFF70BDDB09F0D01F
:108B1800A38A002BEDD001212000FFF7B7FEA02388
:108B2800044ADB05324005431343E7E700001150D0
:108B3800FFFFFFAFFFFFFFDF70B5857E0400002D4C
:108B480014D0FFF755FFA38A002B01D1280070BD70
:108B58002000FFF775FF002803D0012300252377A5
:108B6800F4E72000FFF7B4FF0025EFE7817801481C
:108B780000F016F940790010F0B5CE46474680B5AA
:108B8800437805000E0085B0062B08D86C4A9B0078
:108B9800D3589F466B4A13780133DBB213706A4B84
:108BA8001C686269EFF3108172B61368002BFCD061
:108BB800BFF35F8FA1612000290000F0D9F8626936
:108BC800A369BFF35F8F0021116083F31088002829
:108BD80004D105B0C0BCB946B046F0BD32006978D2
:108BE800287800F0BDF8F4E70121584B1A788A4339
:108BF8001A701A7801318A431A7000225A701A784A
:108C080002318A431A70CAE75149524F894652497C
:108C18000024002388463A7812E043461B68610125
:108C28005B18002B06D0DB69002B03D06968287815
:108C380098473A780134E4B2511C2300A14217DB6B
:108C4800A242EAD89B1A5B014B44ECE73F4B1A78E7
:108C5800D207BED504211A780A431A709FE73B4B06
:108C68001A78D207B5D504211A788A431A7096E77C
:108C7800364F3B785B072BD504223B780021934382
:108C88003B706B460632981D00F07AF82B7801ACE1
:108C98002370052363702C4B1B6898465A69EFF3C1
:108CA800108172B61368002BFCD0BFF35F8F434668
:108CB80040469961210000F05BF843465A699B6978
:108CC800BFF35F8F0021116083F31088002831D132
:108CD800FB78DB0700D47CE76B460A220021981D4D
:108CE80000F04EF82B7801AC2370032363706B6897
:108CF8006360154B1D686A69EFF3108172B61368DB
:108D0800002BFCD0BFF35F8FA9612800210000F081
:108D18002FF86A69AB69BFF35F8F0021116083F395
:108D28001088002800D154E732006178207800F0DC
:108D380017F84EE732006178207800F011F8C7E79D
:108D48003C7E0010D71F0020601500200815002069
:108D5800587E0010D51F0020581300207047C046C9
:108D680001B40248844601BC604700BF2D5400107E
:108D780001B40248844601BC604700BF8D6E0010F4
:108D880001B40248844601BC604700BF452A001070
:108D980001B40248844601BC604700BF8509001041
:108DA80001B40248844601BC604700BF9109001025
:108DB80001B40248844601BC604700BF99280010EE
:108DC80001B40248844601BC604700BF291800105E
:108DD80001B40248844601BC604700BF591900101D
:108DE8000110000000000000000001000000000069
:108DF8000000000000000200000000000000000069
:108E08000000030000000000000000000000FF0058
:108E18000000000001B5486801318E4600477046E1
:108E280009380149884701BD950F0010000000006E
:108E3800000000000000000000000000000000002A
:108E4800D01000200000000000000000000000001A
:108E5800503300004C3300005433000052330000FC
:108E68004D5300004D4300005334000043340000CC
:108E78009D470010A1480010E9470010B5480010B0
:108E88000000000000010000ED4B0010A14B001095
:108E9800154B00108D4A0010000000000001000072
:108EA8006415002010000C00000000000000000005
:108EB800000000000000000000000000FF000000AB
:108EC8000040044000000000000000000000000016
:04000005100001E9FD
:00000001FF
