
C:/Users/renzo/Downloads/Apolo/Apolo-codigo/build-ninja/Apolo.elf:     file format elf32-littlearm

Sections:
Idx Name          Size      VMA       LMA       File off  Algn
  0 .boot2        00000100  10000000  10000000  00001000  2**0
                  CONTENTS, ALLOC, LOAD, READONLY, CODE
  1 .text         0000745c  10000100  10000100  00001100  2**3
                  CONTENTS, ALLOC, LOAD, READONLY, CODE
  2 .rodata       00000938  10007560  10007560  00008560  2**3
                  CONTENTS, ALLOC, LOAD, READONLY, DATA
  3 .binary_info  00000030  10007e98  10007e98  00008e98  2**2
                  CONTENTS, ALLOC, LOAD, READONLY, DATA
  4 .ram_vector_table 000000c0  20000000  20000000  0000b000  2**2
                  ALLOC
  5 .uninitialized_data 00000000  200000c0  200000c0  0000a0d0  2**0
                  CONTENTS
  6 .data         00001010  200000c0  10007ec8  000090c0  2**4
                  CONTENTS, ALLOC, LOAD, READONLY, CODE
  7 .tdata        00000000  200010d0  200010d0  0000a0d0  2**0
                  CONTENTS, ALLOC, LOAD, DATA, THREAD_LOCAL
  8 .tbss         00000000  200010d0  200010d0  00000000  2**0
                  ALLOC, THREAD_LOCAL
  9 .bss          00000f10  200010d0  10008ed8  0000a0d0  2**3
                  ALLOC
 10 .heap         00000800  20001fe0  10008ed8  0000afe0  2**2
                  ALLOC, READONLY
 11 .scratch_x    00000000  20040000  20040000  0000a0d0  2**0
                  CONTENTS
 12 .scratch_y    00000000  20041000  20041000  0000a0d0  2**0
                  CONTENTS
 13 .stack_dummy  00000800  20041000  20041000  0000b000  2**5
                  ALLOC, READONLY
 14 .ARM.attributes 00000028  00000000  00000000  0000a0d0  2**0
                  CONTENTS, READONLY
 15 .comment      00000045  00000000  00000000  0000a0f8  2**0
                  CONTENTS, READONLY
 16 .debug_info   00037d4e  00000000  00000000  0000a13d  2**0
                  CONTENTS, READONLY, DEBUGGING, OCTETS
 17 .debug_abbrev 00009804  00000000  00000000  00041e8b  2**0
                  CONTENTS, READONLY, DEBUGGING, OCTETS
 18 .debug_loclists 0001e748  00000000  00000000  0004b68f  2**0
                  CONTENTS, READONLY, DEBUGGING, OCTETS
 19 .debug_aranges 00001700  00000000  00000000  00069dd8  2**3
                  CONTENTS, READONLY, DEBUGGING, OCTETS
 20 .debug_rnglists 00004d52  00000000  00000000  0006b4d8  2**0
                  CONTENTS, READONLY, DEBUGGING, OCTETS
 21 .debug_line   000279ca  00000000  00000000  0007022a  2**0
                  CONTENTS, READONLY, DEBUGGING, OCTETS
 22 .debug_str    00009896  00000000  00000000  00097bf4  2**0
                  CONTENTS, READONLY, DEBUGGING, OCTETS
 23 .debug_frame  00003398  00000000  00000000  000a148c  2**2
                  CONTENTS, READONLY, DEBUGGING, OCTETS
 24 .debug_line_str 0000034e  00000000  00000000  000a4824  2**0
                  CONTENTS, READONLY, DEBUGGING, OCTETS

C:/Users/renzo/Downloads/Apolo/Apolo-codigo/build-ninja/Apolo.elf:     file format elf32-littlearm


Disassembly of section .boot2:

10000000 <__boot2_start__>:
10000000:	4b32b500 	.word	0x4b32b500
10000004:	60582021 	.word	0x60582021
10000008:	21026898 	.word	0x21026898
1000000c:	60984388 	.word	0x60984388
10000010:	611860d8 	.word	0x611860d8
10000014:	4b2e6158 	.word	0x4b2e6158
10000018:	60992100 	.word	0x60992100
1000001c:	61592102 	.word	0x61592102
10000020:	22f02101 	.word	0x22f02101
10000024:	492b5099 	.word	0x492b5099
10000028:	21016019 	.word	0x21016019
1000002c:	20356099 	.word	0x20356099
10000030:	f844f000 	.word	0xf844f000
10000034:	42902202 	.word	0x42902202
10000038:	2106d014 	.word	0x2106d014
1000003c:	f0006619 	.word	0xf0006619
10000040:	6e19f834 	.word	0x6e19f834
10000044:	66192101 	.word	0x66192101
10000048:	66182000 	.word	0x66182000
1000004c:	f000661a 	.word	0xf000661a
10000050:	6e19f82c 	.word	0x6e19f82c
10000054:	6e196e19 	.word	0x6e196e19
10000058:	f0002005 	.word	0xf0002005
1000005c:	2101f82f 	.word	0x2101f82f
10000060:	d1f94208 	.word	0xd1f94208
10000064:	60992100 	.word	0x60992100
10000068:	6019491b 	.word	0x6019491b
1000006c:	60592100 	.word	0x60592100
10000070:	481b491a 	.word	0x481b491a
10000074:	21016001 	.word	0x21016001
10000078:	21eb6099 	.word	0x21eb6099
1000007c:	21a06619 	.word	0x21a06619
10000080:	f0006619 	.word	0xf0006619
10000084:	2100f812 	.word	0x2100f812
10000088:	49166099 	.word	0x49166099
1000008c:	60014814 	.word	0x60014814
10000090:	60992101 	.word	0x60992101
10000094:	2800bc01 	.word	0x2800bc01
10000098:	4700d000 	.word	0x4700d000
1000009c:	49134812 	.word	0x49134812
100000a0:	c8036008 	.word	0xc8036008
100000a4:	8808f380 	.word	0x8808f380
100000a8:	b5034708 	.word	0xb5034708
100000ac:	20046a99 	.word	0x20046a99
100000b0:	d0fb4201 	.word	0xd0fb4201
100000b4:	42012001 	.word	0x42012001
100000b8:	bd03d1f8 	.word	0xbd03d1f8
100000bc:	6618b502 	.word	0x6618b502
100000c0:	f7ff6618 	.word	0xf7ff6618
100000c4:	6e18fff2 	.word	0x6e18fff2
100000c8:	bd026e18 	.word	0xbd026e18
100000cc:	40020000 	.word	0x40020000
100000d0:	18000000 	.word	0x18000000
100000d4:	00070000 	.word	0x00070000
100000d8:	005f0300 	.word	0x005f0300
100000dc:	00002221 	.word	0x00002221
100000e0:	180000f4 	.word	0x180000f4
100000e4:	a0002022 	.word	0xa0002022
100000e8:	10000100 	.word	0x10000100
100000ec:	e000ed08 	.word	0xe000ed08
	...
100000fc:	7a4eb274 	.word	0x7a4eb274

Disassembly of section .text:

10000100 <__VECTOR_TABLE>:
10000100:	20042000 	.word	0x20042000
10000104:	100001f7 	.word	0x100001f7
10000108:	100001cb 	.word	0x100001cb
1000010c:	100001cd 	.word	0x100001cd
10000110:	100001c9 	.word	0x100001c9
10000114:	100001c9 	.word	0x100001c9
10000118:	100001c9 	.word	0x100001c9
1000011c:	100001c9 	.word	0x100001c9
10000120:	100001c9 	.word	0x100001c9
10000124:	100001c9 	.word	0x100001c9
10000128:	100001c9 	.word	0x100001c9
1000012c:	100001cf 	.word	0x100001cf
10000130:	100001c9 	.word	0x100001c9
10000134:	100001c9 	.word	0x100001c9
10000138:	100001d1 	.word	0x100001d1
1000013c:	100001d3 	.word	0x100001d3
10000140:	100001c1 	.word	0x100001c1
10000144:	100001c1 	.word	0x100001c1
10000148:	100001c1 	.word	0x100001c1
1000014c:	100001c1 	.word	0x100001c1
10000150:	100001c1 	.word	0x100001c1
10000154:	100001c1 	.word	0x100001c1
10000158:	100001c1 	.word	0x100001c1
1000015c:	100001c1 	.word	0x100001c1
10000160:	100001c1 	.word	0x100001c1
10000164:	100001c1 	.word	0x100001c1
10000168:	100001c1 	.word	0x100001c1
1000016c:	100001c1 	.word	0x100001c1
10000170:	100001c1 	.word	0x100001c1
10000174:	100001c1 	.word	0x100001c1
10000178:	100001c1 	.word	0x100001c1
1000017c:	100001c1 	.word	0x100001c1
10000180:	100001c1 	.word	0x100001c1
10000184:	100001c1 	.word	0x100001c1
10000188:	100001c1 	.word	0x100001c1
1000018c:	100001c1 	.word	0x100001c1
10000190:	100001c1 	.word	0x100001c1
10000194:	100001c1 	.word	0x100001c1
10000198:	100001c1 	.word	0x100001c1
1000019c:	100001c1 	.word	0x100001c1
100001a0:	100001c1 	.word	0x100001c1
100001a4:	100001c1 	.word	0x100001c1
100001a8:	100001c1 	.word	0x100001c1
100001ac:	100001c1 	.word	0x100001c1
100001b0:	100001c1 	.word	0x100001c1
100001b4:	100001c1 	.word	0x100001c1
100001b8:	100001c1 	.word	0x100001c1
100001bc:	100001c1 	.word	0x100001c1

100001c0 <__unhandled_user_irq>:
100001c0:	f3ef 8005 	mrs	r0, IPSR
100001c4:	3810      	subs	r0, #16

100001c6 <unhandled_user_irq_num_in_r0>:
100001c6:	be00      	bkpt	0x0000

100001c8 <isr_invalid>:
100001c8:	be00      	bkpt	0x0000

100001ca <isr_nmi>:
100001ca:	be00      	bkpt	0x0000

100001cc <isr_hardfault>:
100001cc:	be00      	bkpt	0x0000

100001ce <isr_svcall>:
100001ce:	be00      	bkpt	0x0000

100001d0 <isr_pendsv>:
100001d0:	be00      	bkpt	0x0000

100001d2 <isr_systick>:
100001d2:	be00      	bkpt	0x0000

100001d4 <__default_isrs_end>:
100001d4:	7188ebf2 	.word	0x7188ebf2
100001d8:	10007e98 	.word	0x10007e98
100001dc:	10007ec8 	.word	0x10007ec8
100001e0:	10000238 	.word	0x10000238
100001e4:	e71aa390 	.word	0xe71aa390

100001e8 <_entry_point>:
100001e8:	481e      	ldr	r0, [pc, #120]	@ (10000264 <data_cpy_table+0x2c>)

100001ea <_enter_vtable_in_r0>:
100001ea:	491f      	ldr	r1, [pc, #124]	@ (10000268 <data_cpy_table+0x30>)
100001ec:	6008      	str	r0, [r1, #0]
100001ee:	c806      	ldmia	r0!, {r1, r2}
100001f0:	f381 8808 	msr	MSP, r1
100001f4:	4710      	bx	r2

100001f6 <_reset_handler>:
100001f6:	481d      	ldr	r0, [pc, #116]	@ (1000026c <data_cpy_table+0x34>)
100001f8:	6800      	ldr	r0, [r0, #0]
100001fa:	2800      	cmp	r0, #0
100001fc:	d001      	beq.n	10000202 <hold_non_core0_in_bootrom+0x4>

100001fe <hold_non_core0_in_bootrom>:
100001fe:	4819      	ldr	r0, [pc, #100]	@ (10000264 <data_cpy_table+0x2c>)
10000200:	e7f3      	b.n	100001ea <_enter_vtable_in_r0>
10000202:	a40d      	add	r4, pc, #52	@ (adr r4, 10000238 <data_cpy_table>)
10000204:	cc0e      	ldmia	r4!, {r1, r2, r3}
10000206:	2900      	cmp	r1, #0
10000208:	d002      	beq.n	10000210 <hold_non_core0_in_bootrom+0x12>
1000020a:	f000 f812 	bl	10000232 <data_cpy>
1000020e:	e7f9      	b.n	10000204 <hold_non_core0_in_bootrom+0x6>
10000210:	4917      	ldr	r1, [pc, #92]	@ (10000270 <data_cpy_table+0x38>)
10000212:	4a18      	ldr	r2, [pc, #96]	@ (10000274 <data_cpy_table+0x3c>)
10000214:	2000      	movs	r0, #0
10000216:	e000      	b.n	1000021a <bss_fill_test>

10000218 <bss_fill_loop>:
10000218:	c101      	stmia	r1!, {r0}

1000021a <bss_fill_test>:
1000021a:	4291      	cmp	r1, r2
1000021c:	d1fc      	bne.n	10000218 <bss_fill_loop>

1000021e <platform_entry>:
1000021e:	4916      	ldr	r1, [pc, #88]	@ (10000278 <data_cpy_table+0x40>)
10000220:	4788      	blx	r1
10000222:	4916      	ldr	r1, [pc, #88]	@ (1000027c <data_cpy_table+0x44>)
10000224:	4788      	blx	r1
10000226:	4916      	ldr	r1, [pc, #88]	@ (10000280 <data_cpy_table+0x48>)
10000228:	4788      	blx	r1
1000022a:	be00      	bkpt	0x0000
1000022c:	e7fd      	b.n	1000022a <platform_entry+0xc>

1000022e <data_cpy_loop>:
1000022e:	c901      	ldmia	r1!, {r0}
10000230:	c201      	stmia	r2!, {r0}

10000232 <data_cpy>:
10000232:	429a      	cmp	r2, r3
10000234:	d3fb      	bcc.n	1000022e <data_cpy_loop>
10000236:	4770      	bx	lr

10000238 <data_cpy_table>:
10000238:	10007ec8 	.word	0x10007ec8
1000023c:	200000c0 	.word	0x200000c0
10000240:	200010d0 	.word	0x200010d0
10000244:	10008ed8 	.word	0x10008ed8
10000248:	20040000 	.word	0x20040000
1000024c:	20040000 	.word	0x20040000
10000250:	10008ed8 	.word	0x10008ed8
10000254:	20041000 	.word	0x20041000
10000258:	20041000 	.word	0x20041000
1000025c:	00000000 	.word	0x00000000
10000260:	4770      	bx	lr
10000262:	0000      	.short	0x0000
10000264:	00000000 	.word	0x00000000
10000268:	e000ed08 	.word	0xe000ed08
1000026c:	d0000000 	.word	0xd0000000
10000270:	200010d0 	.word	0x200010d0
10000274:	20001fe0 	.word	0x20001fe0
10000278:	1000435d 	.word	0x1000435d
1000027c:	100002d5 	.word	0x100002d5
10000280:	10004355 	.word	0x10004355

10000284 <_init>:
10000284:	b5f8      	push	{r3, r4, r5, r6, r7, lr}
10000286:	46c0      	nop			@ (mov r8, r8)

10000288 <register_tm_clones>:
10000288:	4806      	ldr	r0, [pc, #24]	@ (100002a4 <register_tm_clones+0x1c>)
1000028a:	4907      	ldr	r1, [pc, #28]	@ (100002a8 <register_tm_clones+0x20>)
1000028c:	1a09      	subs	r1, r1, r0
1000028e:	108b      	asrs	r3, r1, #2
10000290:	0fc9      	lsrs	r1, r1, #31
10000292:	18c9      	adds	r1, r1, r3
10000294:	b510      	push	{r4, lr}
10000296:	1049      	asrs	r1, r1, #1
10000298:	d003      	beq.n	100002a2 <register_tm_clones+0x1a>
1000029a:	4b04      	ldr	r3, [pc, #16]	@ (100002ac <register_tm_clones+0x24>)
1000029c:	2b00      	cmp	r3, #0
1000029e:	d000      	beq.n	100002a2 <register_tm_clones+0x1a>
100002a0:	4798      	blx	r3
100002a2:	bd10      	pop	{r4, pc}
100002a4:	200010d0 	.word	0x200010d0
100002a8:	200010d0 	.word	0x200010d0
100002ac:	00000000 	.word	0x00000000

100002b0 <frame_dummy>:
100002b0:	4b05      	ldr	r3, [pc, #20]	@ (100002c8 <frame_dummy+0x18>)
100002b2:	b510      	push	{r4, lr}
100002b4:	2b00      	cmp	r3, #0
100002b6:	d003      	beq.n	100002c0 <frame_dummy+0x10>
100002b8:	4904      	ldr	r1, [pc, #16]	@ (100002cc <frame_dummy+0x1c>)
100002ba:	4805      	ldr	r0, [pc, #20]	@ (100002d0 <frame_dummy+0x20>)
100002bc:	e000      	b.n	100002c0 <frame_dummy+0x10>
100002be:	bf00      	nop
100002c0:	f7ff ffe2 	bl	10000288 <register_tm_clones>
100002c4:	bd10      	pop	{r4, pc}
100002c6:	46c0      	nop			@ (mov r8, r8)
100002c8:	00000000 	.word	0x00000000
100002cc:	20001e70 	.word	0x20001e70
100002d0:	1000755c 	.word	0x1000755c

100002d4 <main>:
100002d4:	b5f0      	push	{r4, r5, r6, r7, lr}
100002d6:	46de      	mov	lr, fp
100002d8:	4657      	mov	r7, sl
100002da:	464e      	mov	r6, r9
100002dc:	4645      	mov	r5, r8
100002de:	b5e0      	push	{r5, r6, r7, lr}
100002e0:	b09d      	sub	sp, #116	@ 0x74
100002e2:	f004 f979 	bl	100045d8 <stdio_init_all>
100002e6:	2005      	movs	r0, #5
100002e8:	f001 fd02 	bl	10001cf0 <clock_get_hz>
100002ec:	4ba0      	ldr	r3, [pc, #640]	@ (10000570 <main+0x29c>)
100002ee:	0001      	movs	r1, r0
100002f0:	0018      	movs	r0, r3
100002f2:	f004 fa47 	bl	10004784 <__wrap_printf>
100002f6:	2007      	movs	r0, #7
100002f8:	f001 fcfa 	bl	10001cf0 <clock_get_hz>
100002fc:	4b9d      	ldr	r3, [pc, #628]	@ (10000574 <main+0x2a0>)
100002fe:	0001      	movs	r1, r0
10000300:	0018      	movs	r0, r3
10000302:	f004 fa3f 	bl	10004784 <__wrap_printf>
10000306:	2005      	movs	r0, #5
10000308:	f001 fcf2 	bl	10001cf0 <clock_get_hz>
1000030c:	f002 fb30 	bl	10002970 <__wrap___aeabi_ui2f>
10000310:	4999      	ldr	r1, [pc, #612]	@ (10000578 <main+0x2a4>)
10000312:	f002 fae4 	bl	100028de <__wrap___aeabi_fdiv>
10000316:	21fe      	movs	r1, #254	@ 0xfe
10000318:	0589      	lsls	r1, r1, #22
1000031a:	1c04      	adds	r4, r0, #0
1000031c:	f002 fb22 	bl	10002964 <__wrap___aeabi_fcmplt>
10000320:	2800      	cmp	r0, #0
10000322:	d000      	beq.n	10000326 <main+0x52>
10000324:	e2b4      	b.n	10000890 <main+0x5bc>
10000326:	1c20      	adds	r0, r4, #0
10000328:	21f4      	movs	r1, #244	@ 0xf4
1000032a:	0589      	lsls	r1, r1, #22
1000032c:	f002 fad4 	bl	100028d8 <__wrap___aeabi_fadd>
10000330:	2183      	movs	r1, #131	@ 0x83
10000332:	05c9      	lsls	r1, r1, #23
10000334:	f002 fae7 	bl	10002906 <__wrap___aeabi_fmul>
10000338:	f002 fb42 	bl	100029c0 <__wrap___aeabi_f2uiz>
1000033c:	4b8f      	ldr	r3, [pc, #572]	@ (1000057c <main+0x2a8>)
1000033e:	4990      	ldr	r1, [pc, #576]	@ (10000580 <main+0x2ac>)
10000340:	4680      	mov	r8, r0
10000342:	0018      	movs	r0, r3
10000344:	469b      	mov	fp, r3
10000346:	f007 f81b 	bl	10007380 <i2c_init>
1000034a:	2103      	movs	r1, #3
1000034c:	2010      	movs	r0, #16
1000034e:	f000 facb 	bl	100008e8 <gpio_set_function>
10000352:	2103      	movs	r1, #3
10000354:	2011      	movs	r0, #17
10000356:	f000 fac7 	bl	100008e8 <gpio_set_function>
1000035a:	2200      	movs	r2, #0
1000035c:	2101      	movs	r1, #1
1000035e:	2010      	movs	r0, #16
10000360:	f000 fadc 	bl	1000091c <gpio_set_pulls>
10000364:	2200      	movs	r2, #0
10000366:	2101      	movs	r1, #1
10000368:	2011      	movs	r0, #17
1000036a:	f000 fad7 	bl	1000091c <gpio_set_pulls>
1000036e:	2012      	movs	r0, #18
10000370:	f000 fae8 	bl	10000944 <gpio_init>
10000374:	2013      	movs	r0, #19
10000376:	f000 fae5 	bl	10000944 <gpio_init>
1000037a:	2014      	movs	r0, #20
1000037c:	f000 fae2 	bl	10000944 <gpio_init>
10000380:	23d0      	movs	r3, #208	@ 0xd0
10000382:	2080      	movs	r0, #128	@ 0x80
10000384:	2180      	movs	r1, #128	@ 0x80
10000386:	2280      	movs	r2, #128	@ 0x80
10000388:	061b      	lsls	r3, r3, #24
1000038a:	02c0      	lsls	r0, r0, #11
1000038c:	0309      	lsls	r1, r1, #12
1000038e:	0352      	lsls	r2, r2, #13
10000390:	6258      	str	r0, [r3, #36]	@ 0x24
10000392:	6259      	str	r1, [r3, #36]	@ 0x24
10000394:	625a      	str	r2, [r3, #36]	@ 0x24
10000396:	6198      	str	r0, [r3, #24]
10000398:	6199      	str	r1, [r3, #24]
1000039a:	619a      	str	r2, [r3, #24]
1000039c:	2350      	movs	r3, #80	@ 0x50
1000039e:	4699      	mov	r9, r3
100003a0:	4d78      	ldr	r5, [pc, #480]	@ (10000584 <main+0x2b0>)
100003a2:	3b49      	subs	r3, #73	@ 0x49
100003a4:	2400      	movs	r4, #0
100003a6:	469a      	mov	sl, r3
100003a8:	2600      	movs	r6, #0
100003aa:	af16      	add	r7, sp, #88	@ 0x58
100003ac:	44a9      	add	r9, r5
100003ae:	e02b      	b.n	10000408 <main+0x134>
100003b0:	4653      	mov	r3, sl
100003b2:	401a      	ands	r2, r3
100003b4:	4974      	ldr	r1, [pc, #464]	@ (10000588 <main+0x2b4>)
100003b6:	0093      	lsls	r3, r2, #2
100003b8:	468c      	mov	ip, r1
100003ba:	189b      	adds	r3, r3, r2
100003bc:	4a73      	ldr	r2, [pc, #460]	@ (1000058c <main+0x2b8>)
100003be:	009b      	lsls	r3, r3, #2
100003c0:	1898      	adds	r0, r3, r2
100003c2:	4a73      	ldr	r2, [pc, #460]	@ (10000590 <main+0x2bc>)
100003c4:	6006      	str	r6, [r0, #0]
100003c6:	189a      	adds	r2, r3, r2
100003c8:	6016      	str	r6, [r2, #0]
100003ca:	4a72      	ldr	r2, [pc, #456]	@ (10000594 <main+0x2c0>)
100003cc:	4972      	ldr	r1, [pc, #456]	@ (10000598 <main+0x2c4>)
100003ce:	189a      	adds	r2, r3, r2
100003d0:	4463      	add	r3, ip
100003d2:	6016      	str	r6, [r2, #0]
100003d4:	6019      	str	r1, [r3, #0]
100003d6:	4643      	mov	r3, r8
100003d8:	2101      	movs	r1, #1
100003da:	6043      	str	r3, [r0, #4]
100003dc:	6001      	str	r1, [r0, #0]
100003de:	682b      	ldr	r3, [r5, #0]
100003e0:	603b      	str	r3, [r7, #0]
100003e2:	041b      	lsls	r3, r3, #16
100003e4:	0c1b      	lsrs	r3, r3, #16
100003e6:	4221      	tst	r1, r4
100003e8:	d019      	beq.n	1000041e <main+0x14a>
100003ea:	496c      	ldr	r1, [pc, #432]	@ (1000059c <main+0x2c8>)
100003ec:	041b      	lsls	r3, r3, #16
100003ee:	6810      	ldr	r0, [r2, #0]
100003f0:	3704      	adds	r7, #4
100003f2:	4043      	eors	r3, r0
100003f4:	400b      	ands	r3, r1
100003f6:	2180      	movs	r1, #128	@ 0x80
100003f8:	0149      	lsls	r1, r1, #5
100003fa:	468c      	mov	ip, r1
100003fc:	4462      	add	r2, ip
100003fe:	6013      	str	r3, [r2, #0]
10000400:	454d      	cmp	r5, r9
10000402:	d00e      	beq.n	10000422 <main+0x14e>
10000404:	68ac      	ldr	r4, [r5, #8]
10000406:	3510      	adds	r5, #16
10000408:	2104      	movs	r1, #4
1000040a:	0020      	movs	r0, r4
1000040c:	f000 fa6c 	bl	100008e8 <gpio_set_function>
10000410:	0862      	lsrs	r2, r4, #1
10000412:	2c1f      	cmp	r4, #31
10000414:	d9cc      	bls.n	100003b0 <main+0xdc>
10000416:	2303      	movs	r3, #3
10000418:	401a      	ands	r2, r3
1000041a:	3208      	adds	r2, #8
1000041c:	e7ca      	b.n	100003b4 <main+0xe0>
1000041e:	4960      	ldr	r1, [pc, #384]	@ (100005a0 <main+0x2cc>)
10000420:	e7e5      	b.n	100003ee <main+0x11a>
10000422:	2232      	movs	r2, #50	@ 0x32
10000424:	2106      	movs	r1, #6
10000426:	485f      	ldr	r0, [pc, #380]	@ (100005a4 <main+0x2d0>)
10000428:	f004 f9ac 	bl	10004784 <__wrap_printf>
1000042c:	2348      	movs	r3, #72	@ 0x48
1000042e:	2211      	movs	r2, #17
10000430:	2110      	movs	r1, #16
10000432:	485d      	ldr	r0, [pc, #372]	@ (100005a8 <main+0x2d4>)
10000434:	f004 f9a6 	bl	10004784 <__wrap_printf>
10000438:	2314      	movs	r3, #20
1000043a:	2213      	movs	r2, #19
1000043c:	2112      	movs	r1, #18
1000043e:	485b      	ldr	r0, [pc, #364]	@ (100005ac <main+0x2d8>)
10000440:	f004 f9a0 	bl	10004784 <__wrap_printf>
10000444:	4b5a      	ldr	r3, [pc, #360]	@ (100005b0 <main+0x2dc>)
10000446:	9307      	str	r3, [sp, #28]
10000448:	781b      	ldrb	r3, [r3, #0]
1000044a:	2b00      	cmp	r3, #0
1000044c:	d100      	bne.n	10000450 <main+0x17c>
1000044e:	e219      	b.n	10000884 <main+0x5b0>
10000450:	4b58      	ldr	r3, [pc, #352]	@ (100005b4 <main+0x2e0>)
10000452:	0019      	movs	r1, r3
10000454:	9313      	str	r3, [sp, #76]	@ 0x4c
10000456:	4b58      	ldr	r3, [pc, #352]	@ (100005b8 <main+0x2e4>)
10000458:	9311      	str	r3, [sp, #68]	@ 0x44
1000045a:	4858      	ldr	r0, [pc, #352]	@ (100005bc <main+0x2e8>)
1000045c:	f004 f992 	bl	10004784 <__wrap_printf>
10000460:	4857      	ldr	r0, [pc, #348]	@ (100005c0 <main+0x2ec>)
10000462:	f004 f90b 	bl	1000467c <__wrap_puts>
10000466:	2300      	movs	r3, #0
10000468:	9305      	str	r3, [sp, #20]
1000046a:	9304      	str	r3, [sp, #16]
1000046c:	9303      	str	r3, [sp, #12]
1000046e:	9302      	str	r3, [sp, #8]
10000470:	4b54      	ldr	r3, [pc, #336]	@ (100005c4 <main+0x2f0>)
10000472:	26d0      	movs	r6, #208	@ 0xd0
10000474:	9306      	str	r3, [sp, #24]
10000476:	4b54      	ldr	r3, [pc, #336]	@ (100005c8 <main+0x2f4>)
10000478:	af15      	add	r7, sp, #84	@ 0x54
1000047a:	9308      	str	r3, [sp, #32]
1000047c:	4b53      	ldr	r3, [pc, #332]	@ (100005cc <main+0x2f8>)
1000047e:	0636      	lsls	r6, r6, #24
10000480:	930a      	str	r3, [sp, #40]	@ 0x28
10000482:	4b53      	ldr	r3, [pc, #332]	@ (100005d0 <main+0x2fc>)
10000484:	9312      	str	r3, [sp, #72]	@ 0x48
10000486:	4b53      	ldr	r3, [pc, #332]	@ (100005d4 <main+0x300>)
10000488:	930f      	str	r3, [sp, #60]	@ 0x3c
1000048a:	4b53      	ldr	r3, [pc, #332]	@ (100005d8 <main+0x304>)
1000048c:	9310      	str	r3, [sp, #64]	@ 0x40
1000048e:	4b53      	ldr	r3, [pc, #332]	@ (100005dc <main+0x308>)
10000490:	930c      	str	r3, [sp, #48]	@ 0x30
10000492:	4b53      	ldr	r3, [pc, #332]	@ (100005e0 <main+0x30c>)
10000494:	930b      	str	r3, [sp, #44]	@ 0x2c
10000496:	4b53      	ldr	r3, [pc, #332]	@ (100005e4 <main+0x310>)
10000498:	930d      	str	r3, [sp, #52]	@ 0x34
1000049a:	4b53      	ldr	r3, [pc, #332]	@ (100005e8 <main+0x314>)
1000049c:	930e      	str	r3, [sp, #56]	@ 0x38
1000049e:	4b53      	ldr	r3, [pc, #332]	@ (100005ec <main+0x318>)
100004a0:	9309      	str	r3, [sp, #36]	@ 0x24
100004a2:	2380      	movs	r3, #128	@ 0x80
100004a4:	035b      	lsls	r3, r3, #13
100004a6:	469a      	mov	sl, r3
100004a8:	e022      	b.n	100004f0 <main+0x21c>
100004aa:	464a      	mov	r2, r9
100004ac:	085b      	lsrs	r3, r3, #1
100004ae:	6172      	str	r2, [r6, #20]
100004b0:	d02c      	beq.n	1000050c <main+0x238>
100004b2:	2380      	movs	r3, #128	@ 0x80
100004b4:	031b      	lsls	r3, r3, #12
100004b6:	6173      	str	r3, [r6, #20]
100004b8:	4653      	mov	r3, sl
100004ba:	2001      	movs	r0, #1
100004bc:	61b3      	str	r3, [r6, #24]
100004be:	f001 f935 	bl	1000172c <sleep_ms>
100004c2:	4b4b      	ldr	r3, [pc, #300]	@ (100005f0 <main+0x31c>)
100004c4:	2500      	movs	r5, #0
100004c6:	803b      	strh	r3, [r7, #0]
100004c8:	2383      	movs	r3, #131	@ 0x83
100004ca:	003a      	movs	r2, r7
100004cc:	70bb      	strb	r3, [r7, #2]
100004ce:	2148      	movs	r1, #72	@ 0x48
100004d0:	4658      	mov	r0, fp
100004d2:	9500      	str	r5, [sp, #0]
100004d4:	3b80      	subs	r3, #128	@ 0x80
100004d6:	f006 ff7b 	bl	100073d0 <i2c_write_blocking>
100004da:	2803      	cmp	r0, #3
100004dc:	d01a      	beq.n	10000514 <main+0x240>
100004de:	9809      	ldr	r0, [sp, #36]	@ 0x24
100004e0:	f004 f8cc 	bl	1000467c <__wrap_puts>
100004e4:	9b02      	ldr	r3, [sp, #8]
100004e6:	2014      	movs	r0, #20
100004e8:	3301      	adds	r3, #1
100004ea:	9302      	str	r3, [sp, #8]
100004ec:	f001 f91e 	bl	1000172c <sleep_ms>
100004f0:	2301      	movs	r3, #1
100004f2:	4698      	mov	r8, r3
100004f4:	2380      	movs	r3, #128	@ 0x80
100004f6:	02db      	lsls	r3, r3, #11
100004f8:	2400      	movs	r4, #0
100004fa:	4699      	mov	r9, r3
100004fc:	4642      	mov	r2, r8
100004fe:	b2e3      	uxtb	r3, r4
10000500:	4222      	tst	r2, r4
10000502:	d1d2      	bne.n	100004aa <main+0x1d6>
10000504:	464a      	mov	r2, r9
10000506:	085b      	lsrs	r3, r3, #1
10000508:	61b2      	str	r2, [r6, #24]
1000050a:	d1d2      	bne.n	100004b2 <main+0x1de>
1000050c:	2380      	movs	r3, #128	@ 0x80
1000050e:	031b      	lsls	r3, r3, #12
10000510:	61b3      	str	r3, [r6, #24]
10000512:	e7d1      	b.n	100004b8 <main+0x1e4>
10000514:	3007      	adds	r0, #7
10000516:	f001 f909 	bl	1000172c <sleep_ms>
1000051a:	ab12      	add	r3, sp, #72	@ 0x48
1000051c:	a912      	add	r1, sp, #72	@ 0x48
1000051e:	468c      	mov	ip, r1
10000520:	72dd      	strb	r5, [r3, #11]
10000522:	220b      	movs	r2, #11
10000524:	4643      	mov	r3, r8
10000526:	2148      	movs	r1, #72	@ 0x48
10000528:	9300      	str	r3, [sp, #0]
1000052a:	4658      	mov	r0, fp
1000052c:	2301      	movs	r3, #1
1000052e:	4462      	add	r2, ip
10000530:	f006 ff4e 	bl	100073d0 <i2c_write_blocking>
10000534:	2801      	cmp	r0, #1
10000536:	d1d2      	bne.n	100004de <main+0x20a>
10000538:	2302      	movs	r3, #2
1000053a:	003a      	movs	r2, r7
1000053c:	2148      	movs	r1, #72	@ 0x48
1000053e:	4658      	mov	r0, fp
10000540:	9500      	str	r5, [sp, #0]
10000542:	f006 ff4f 	bl	100073e4 <i2c_read_blocking>
10000546:	2802      	cmp	r0, #2
10000548:	d1c9      	bne.n	100004de <main+0x20a>
1000054a:	883d      	ldrh	r5, [r7, #0]
1000054c:	ba6d      	rev16	r5, r5
1000054e:	b2ad      	uxth	r5, r5
10000550:	2c02      	cmp	r4, #2
10000552:	d009      	beq.n	10000568 <main+0x294>
10000554:	2c03      	cmp	r4, #3
10000556:	d04d      	beq.n	100005f4 <main+0x320>
10000558:	2c01      	cmp	r4, #1
1000055a:	d002      	beq.n	10000562 <main+0x28e>
1000055c:	9503      	str	r5, [sp, #12]
1000055e:	3401      	adds	r4, #1
10000560:	e7cc      	b.n	100004fc <main+0x228>
10000562:	9504      	str	r5, [sp, #16]
10000564:	3401      	adds	r4, #1
10000566:	e7c9      	b.n	100004fc <main+0x228>
10000568:	9505      	str	r5, [sp, #20]
1000056a:	3401      	adds	r4, #1
1000056c:	e7c6      	b.n	100004fc <main+0x228>
1000056e:	46c0      	nop			@ (mov r8, r8)
10000570:	100075a0 	.word	0x100075a0
10000574:	100075c4 	.word	0x100075c4
10000578:	49742400 	.word	0x49742400
1000057c:	200010c0 	.word	0x200010c0
10000580:	000186a0 	.word	0x000186a0
10000584:	10007970 	.word	0x10007970
10000588:	40050010 	.word	0x40050010
1000058c:	40050000 	.word	0x40050000
10000590:	40050008 	.word	0x40050008
10000594:	4005000c 	.word	0x4005000c
10000598:	00004e1f 	.word	0x00004e1f
1000059c:	ffff0000 	.word	0xffff0000
100005a0:	0000ffff 	.word	0x0000ffff
100005a4:	100075e4 	.word	0x100075e4
100005a8:	10007610 	.word	0x10007610
100005ac:	10007658 	.word	0x10007658
100005b0:	20000fe0 	.word	0x20000fe0
100005b4:	10007560 	.word	0x10007560
100005b8:	10007574 	.word	0x10007574
100005bc:	10007680 	.word	0x10007680
100005c0:	10007694 	.word	0x10007694
100005c4:	20001fde 	.word	0x20001fde
100005c8:	20001fd9 	.word	0x20001fd9
100005cc:	20001fb8 	.word	0x20001fb8
100005d0:	100076f4 	.word	0x100076f4
100005d4:	10007708 	.word	0x10007708
100005d8:	1000772c 	.word	0x1000772c
100005dc:	10007598 	.word	0x10007598
100005e0:	10007590 	.word	0x10007590
100005e4:	10007754 	.word	0x10007754
100005e8:	10007774 	.word	0x10007774
100005ec:	100077a4 	.word	0x100077a4
100005f0:	ffffc501 	.word	0xffffc501
100005f4:	f001 f9b0 	bl	10001958 <time_us_64>
100005f8:	2900      	cmp	r1, #0
100005fa:	d100      	bne.n	100005fe <main+0x32a>
100005fc:	e09f      	b.n	1000073e <main+0x46a>
100005fe:	22fa      	movs	r2, #250	@ 0xfa
10000600:	2300      	movs	r3, #0
10000602:	0092      	lsls	r2, r2, #2
10000604:	f001 fe0c 	bl	10002220 <__wrap___aeabi_uldivmod>
10000608:	4ba3      	ldr	r3, [pc, #652]	@ (10000898 <main+0x5c4>)
1000060a:	42ab      	cmp	r3, r5
1000060c:	41a4      	sbcs	r4, r4
1000060e:	4264      	negs	r4, r4
10000610:	429d      	cmp	r5, r3
10000612:	d97a      	bls.n	1000070a <main+0x436>
10000614:	9b06      	ldr	r3, [sp, #24]
10000616:	781b      	ldrb	r3, [r3, #0]
10000618:	2b00      	cmp	r3, #0
1000061a:	d107      	bne.n	1000062c <main+0x358>
1000061c:	9a08      	ldr	r2, [sp, #32]
1000061e:	7813      	ldrb	r3, [r2, #0]
10000620:	2b00      	cmp	r3, #0
10000622:	d103      	bne.n	1000062c <main+0x358>
10000624:	9b0a      	ldr	r3, [sp, #40]	@ 0x28
10000626:	6018      	str	r0, [r3, #0]
10000628:	2301      	movs	r3, #1
1000062a:	7013      	strb	r3, [r2, #0]
1000062c:	9b06      	ldr	r3, [sp, #24]
1000062e:	2132      	movs	r1, #50	@ 0x32
10000630:	701c      	strb	r4, [r3, #0]
10000632:	9802      	ldr	r0, [sp, #8]
10000634:	f001 fdb6 	bl	100021a4 <__wrap___aeabi_uidiv>
10000638:	4b97      	ldr	r3, [pc, #604]	@ (10000898 <main+0x5c4>)
1000063a:	9a04      	ldr	r2, [sp, #16]
1000063c:	000c      	movs	r4, r1
1000063e:	429a      	cmp	r2, r3
10000640:	d910      	bls.n	10000664 <main+0x390>
10000642:	991b      	ldr	r1, [sp, #108]	@ 0x6c
10000644:	4b95      	ldr	r3, [pc, #596]	@ (1000089c <main+0x5c8>)
10000646:	4299      	cmp	r1, r3
10000648:	d800      	bhi.n	1000064c <main+0x378>
1000064a:	e105      	b.n	10000858 <main+0x584>
1000064c:	040b      	lsls	r3, r1, #16
1000064e:	0c1b      	lsrs	r3, r3, #16
10000650:	4a93      	ldr	r2, [pc, #588]	@ (100008a0 <main+0x5cc>)
10000652:	6812      	ldr	r2, [r2, #0]
10000654:	4053      	eors	r3, r2
10000656:	041b      	lsls	r3, r3, #16
10000658:	4a92      	ldr	r2, [pc, #584]	@ (100008a4 <main+0x5d0>)
1000065a:	0c1b      	lsrs	r3, r3, #16
1000065c:	6013      	str	r3, [r2, #0]
1000065e:	2c00      	cmp	r4, #0
10000660:	d100      	bne.n	10000664 <main+0x390>
10000662:	e100      	b.n	10000866 <main+0x592>
10000664:	4b8c      	ldr	r3, [pc, #560]	@ (10000898 <main+0x5c4>)
10000666:	9a05      	ldr	r2, [sp, #20]
10000668:	429a      	cmp	r2, r3
1000066a:	d916      	bls.n	1000069a <main+0x3c6>
1000066c:	22fa      	movs	r2, #250	@ 0xfa
1000066e:	991b      	ldr	r1, [sp, #108]	@ 0x6c
10000670:	0052      	lsls	r2, r2, #1
10000672:	000b      	movs	r3, r1
10000674:	4291      	cmp	r1, r2
10000676:	d906      	bls.n	10000686 <main+0x3b2>
10000678:	3914      	subs	r1, #20
1000067a:	4291      	cmp	r1, r2
1000067c:	d200      	bcs.n	10000680 <main+0x3ac>
1000067e:	e0fd      	b.n	1000087c <main+0x5a8>
10000680:	040b      	lsls	r3, r1, #16
10000682:	911b      	str	r1, [sp, #108]	@ 0x6c
10000684:	0c1b      	lsrs	r3, r3, #16
10000686:	4a86      	ldr	r2, [pc, #536]	@ (100008a0 <main+0x5cc>)
10000688:	6812      	ldr	r2, [r2, #0]
1000068a:	4053      	eors	r3, r2
1000068c:	041b      	lsls	r3, r3, #16
1000068e:	4a85      	ldr	r2, [pc, #532]	@ (100008a4 <main+0x5d0>)
10000690:	0c1b      	lsrs	r3, r3, #16
10000692:	6013      	str	r3, [r2, #0]
10000694:	2c00      	cmp	r4, #0
10000696:	d100      	bne.n	1000069a <main+0x3c6>
10000698:	e0e9      	b.n	1000086e <main+0x59a>
1000069a:	9b07      	ldr	r3, [sp, #28]
1000069c:	781b      	ldrb	r3, [r3, #0]
1000069e:	2b00      	cmp	r3, #0
100006a0:	d052      	beq.n	10000748 <main+0x474>
100006a2:	23fa      	movs	r3, #250	@ 0xfa
100006a4:	9a03      	ldr	r2, [sp, #12]
100006a6:	00db      	lsls	r3, r3, #3
100006a8:	429a      	cmp	r2, r3
100006aa:	d900      	bls.n	100006ae <main+0x3da>
100006ac:	e080      	b.n	100007b0 <main+0x4dc>
100006ae:	4b7e      	ldr	r3, [pc, #504]	@ (100008a8 <main+0x5d4>)
100006b0:	497e      	ldr	r1, [pc, #504]	@ (100008ac <main+0x5d8>)
100006b2:	681a      	ldr	r2, [r3, #0]
100006b4:	4b7e      	ldr	r3, [pc, #504]	@ (100008b0 <main+0x5dc>)
100006b6:	405a      	eors	r2, r3
100006b8:	0412      	lsls	r2, r2, #16
100006ba:	0c12      	lsrs	r2, r2, #16
100006bc:	600a      	str	r2, [r1, #0]
100006be:	4a7d      	ldr	r2, [pc, #500]	@ (100008b4 <main+0x5e0>)
100006c0:	497d      	ldr	r1, [pc, #500]	@ (100008b8 <main+0x5e4>)
100006c2:	6812      	ldr	r2, [r2, #0]
100006c4:	405a      	eors	r2, r3
100006c6:	0412      	lsls	r2, r2, #16
100006c8:	0c12      	lsrs	r2, r2, #16
100006ca:	600a      	str	r2, [r1, #0]
100006cc:	4a7b      	ldr	r2, [pc, #492]	@ (100008bc <main+0x5e8>)
100006ce:	497c      	ldr	r1, [pc, #496]	@ (100008c0 <main+0x5ec>)
100006d0:	6812      	ldr	r2, [r2, #0]
100006d2:	405a      	eors	r2, r3
100006d4:	0412      	lsls	r2, r2, #16
100006d6:	0c12      	lsrs	r2, r2, #16
100006d8:	600a      	str	r2, [r1, #0]
100006da:	4a7a      	ldr	r2, [pc, #488]	@ (100008c4 <main+0x5f0>)
100006dc:	6812      	ldr	r2, [r2, #0]
100006de:	4053      	eors	r3, r2
100006e0:	041b      	lsls	r3, r3, #16
100006e2:	4a79      	ldr	r2, [pc, #484]	@ (100008c8 <main+0x5f4>)
100006e4:	0c1b      	lsrs	r3, r3, #16
100006e6:	6013      	str	r3, [r2, #0]
100006e8:	4b78      	ldr	r3, [pc, #480]	@ (100008cc <main+0x5f8>)
100006ea:	681a      	ldr	r2, [r3, #0]
100006ec:	4b78      	ldr	r3, [pc, #480]	@ (100008d0 <main+0x5fc>)
100006ee:	4053      	eors	r3, r2
100006f0:	041b      	lsls	r3, r3, #16
100006f2:	4a78      	ldr	r2, [pc, #480]	@ (100008d4 <main+0x600>)
100006f4:	0c1b      	lsrs	r3, r3, #16
100006f6:	6013      	str	r3, [r2, #0]
100006f8:	2c00      	cmp	r4, #0
100006fa:	d000      	beq.n	100006fe <main+0x42a>
100006fc:	e6f2      	b.n	100004e4 <main+0x210>
100006fe:	9a0c      	ldr	r2, [sp, #48]	@ 0x30
10000700:	9903      	ldr	r1, [sp, #12]
10000702:	980d      	ldr	r0, [sp, #52]	@ 0x34
10000704:	f004 f83e 	bl	10004784 <__wrap_printf>
10000708:	e6ec      	b.n	100004e4 <main+0x210>
1000070a:	9b08      	ldr	r3, [sp, #32]
1000070c:	781b      	ldrb	r3, [r3, #0]
1000070e:	2b00      	cmp	r3, #0
10000710:	d08c      	beq.n	1000062c <main+0x358>
10000712:	9b0a      	ldr	r3, [sp, #40]	@ 0x28
10000714:	681b      	ldr	r3, [r3, #0]
10000716:	1ac0      	subs	r0, r0, r3
10000718:	3891      	subs	r0, #145	@ 0x91
1000071a:	38ff      	subs	r0, #255	@ 0xff
1000071c:	28c8      	cmp	r0, #200	@ 0xc8
1000071e:	d80a      	bhi.n	10000736 <main+0x462>
10000720:	2201      	movs	r2, #1
10000722:	9907      	ldr	r1, [sp, #28]
10000724:	780b      	ldrb	r3, [r1, #0]
10000726:	4053      	eors	r3, r2
10000728:	700b      	strb	r3, [r1, #0]
1000072a:	9911      	ldr	r1, [sp, #68]	@ 0x44
1000072c:	d000      	beq.n	10000730 <main+0x45c>
1000072e:	9913      	ldr	r1, [sp, #76]	@ 0x4c
10000730:	9812      	ldr	r0, [sp, #72]	@ 0x48
10000732:	f004 f827 	bl	10004784 <__wrap_printf>
10000736:	2300      	movs	r3, #0
10000738:	9a08      	ldr	r2, [sp, #32]
1000073a:	7013      	strb	r3, [r2, #0]
1000073c:	e776      	b.n	1000062c <main+0x358>
1000073e:	21fa      	movs	r1, #250	@ 0xfa
10000740:	0089      	lsls	r1, r1, #2
10000742:	f001 fd2f 	bl	100021a4 <__wrap___aeabi_uidiv>
10000746:	e75f      	b.n	10000608 <main+0x334>
10000748:	23fa      	movs	r3, #250	@ 0xfa
1000074a:	9a03      	ldr	r2, [sp, #12]
1000074c:	00db      	lsls	r3, r3, #3
1000074e:	429a      	cmp	r2, r3
10000750:	d958      	bls.n	10000804 <main+0x530>
10000752:	4b55      	ldr	r3, [pc, #340]	@ (100008a8 <main+0x5d4>)
10000754:	4955      	ldr	r1, [pc, #340]	@ (100008ac <main+0x5d8>)
10000756:	681a      	ldr	r2, [r3, #0]
10000758:	23fa      	movs	r3, #250	@ 0xfa
1000075a:	005b      	lsls	r3, r3, #1
1000075c:	405a      	eors	r2, r3
1000075e:	0412      	lsls	r2, r2, #16
10000760:	0c12      	lsrs	r2, r2, #16
10000762:	600a      	str	r2, [r1, #0]
10000764:	4a53      	ldr	r2, [pc, #332]	@ (100008b4 <main+0x5e0>)
10000766:	4956      	ldr	r1, [pc, #344]	@ (100008c0 <main+0x5ec>)
10000768:	6812      	ldr	r2, [r2, #0]
1000076a:	4053      	eors	r3, r2
1000076c:	041b      	lsls	r3, r3, #16
1000076e:	4a52      	ldr	r2, [pc, #328]	@ (100008b8 <main+0x5e4>)
10000770:	0c1b      	lsrs	r3, r3, #16
10000772:	6013      	str	r3, [r2, #0]
10000774:	4b51      	ldr	r3, [pc, #324]	@ (100008bc <main+0x5e8>)
10000776:	681a      	ldr	r2, [r3, #0]
10000778:	4b57      	ldr	r3, [pc, #348]	@ (100008d8 <main+0x604>)
1000077a:	405a      	eors	r2, r3
1000077c:	0412      	lsls	r2, r2, #16
1000077e:	0c12      	lsrs	r2, r2, #16
10000780:	600a      	str	r2, [r1, #0]
10000782:	4a50      	ldr	r2, [pc, #320]	@ (100008c4 <main+0x5f0>)
10000784:	4950      	ldr	r1, [pc, #320]	@ (100008c8 <main+0x5f4>)
10000786:	6812      	ldr	r2, [r2, #0]
10000788:	405a      	eors	r2, r3
1000078a:	0412      	lsls	r2, r2, #16
1000078c:	0c12      	lsrs	r2, r2, #16
1000078e:	600a      	str	r2, [r1, #0]
10000790:	4a4e      	ldr	r2, [pc, #312]	@ (100008cc <main+0x5f8>)
10000792:	6812      	ldr	r2, [r2, #0]
10000794:	4053      	eors	r3, r2
10000796:	041b      	lsls	r3, r3, #16
10000798:	4a4e      	ldr	r2, [pc, #312]	@ (100008d4 <main+0x600>)
1000079a:	0c1b      	lsrs	r3, r3, #16
1000079c:	6013      	str	r3, [r2, #0]
1000079e:	2c00      	cmp	r4, #0
100007a0:	d000      	beq.n	100007a4 <main+0x4d0>
100007a2:	e69f      	b.n	100004e4 <main+0x210>
100007a4:	9a0b      	ldr	r2, [sp, #44]	@ 0x2c
100007a6:	9903      	ldr	r1, [sp, #12]
100007a8:	980e      	ldr	r0, [sp, #56]	@ 0x38
100007aa:	f003 ffeb 	bl	10004784 <__wrap_printf>
100007ae:	e699      	b.n	100004e4 <main+0x210>
100007b0:	4b3d      	ldr	r3, [pc, #244]	@ (100008a8 <main+0x5d4>)
100007b2:	493e      	ldr	r1, [pc, #248]	@ (100008ac <main+0x5d8>)
100007b4:	681a      	ldr	r2, [r3, #0]
100007b6:	23fa      	movs	r3, #250	@ 0xfa
100007b8:	005b      	lsls	r3, r3, #1
100007ba:	405a      	eors	r2, r3
100007bc:	0412      	lsls	r2, r2, #16
100007be:	0c12      	lsrs	r2, r2, #16
100007c0:	600a      	str	r2, [r1, #0]
100007c2:	4a3c      	ldr	r2, [pc, #240]	@ (100008b4 <main+0x5e0>)
100007c4:	493c      	ldr	r1, [pc, #240]	@ (100008b8 <main+0x5e4>)
100007c6:	6812      	ldr	r2, [r2, #0]
100007c8:	405a      	eors	r2, r3
100007ca:	0412      	lsls	r2, r2, #16
100007cc:	0c12      	lsrs	r2, r2, #16
100007ce:	600a      	str	r2, [r1, #0]
100007d0:	4a3a      	ldr	r2, [pc, #232]	@ (100008bc <main+0x5e8>)
100007d2:	493b      	ldr	r1, [pc, #236]	@ (100008c0 <main+0x5ec>)
100007d4:	6812      	ldr	r2, [r2, #0]
100007d6:	405a      	eors	r2, r3
100007d8:	0412      	lsls	r2, r2, #16
100007da:	0c12      	lsrs	r2, r2, #16
100007dc:	600a      	str	r2, [r1, #0]
100007de:	4a39      	ldr	r2, [pc, #228]	@ (100008c4 <main+0x5f0>)
100007e0:	4939      	ldr	r1, [pc, #228]	@ (100008c8 <main+0x5f4>)
100007e2:	6812      	ldr	r2, [r2, #0]
100007e4:	405a      	eors	r2, r3
100007e6:	0412      	lsls	r2, r2, #16
100007e8:	0c12      	lsrs	r2, r2, #16
100007ea:	600a      	str	r2, [r1, #0]
100007ec:	4a37      	ldr	r2, [pc, #220]	@ (100008cc <main+0x5f8>)
100007ee:	6812      	ldr	r2, [r2, #0]
100007f0:	4053      	eors	r3, r2
100007f2:	041b      	lsls	r3, r3, #16
100007f4:	4a37      	ldr	r2, [pc, #220]	@ (100008d4 <main+0x600>)
100007f6:	0c1b      	lsrs	r3, r3, #16
100007f8:	6013      	str	r3, [r2, #0]
100007fa:	2c00      	cmp	r4, #0
100007fc:	d000      	beq.n	10000800 <main+0x52c>
100007fe:	e671      	b.n	100004e4 <main+0x210>
10000800:	9a0b      	ldr	r2, [sp, #44]	@ 0x2c
10000802:	e77d      	b.n	10000700 <main+0x42c>
10000804:	4b28      	ldr	r3, [pc, #160]	@ (100008a8 <main+0x5d4>)
10000806:	4929      	ldr	r1, [pc, #164]	@ (100008ac <main+0x5d8>)
10000808:	681a      	ldr	r2, [r3, #0]
1000080a:	4b29      	ldr	r3, [pc, #164]	@ (100008b0 <main+0x5dc>)
1000080c:	405a      	eors	r2, r3
1000080e:	0412      	lsls	r2, r2, #16
10000810:	0c12      	lsrs	r2, r2, #16
10000812:	600a      	str	r2, [r1, #0]
10000814:	4a27      	ldr	r2, [pc, #156]	@ (100008b4 <main+0x5e0>)
10000816:	492a      	ldr	r1, [pc, #168]	@ (100008c0 <main+0x5ec>)
10000818:	6812      	ldr	r2, [r2, #0]
1000081a:	4053      	eors	r3, r2
1000081c:	041b      	lsls	r3, r3, #16
1000081e:	4a26      	ldr	r2, [pc, #152]	@ (100008b8 <main+0x5e4>)
10000820:	0c1b      	lsrs	r3, r3, #16
10000822:	6013      	str	r3, [r2, #0]
10000824:	4b25      	ldr	r3, [pc, #148]	@ (100008bc <main+0x5e8>)
10000826:	681a      	ldr	r2, [r3, #0]
10000828:	4b2b      	ldr	r3, [pc, #172]	@ (100008d8 <main+0x604>)
1000082a:	405a      	eors	r2, r3
1000082c:	0412      	lsls	r2, r2, #16
1000082e:	0c12      	lsrs	r2, r2, #16
10000830:	600a      	str	r2, [r1, #0]
10000832:	4a24      	ldr	r2, [pc, #144]	@ (100008c4 <main+0x5f0>)
10000834:	4924      	ldr	r1, [pc, #144]	@ (100008c8 <main+0x5f4>)
10000836:	6812      	ldr	r2, [r2, #0]
10000838:	405a      	eors	r2, r3
1000083a:	0412      	lsls	r2, r2, #16
1000083c:	0c12      	lsrs	r2, r2, #16
1000083e:	600a      	str	r2, [r1, #0]
10000840:	4a22      	ldr	r2, [pc, #136]	@ (100008cc <main+0x5f8>)
10000842:	6812      	ldr	r2, [r2, #0]
10000844:	4053      	eors	r3, r2
10000846:	041b      	lsls	r3, r3, #16
10000848:	4a22      	ldr	r2, [pc, #136]	@ (100008d4 <main+0x600>)
1000084a:	0c1b      	lsrs	r3, r3, #16
1000084c:	6013      	str	r3, [r2, #0]
1000084e:	2c00      	cmp	r4, #0
10000850:	d000      	beq.n	10000854 <main+0x580>
10000852:	e647      	b.n	100004e4 <main+0x210>
10000854:	9a0c      	ldr	r2, [sp, #48]	@ 0x30
10000856:	e7a6      	b.n	100007a6 <main+0x4d2>
10000858:	4b20      	ldr	r3, [pc, #128]	@ (100008dc <main+0x608>)
1000085a:	3114      	adds	r1, #20
1000085c:	4299      	cmp	r1, r3
1000085e:	d80a      	bhi.n	10000876 <main+0x5a2>
10000860:	000b      	movs	r3, r1
10000862:	911b      	str	r1, [sp, #108]	@ 0x6c
10000864:	e6f4      	b.n	10000650 <main+0x37c>
10000866:	980f      	ldr	r0, [sp, #60]	@ 0x3c
10000868:	f003 ff8c 	bl	10004784 <__wrap_printf>
1000086c:	e6fa      	b.n	10000664 <main+0x390>
1000086e:	9810      	ldr	r0, [sp, #64]	@ 0x40
10000870:	f003 ff88 	bl	10004784 <__wrap_printf>
10000874:	e711      	b.n	1000069a <main+0x3c6>
10000876:	0019      	movs	r1, r3
10000878:	931b      	str	r3, [sp, #108]	@ 0x6c
1000087a:	e6e9      	b.n	10000650 <main+0x37c>
1000087c:	0013      	movs	r3, r2
1000087e:	0011      	movs	r1, r2
10000880:	921b      	str	r2, [sp, #108]	@ 0x6c
10000882:	e700      	b.n	10000686 <main+0x3b2>
10000884:	4b16      	ldr	r3, [pc, #88]	@ (100008e0 <main+0x60c>)
10000886:	0019      	movs	r1, r3
10000888:	9311      	str	r3, [sp, #68]	@ 0x44
1000088a:	4b16      	ldr	r3, [pc, #88]	@ (100008e4 <main+0x610>)
1000088c:	9313      	str	r3, [sp, #76]	@ 0x4c
1000088e:	e5e4      	b.n	1000045a <main+0x186>
10000890:	20fe      	movs	r0, #254	@ 0xfe
10000892:	0580      	lsls	r0, r0, #22
10000894:	e548      	b.n	10000328 <main+0x54>
10000896:	46c0      	nop			@ (mov r8, r8)
10000898:	00007530 	.word	0x00007530
1000089c:	000009c3 	.word	0x000009c3
100008a0:	40050070 	.word	0x40050070
100008a4:	40051070 	.word	0x40051070
100008a8:	4005000c 	.word	0x4005000c
100008ac:	4005100c 	.word	0x4005100c
100008b0:	00000954 	.word	0x00000954
100008b4:	40050020 	.word	0x40050020
100008b8:	40051020 	.word	0x40051020
100008bc:	40050034 	.word	0x40050034
100008c0:	40051034 	.word	0x40051034
100008c4:	40050048 	.word	0x40050048
100008c8:	40051048 	.word	0x40051048
100008cc:	4005005c 	.word	0x4005005c
100008d0:	000006ba 	.word	0x000006ba
100008d4:	4005105c 	.word	0x4005105c
100008d8:	000005e6 	.word	0x000005e6
100008dc:	000009c4 	.word	0x000009c4
100008e0:	10007574 	.word	0x10007574
100008e4:	10007560 	.word	0x10007560

100008e8 <gpio_set_function>:
100008e8:	4a09      	ldr	r2, [pc, #36]	@ (10000910 <gpio_set_function+0x28>)
100008ea:	0083      	lsls	r3, r0, #2
100008ec:	189a      	adds	r2, r3, r2
100008ee:	b510      	push	{r4, lr}
100008f0:	6814      	ldr	r4, [r2, #0]
100008f2:	2240      	movs	r2, #64	@ 0x40
100008f4:	4054      	eors	r4, r2
100008f6:	3280      	adds	r2, #128	@ 0x80
100008f8:	4022      	ands	r2, r4
100008fa:	4c06      	ldr	r4, [pc, #24]	@ (10000914 <gpio_set_function+0x2c>)
100008fc:	00c0      	lsls	r0, r0, #3
100008fe:	46a4      	mov	ip, r4
10000900:	4463      	add	r3, ip
10000902:	601a      	str	r2, [r3, #0]
10000904:	4b04      	ldr	r3, [pc, #16]	@ (10000918 <gpio_set_function+0x30>)
10000906:	469c      	mov	ip, r3
10000908:	4460      	add	r0, ip
1000090a:	6041      	str	r1, [r0, #4]
1000090c:	bd10      	pop	{r4, pc}
1000090e:	46c0      	nop			@ (mov r8, r8)
10000910:	4001c004 	.word	0x4001c004
10000914:	4001d004 	.word	0x4001d004
10000918:	40014000 	.word	0x40014000

1000091c <gpio_set_pulls>:
1000091c:	4b07      	ldr	r3, [pc, #28]	@ (1000093c <gpio_set_pulls+0x20>)
1000091e:	0080      	lsls	r0, r0, #2
10000920:	18c3      	adds	r3, r0, r3
10000922:	681b      	ldr	r3, [r3, #0]
10000924:	00c9      	lsls	r1, r1, #3
10000926:	0092      	lsls	r2, r2, #2
10000928:	430a      	orrs	r2, r1
1000092a:	405a      	eors	r2, r3
1000092c:	230c      	movs	r3, #12
1000092e:	4013      	ands	r3, r2
10000930:	4a03      	ldr	r2, [pc, #12]	@ (10000940 <gpio_set_pulls+0x24>)
10000932:	4694      	mov	ip, r2
10000934:	4460      	add	r0, ip
10000936:	6003      	str	r3, [r0, #0]
10000938:	4770      	bx	lr
1000093a:	46c0      	nop			@ (mov r8, r8)
1000093c:	4001c004 	.word	0x4001c004
10000940:	4001d004 	.word	0x4001d004

10000944 <gpio_init>:
10000944:	2301      	movs	r3, #1
10000946:	22d0      	movs	r2, #208	@ 0xd0
10000948:	4083      	lsls	r3, r0
1000094a:	0612      	lsls	r2, r2, #24
1000094c:	6293      	str	r3, [r2, #40]	@ 0x28
1000094e:	6193      	str	r3, [r2, #24]
10000950:	4a09      	ldr	r2, [pc, #36]	@ (10000978 <gpio_init+0x34>)
10000952:	0083      	lsls	r3, r0, #2
10000954:	189a      	adds	r2, r3, r2
10000956:	6811      	ldr	r1, [r2, #0]
10000958:	2240      	movs	r2, #64	@ 0x40
1000095a:	4051      	eors	r1, r2
1000095c:	3280      	adds	r2, #128	@ 0x80
1000095e:	400a      	ands	r2, r1
10000960:	4906      	ldr	r1, [pc, #24]	@ (1000097c <gpio_init+0x38>)
10000962:	00c0      	lsls	r0, r0, #3
10000964:	468c      	mov	ip, r1
10000966:	4463      	add	r3, ip
10000968:	601a      	str	r2, [r3, #0]
1000096a:	4b05      	ldr	r3, [pc, #20]	@ (10000980 <gpio_init+0x3c>)
1000096c:	469c      	mov	ip, r3
1000096e:	2305      	movs	r3, #5
10000970:	4460      	add	r0, ip
10000972:	6043      	str	r3, [r0, #4]
10000974:	4770      	bx	lr
10000976:	46c0      	nop			@ (mov r8, r8)
10000978:	4001c004 	.word	0x4001c004
1000097c:	4001d004 	.word	0x4001d004
10000980:	40014000 	.word	0x40014000

10000984 <rp2040_chip_version>:
10000984:	2380      	movs	r3, #128	@ 0x80
10000986:	05db      	lsls	r3, r3, #23
10000988:	6818      	ldr	r0, [r3, #0]
1000098a:	0f00      	lsrs	r0, r0, #28
1000098c:	4770      	bx	lr
1000098e:	46c0      	nop			@ (mov r8, r8)

10000990 <panic>:
10000990:	b40f      	push	{r0, r1, r2, r3}
10000992:	b500      	push	{lr}
10000994:	4808      	ldr	r0, [pc, #32]	@ (100009b8 <panic+0x28>)
10000996:	b083      	sub	sp, #12
10000998:	f003 fe70 	bl	1000467c <__wrap_puts>
1000099c:	9b04      	ldr	r3, [sp, #16]
1000099e:	2b00      	cmp	r3, #0
100009a0:	d007      	beq.n	100009b2 <panic+0x22>
100009a2:	a905      	add	r1, sp, #20
100009a4:	0018      	movs	r0, r3
100009a6:	9101      	str	r1, [sp, #4]
100009a8:	f003 fcba 	bl	10004320 <weak_raw_vprintf>
100009ac:	4803      	ldr	r0, [pc, #12]	@ (100009bc <panic+0x2c>)
100009ae:	f003 fe65 	bl	1000467c <__wrap_puts>
100009b2:	2001      	movs	r0, #1
100009b4:	f003 fccc 	bl	10004350 <_exit>
100009b8:	100077b8 	.word	0x100077b8
100009bc:	1000767c 	.word	0x1000767c

100009c0 <hw_claim_or_assert>:
100009c0:	b570      	push	{r4, r5, r6, lr}
100009c2:	f3ef 8c10 	mrs	ip, PRIMASK
100009c6:	b672      	cpsid	i
100009c8:	4d0d      	ldr	r5, [pc, #52]	@ (10000a00 <hw_claim_or_assert+0x40>)
100009ca:	682b      	ldr	r3, [r5, #0]
100009cc:	2b00      	cmp	r3, #0
100009ce:	d0fc      	beq.n	100009ca <hw_claim_or_assert+0xa>
100009d0:	f3bf 8f5f 	dmb	sy
100009d4:	2407      	movs	r4, #7
100009d6:	08cb      	lsrs	r3, r1, #3
100009d8:	18c6      	adds	r6, r0, r3
100009da:	5cc0      	ldrb	r0, [r0, r3]
100009dc:	2301      	movs	r3, #1
100009de:	400c      	ands	r4, r1
100009e0:	40a3      	lsls	r3, r4
100009e2:	001c      	movs	r4, r3
100009e4:	4004      	ands	r4, r0
100009e6:	4203      	tst	r3, r0
100009e8:	d107      	bne.n	100009fa <hw_claim_or_assert+0x3a>
100009ea:	4318      	orrs	r0, r3
100009ec:	7030      	strb	r0, [r6, #0]
100009ee:	f3bf 8f5f 	dmb	sy
100009f2:	602c      	str	r4, [r5, #0]
100009f4:	f38c 8810 	msr	PRIMASK, ip
100009f8:	bd70      	pop	{r4, r5, r6, pc}
100009fa:	0010      	movs	r0, r2
100009fc:	f7ff ffc8 	bl	10000990 <panic>
10000a00:	d000012c 	.word	0xd000012c

10000a04 <hw_claim_unused_from_range>:
10000a04:	b5f8      	push	{r3, r4, r5, r6, r7, lr}
10000a06:	4647      	mov	r7, r8
10000a08:	46ce      	mov	lr, r9
10000a0a:	4688      	mov	r8, r1
10000a0c:	b580      	push	{r7, lr}
10000a0e:	f3ef 8c10 	mrs	ip, PRIMASK
10000a12:	b672      	cpsid	i
10000a14:	4d1c      	ldr	r5, [pc, #112]	@ (10000a88 <hw_claim_unused_from_range+0x84>)
10000a16:	682c      	ldr	r4, [r5, #0]
10000a18:	2c00      	cmp	r4, #0
10000a1a:	d0fc      	beq.n	10000a16 <hw_claim_unused_from_range+0x12>
10000a1c:	f3bf 8f5f 	dmb	sy
10000a20:	429a      	cmp	r2, r3
10000a22:	d822      	bhi.n	10000a6a <hw_claim_unused_from_range+0x66>
10000a24:	2107      	movs	r1, #7
10000a26:	2601      	movs	r6, #1
10000a28:	4689      	mov	r9, r1
10000a2a:	e002      	b.n	10000a32 <hw_claim_unused_from_range+0x2e>
10000a2c:	3201      	adds	r2, #1
10000a2e:	4293      	cmp	r3, r2
10000a30:	d318      	bcc.n	10000a64 <hw_claim_unused_from_range+0x60>
10000a32:	464d      	mov	r5, r9
10000a34:	0037      	movs	r7, r6
10000a36:	4015      	ands	r5, r2
10000a38:	40af      	lsls	r7, r5
10000a3a:	08d4      	lsrs	r4, r2, #3
10000a3c:	1901      	adds	r1, r0, r4
10000a3e:	5d04      	ldrb	r4, [r0, r4]
10000a40:	4227      	tst	r7, r4
10000a42:	d1f3      	bne.n	10000a2c <hw_claim_unused_from_range+0x28>
10000a44:	0010      	movs	r0, r2
10000a46:	433c      	orrs	r4, r7
10000a48:	700c      	strb	r4, [r1, #0]
10000a4a:	f3bf 8f5f 	dmb	sy
10000a4e:	2200      	movs	r2, #0
10000a50:	4b0d      	ldr	r3, [pc, #52]	@ (10000a88 <hw_claim_unused_from_range+0x84>)
10000a52:	601a      	str	r2, [r3, #0]
10000a54:	f38c 8810 	msr	PRIMASK, ip
10000a58:	2800      	cmp	r0, #0
10000a5a:	db0e      	blt.n	10000a7a <hw_claim_unused_from_range+0x76>
10000a5c:	bcc0      	pop	{r6, r7}
10000a5e:	46b9      	mov	r9, r7
10000a60:	46b0      	mov	r8, r6
10000a62:	bdf8      	pop	{r3, r4, r5, r6, r7, pc}
10000a64:	2001      	movs	r0, #1
10000a66:	4240      	negs	r0, r0
10000a68:	e7ef      	b.n	10000a4a <hw_claim_unused_from_range+0x46>
10000a6a:	f3bf 8f5f 	dmb	sy
10000a6e:	2300      	movs	r3, #0
10000a70:	602b      	str	r3, [r5, #0]
10000a72:	f38c 8810 	msr	PRIMASK, ip
10000a76:	2001      	movs	r0, #1
10000a78:	4240      	negs	r0, r0
10000a7a:	4643      	mov	r3, r8
10000a7c:	2b00      	cmp	r3, #0
10000a7e:	d0ed      	beq.n	10000a5c <hw_claim_unused_from_range+0x58>
10000a80:	9808      	ldr	r0, [sp, #32]
10000a82:	f7ff ff85 	bl	10000990 <panic>
10000a86:	46c0      	nop			@ (mov r8, r8)
10000a88:	d000012c 	.word	0xd000012c

10000a8c <next_striped_spin_lock_num>:
10000a8c:	4a04      	ldr	r2, [pc, #16]	@ (10000aa0 <next_striped_spin_lock_num+0x14>)
10000a8e:	7810      	ldrb	r0, [r2, #0]
10000a90:	1c43      	adds	r3, r0, #1
10000a92:	b2db      	uxtb	r3, r3
10000a94:	2b17      	cmp	r3, #23
10000a96:	d900      	bls.n	10000a9a <next_striped_spin_lock_num+0xe>
10000a98:	2310      	movs	r3, #16
10000a9a:	7013      	strb	r3, [r2, #0]
10000a9c:	4770      	bx	lr
10000a9e:	46c0      	nop			@ (mov r8, r8)
10000aa0:	20000fe1 	.word	0x20000fe1

10000aa4 <spin_lock_claim_unused>:
10000aa4:	b510      	push	{r4, lr}
10000aa6:	4b06      	ldr	r3, [pc, #24]	@ (10000ac0 <spin_lock_claim_unused+0x1c>)
10000aa8:	4c06      	ldr	r4, [pc, #24]	@ (10000ac4 <spin_lock_claim_unused+0x20>)
10000aaa:	b082      	sub	sp, #8
10000aac:	0001      	movs	r1, r0
10000aae:	9300      	str	r3, [sp, #0]
10000ab0:	2218      	movs	r2, #24
10000ab2:	231f      	movs	r3, #31
10000ab4:	0020      	movs	r0, r4
10000ab6:	f7ff ffa5 	bl	10000a04 <hw_claim_unused_from_range>
10000aba:	b002      	add	sp, #8
10000abc:	bd10      	pop	{r4, pc}
10000abe:	46c0      	nop			@ (mov r8, r8)
10000ac0:	100077c8 	.word	0x100077c8
10000ac4:	20001a00 	.word	0x20001a00

10000ac8 <spin_locks_reset>:
10000ac8:	2100      	movs	r1, #0
10000aca:	4b04      	ldr	r3, [pc, #16]	@ (10000adc <spin_locks_reset+0x14>)
10000acc:	4a04      	ldr	r2, [pc, #16]	@ (10000ae0 <spin_locks_reset+0x18>)
10000ace:	f3bf 8f5f 	dmb	sy
10000ad2:	c302      	stmia	r3!, {r1}
10000ad4:	4293      	cmp	r3, r2
10000ad6:	d1fa      	bne.n	10000ace <spin_locks_reset+0x6>
10000ad8:	4770      	bx	lr
10000ada:	46c0      	nop			@ (mov r8, r8)
10000adc:	d0000100 	.word	0xd0000100
10000ae0:	d0000180 	.word	0xd0000180

10000ae4 <runtime_init_per_core_irq_priorities>:
10000ae4:	4b05      	ldr	r3, [pc, #20]	@ (10000afc <runtime_init_per_core_irq_priorities+0x18>)
10000ae6:	4a06      	ldr	r2, [pc, #24]	@ (10000b00 <runtime_init_per_core_irq_priorities+0x1c>)
10000ae8:	6013      	str	r3, [r2, #0]
10000aea:	4a06      	ldr	r2, [pc, #24]	@ (10000b04 <runtime_init_per_core_irq_priorities+0x20>)
10000aec:	6013      	str	r3, [r2, #0]
10000aee:	6053      	str	r3, [r2, #4]
10000af0:	6093      	str	r3, [r2, #8]
10000af2:	60d3      	str	r3, [r2, #12]
10000af4:	6113      	str	r3, [r2, #16]
10000af6:	6153      	str	r3, [r2, #20]
10000af8:	6193      	str	r3, [r2, #24]
10000afa:	4770      	bx	lr
10000afc:	80808080 	.word	0x80808080
10000b00:	e000e400 	.word	0xe000e400
10000b04:	e000e404 	.word	0xe000e404

10000b08 <irq_set_enabled>:
10000b08:	231f      	movs	r3, #31
10000b0a:	4018      	ands	r0, r3
10000b0c:	3b1e      	subs	r3, #30
10000b0e:	4083      	lsls	r3, r0
10000b10:	2900      	cmp	r1, #0
10000b12:	d005      	beq.n	10000b20 <irq_set_enabled+0x18>
10000b14:	21c0      	movs	r1, #192	@ 0xc0
10000b16:	4a04      	ldr	r2, [pc, #16]	@ (10000b28 <irq_set_enabled+0x20>)
10000b18:	0049      	lsls	r1, r1, #1
10000b1a:	5053      	str	r3, [r2, r1]
10000b1c:	6013      	str	r3, [r2, #0]
10000b1e:	4770      	bx	lr
10000b20:	2280      	movs	r2, #128	@ 0x80
10000b22:	4901      	ldr	r1, [pc, #4]	@ (10000b28 <irq_set_enabled+0x20>)
10000b24:	508b      	str	r3, [r1, r2]
10000b26:	e7fa      	b.n	10000b1e <irq_set_enabled+0x16>
10000b28:	e000e100 	.word	0xe000e100

10000b2c <irq_is_enabled>:
10000b2c:	2201      	movs	r2, #1
10000b2e:	4082      	lsls	r2, r0
10000b30:	4b03      	ldr	r3, [pc, #12]	@ (10000b40 <irq_is_enabled+0x14>)
10000b32:	681b      	ldr	r3, [r3, #0]
10000b34:	4013      	ands	r3, r2
10000b36:	1e5a      	subs	r2, r3, #1
10000b38:	4193      	sbcs	r3, r2
10000b3a:	b2d8      	uxtb	r0, r3
10000b3c:	4770      	bx	lr
10000b3e:	46c0      	nop			@ (mov r8, r8)
10000b40:	e000e100 	.word	0xe000e100

10000b44 <irq_set_pending>:
10000b44:	2301      	movs	r3, #1
10000b46:	4083      	lsls	r3, r0
10000b48:	4a01      	ldr	r2, [pc, #4]	@ (10000b50 <irq_set_pending+0xc>)
10000b4a:	6013      	str	r3, [r2, #0]
10000b4c:	4770      	bx	lr
10000b4e:	46c0      	nop			@ (mov r8, r8)
10000b50:	e000e200 	.word	0xe000e200

10000b54 <irq_has_shared_handler>:
10000b54:	4b06      	ldr	r3, [pc, #24]	@ (10000b70 <irq_has_shared_handler+0x1c>)
10000b56:	3010      	adds	r0, #16
10000b58:	689b      	ldr	r3, [r3, #8]
10000b5a:	0080      	lsls	r0, r0, #2
10000b5c:	58c3      	ldr	r3, [r0, r3]
10000b5e:	4a05      	ldr	r2, [pc, #20]	@ (10000b74 <irq_has_shared_handler+0x20>)
10000b60:	2000      	movs	r0, #0
10000b62:	1a9b      	subs	r3, r3, r2
10000b64:	222f      	movs	r2, #47	@ 0x2f
10000b66:	429a      	cmp	r2, r3
10000b68:	4140      	adcs	r0, r0
10000b6a:	b2c0      	uxtb	r0, r0
10000b6c:	4770      	bx	lr
10000b6e:	46c0      	nop			@ (mov r8, r8)
10000b70:	e000ed00 	.word	0xe000ed00
10000b74:	20000fe4 	.word	0x20000fe4

10000b78 <irq_set_exclusive_handler>:
10000b78:	b570      	push	{r4, r5, r6, lr}
10000b7a:	000d      	movs	r5, r1
10000b7c:	f3ef 8610 	mrs	r6, PRIMASK
10000b80:	b672      	cpsid	i
10000b82:	4a0f      	ldr	r2, [pc, #60]	@ (10000bc0 <irq_set_exclusive_handler+0x48>)
10000b84:	6813      	ldr	r3, [r2, #0]
10000b86:	2b00      	cmp	r3, #0
10000b88:	d0fc      	beq.n	10000b84 <irq_set_exclusive_handler+0xc>
10000b8a:	f3bf 8f5f 	dmb	sy
10000b8e:	4b0d      	ldr	r3, [pc, #52]	@ (10000bc4 <irq_set_exclusive_handler+0x4c>)
10000b90:	3010      	adds	r0, #16
10000b92:	689b      	ldr	r3, [r3, #8]
10000b94:	0084      	lsls	r4, r0, #2
10000b96:	591b      	ldr	r3, [r3, r4]
10000b98:	4a0b      	ldr	r2, [pc, #44]	@ (10000bc8 <irq_set_exclusive_handler+0x50>)
10000b9a:	4293      	cmp	r3, r2
10000b9c:	d003      	beq.n	10000ba6 <irq_set_exclusive_handler+0x2e>
10000b9e:	429d      	cmp	r5, r3
10000ba0:	d001      	beq.n	10000ba6 <irq_set_exclusive_handler+0x2e>
10000ba2:	f001 f9ad 	bl	10001f00 <hard_assertion_failure>
10000ba6:	4b07      	ldr	r3, [pc, #28]	@ (10000bc4 <irq_set_exclusive_handler+0x4c>)
10000ba8:	689b      	ldr	r3, [r3, #8]
10000baa:	511d      	str	r5, [r3, r4]
10000bac:	f3bf 8f5f 	dmb	sy
10000bb0:	f3bf 8f5f 	dmb	sy
10000bb4:	2200      	movs	r2, #0
10000bb6:	4b02      	ldr	r3, [pc, #8]	@ (10000bc0 <irq_set_exclusive_handler+0x48>)
10000bb8:	601a      	str	r2, [r3, #0]
10000bba:	f386 8810 	msr	PRIMASK, r6
10000bbe:	bd70      	pop	{r4, r5, r6, pc}
10000bc0:	d0000124 	.word	0xd0000124
10000bc4:	e000ed00 	.word	0xe000ed00
10000bc8:	100001c1 	.word	0x100001c1

10000bcc <irq_add_shared_handler>:
10000bcc:	b5f0      	push	{r4, r5, r6, r7, lr}
10000bce:	4657      	mov	r7, sl
10000bd0:	464e      	mov	r6, r9
10000bd2:	46de      	mov	lr, fp
10000bd4:	4645      	mov	r5, r8
10000bd6:	b5e0      	push	{r5, r6, r7, lr}
10000bd8:	b085      	sub	sp, #20
10000bda:	0006      	movs	r6, r0
10000bdc:	9100      	str	r1, [sp, #0]
10000bde:	0017      	movs	r7, r2
10000be0:	f3ef 8b10 	mrs	fp, PRIMASK
10000be4:	b672      	cpsid	i
10000be6:	4a6a      	ldr	r2, [pc, #424]	@ (10000d90 <irq_add_shared_handler+0x1c4>)
10000be8:	6813      	ldr	r3, [r2, #0]
10000bea:	2b00      	cmp	r3, #0
10000bec:	d0fc      	beq.n	10000be8 <irq_add_shared_handler+0x1c>
10000bee:	f3bf 8f5f 	dmb	sy
10000bf2:	2500      	movs	r5, #0
10000bf4:	4b67      	ldr	r3, [pc, #412]	@ (10000d94 <irq_add_shared_handler+0x1c8>)
10000bf6:	575d      	ldrsb	r5, [r3, r5]
10000bf8:	469a      	mov	sl, r3
10000bfa:	2d00      	cmp	r5, #0
10000bfc:	da00      	bge.n	10000c00 <irq_add_shared_handler+0x34>
10000bfe:	e0a9      	b.n	10000d54 <irq_add_shared_handler+0x188>
10000c00:	006b      	lsls	r3, r5, #1
10000c02:	4c65      	ldr	r4, [pc, #404]	@ (10000d98 <irq_add_shared_handler+0x1cc>)
10000c04:	9301      	str	r3, [sp, #4]
10000c06:	195b      	adds	r3, r3, r5
10000c08:	009b      	lsls	r3, r3, #2
10000c0a:	4698      	mov	r8, r3
10000c0c:	46a1      	mov	r9, r4
10000c0e:	44c1      	add	r9, r8
10000c10:	464b      	mov	r3, r9
10000c12:	4652      	mov	r2, sl
10000c14:	799b      	ldrb	r3, [r3, #6]
10000c16:	3610      	adds	r6, #16
10000c18:	7013      	strb	r3, [r2, #0]
10000c1a:	4b60      	ldr	r3, [pc, #384]	@ (10000d9c <irq_add_shared_handler+0x1d0>)
10000c1c:	00b6      	lsls	r6, r6, #2
10000c1e:	689b      	ldr	r3, [r3, #8]
10000c20:	5999      	ldr	r1, [r3, r6]
10000c22:	1b0b      	subs	r3, r1, r4
10000c24:	2b2f      	cmp	r3, #47	@ 0x2f
10000c26:	d933      	bls.n	10000c90 <irq_add_shared_handler+0xc4>
10000c28:	4b5d      	ldr	r3, [pc, #372]	@ (10000da0 <irq_add_shared_handler+0x1d4>)
10000c2a:	4299      	cmp	r1, r3
10000c2c:	d000      	beq.n	10000c30 <irq_add_shared_handler+0x64>
10000c2e:	e0ac      	b.n	10000d8a <irq_add_shared_handler+0x1be>
10000c30:	9b01      	ldr	r3, [sp, #4]
10000c32:	4642      	mov	r2, r8
10000c34:	469c      	mov	ip, r3
10000c36:	4b5b      	ldr	r3, [pc, #364]	@ (10000da4 <irq_add_shared_handler+0x1d8>)
10000c38:	4465      	add	r5, ip
10000c3a:	00ad      	lsls	r5, r5, #2
10000c3c:	5363      	strh	r3, [r4, r5]
10000c3e:	4b5a      	ldr	r3, [pc, #360]	@ (10000da8 <irq_add_shared_handler+0x1dc>)
10000c40:	3202      	adds	r2, #2
10000c42:	18a2      	adds	r2, r4, r2
10000c44:	3b04      	subs	r3, #4
10000c46:	1a9b      	subs	r3, r3, r2
10000c48:	051b      	lsls	r3, r3, #20
10000c4a:	4a58      	ldr	r2, [pc, #352]	@ (10000dac <irq_add_shared_handler+0x1e0>)
10000c4c:	0d5b      	lsrs	r3, r3, #21
10000c4e:	1965      	adds	r5, r4, r5
10000c50:	4313      	orrs	r3, r2
10000c52:	806b      	strh	r3, [r5, #2]
10000c54:	4b56      	ldr	r3, [pc, #344]	@ (10000db0 <irq_add_shared_handler+0x1e4>)
10000c56:	2101      	movs	r1, #1
10000c58:	80ab      	strh	r3, [r5, #4]
10000c5a:	23ff      	movs	r3, #255	@ 0xff
10000c5c:	71ab      	strb	r3, [r5, #6]
10000c5e:	9b00      	ldr	r3, [sp, #0]
10000c60:	71ef      	strb	r7, [r5, #7]
10000c62:	60ab      	str	r3, [r5, #8]
10000c64:	464b      	mov	r3, r9
10000c66:	430b      	orrs	r3, r1
10000c68:	0019      	movs	r1, r3
10000c6a:	4b4c      	ldr	r3, [pc, #304]	@ (10000d9c <irq_add_shared_handler+0x1d0>)
10000c6c:	689b      	ldr	r3, [r3, #8]
10000c6e:	5199      	str	r1, [r3, r6]
10000c70:	f3bf 8f5f 	dmb	sy
10000c74:	f3bf 8f5f 	dmb	sy
10000c78:	2200      	movs	r2, #0
10000c7a:	4b45      	ldr	r3, [pc, #276]	@ (10000d90 <irq_add_shared_handler+0x1c4>)
10000c7c:	601a      	str	r2, [r3, #0]
10000c7e:	f38b 8810 	msr	PRIMASK, fp
10000c82:	b005      	add	sp, #20
10000c84:	bcf0      	pop	{r4, r5, r6, r7}
10000c86:	46bb      	mov	fp, r7
10000c88:	46b2      	mov	sl, r6
10000c8a:	46a9      	mov	r9, r5
10000c8c:	46a0      	mov	r8, r4
10000c8e:	bdf0      	pop	{r4, r5, r6, r7, pc}
10000c90:	2001      	movs	r0, #1
10000c92:	000a      	movs	r2, r1
10000c94:	4382      	bics	r2, r0
10000c96:	79d3      	ldrb	r3, [r2, #7]
10000c98:	468c      	mov	ip, r1
10000c9a:	42bb      	cmp	r3, r7
10000c9c:	d831      	bhi.n	10000d02 <irq_add_shared_handler+0x136>
10000c9e:	4645      	mov	r5, r8
10000ca0:	0013      	movs	r3, r2
10000ca2:	4944      	ldr	r1, [pc, #272]	@ (10000db4 <irq_add_shared_handler+0x1e8>)
10000ca4:	1b1b      	subs	r3, r3, r4
10000ca6:	415b      	adcs	r3, r3
10000ca8:	4359      	muls	r1, r3
10000caa:	0d09      	lsrs	r1, r1, #20
10000cac:	4b3d      	ldr	r3, [pc, #244]	@ (10000da4 <irq_add_shared_handler+0x1d8>)
10000cae:	5363      	strh	r3, [r4, r5]
10000cb0:	4b3d      	ldr	r3, [pc, #244]	@ (10000da8 <irq_add_shared_handler+0x1dc>)
10000cb2:	3502      	adds	r5, #2
10000cb4:	1965      	adds	r5, r4, r5
10000cb6:	3b04      	subs	r3, #4
10000cb8:	1b5b      	subs	r3, r3, r5
10000cba:	051b      	lsls	r3, r3, #20
10000cbc:	4d3b      	ldr	r5, [pc, #236]	@ (10000dac <irq_add_shared_handler+0x1e0>)
10000cbe:	0d5b      	lsrs	r3, r3, #21
10000cc0:	432b      	orrs	r3, r5
10000cc2:	46aa      	mov	sl, r5
10000cc4:	464d      	mov	r5, r9
10000cc6:	806b      	strh	r3, [r5, #2]
10000cc8:	2504      	movs	r5, #4
10000cca:	46ac      	mov	ip, r5
10000ccc:	4655      	mov	r5, sl
10000cce:	44e0      	add	r8, ip
10000cd0:	1f13      	subs	r3, r2, #4
10000cd2:	4444      	add	r4, r8
10000cd4:	1b1b      	subs	r3, r3, r4
10000cd6:	051b      	lsls	r3, r3, #20
10000cd8:	0d5b      	lsrs	r3, r3, #21
10000cda:	431d      	orrs	r5, r3
10000cdc:	464b      	mov	r3, r9
10000cde:	7199      	strb	r1, [r3, #6]
10000ce0:	9900      	ldr	r1, [sp, #0]
10000ce2:	809d      	strh	r5, [r3, #4]
10000ce4:	6099      	str	r1, [r3, #8]
10000ce6:	4649      	mov	r1, r9
10000ce8:	71df      	strb	r7, [r3, #7]
10000cea:	4b33      	ldr	r3, [pc, #204]	@ (10000db8 <irq_add_shared_handler+0x1ec>)
10000cec:	4301      	orrs	r1, r0
10000cee:	6013      	str	r3, [r2, #0]
10000cf0:	e7bb      	b.n	10000c6a <irq_add_shared_handler+0x9e>
10000cf2:	0058      	lsls	r0, r3, #1
10000cf4:	18c0      	adds	r0, r0, r3
10000cf6:	0080      	lsls	r0, r0, #2
10000cf8:	1820      	adds	r0, r4, r0
10000cfa:	79c1      	ldrb	r1, [r0, #7]
10000cfc:	42b9      	cmp	r1, r7
10000cfe:	d92f      	bls.n	10000d60 <irq_add_shared_handler+0x194>
10000d00:	0002      	movs	r2, r0
10000d02:	2306      	movs	r3, #6
10000d04:	56d3      	ldrsb	r3, [r2, r3]
10000d06:	2b00      	cmp	r3, #0
10000d08:	daf3      	bge.n	10000cf2 <irq_add_shared_handler+0x126>
10000d0a:	9302      	str	r3, [sp, #8]
10000d0c:	4b2b      	ldr	r3, [pc, #172]	@ (10000dbc <irq_add_shared_handler+0x1f0>)
10000d0e:	4661      	mov	r1, ip
10000d10:	9303      	str	r3, [sp, #12]
10000d12:	1d13      	adds	r3, r2, #4
10000d14:	469a      	mov	sl, r3
10000d16:	2304      	movs	r3, #4
10000d18:	425b      	negs	r3, r3
10000d1a:	469c      	mov	ip, r3
10000d1c:	44e1      	add	r9, ip
10000d1e:	4650      	mov	r0, sl
10000d20:	464b      	mov	r3, r9
10000d22:	1a1b      	subs	r3, r3, r0
10000d24:	051b      	lsls	r3, r3, #20
10000d26:	0d5b      	lsrs	r3, r3, #21
10000d28:	469c      	mov	ip, r3
10000d2a:	4b20      	ldr	r3, [pc, #128]	@ (10000dac <irq_add_shared_handler+0x1e0>)
10000d2c:	7195      	strb	r5, [r2, #6]
10000d2e:	4698      	mov	r8, r3
10000d30:	4663      	mov	r3, ip
10000d32:	4640      	mov	r0, r8
10000d34:	4303      	orrs	r3, r0
10000d36:	8093      	strh	r3, [r2, #4]
10000d38:	9b01      	ldr	r3, [sp, #4]
10000d3a:	195a      	adds	r2, r3, r5
10000d3c:	0092      	lsls	r2, r2, #2
10000d3e:	9b03      	ldr	r3, [sp, #12]
10000d40:	18a4      	adds	r4, r4, r2
10000d42:	80a3      	strh	r3, [r4, #4]
10000d44:	9b02      	ldr	r3, [sp, #8]
10000d46:	4a1c      	ldr	r2, [pc, #112]	@ (10000db8 <irq_add_shared_handler+0x1ec>)
10000d48:	71a3      	strb	r3, [r4, #6]
10000d4a:	9b00      	ldr	r3, [sp, #0]
10000d4c:	6022      	str	r2, [r4, #0]
10000d4e:	71e7      	strb	r7, [r4, #7]
10000d50:	60a3      	str	r3, [r4, #8]
10000d52:	e78a      	b.n	10000c6a <irq_add_shared_handler+0x9e>
10000d54:	f001 f8d4 	bl	10001f00 <hard_assertion_failure>
10000d58:	2500      	movs	r5, #0
10000d5a:	4653      	mov	r3, sl
10000d5c:	575d      	ldrsb	r5, [r3, r5]
10000d5e:	e74f      	b.n	10000c00 <irq_add_shared_handler+0x34>
10000d60:	8890      	ldrh	r0, [r2, #4]
10000d62:	9302      	str	r3, [sp, #8]
10000d64:	0540      	lsls	r0, r0, #21
10000d66:	1d13      	adds	r3, r2, #4
10000d68:	469a      	mov	sl, r3
10000d6a:	1503      	asrs	r3, r0, #20
10000d6c:	4661      	mov	r1, ip
10000d6e:	469c      	mov	ip, r3
10000d70:	4640      	mov	r0, r8
10000d72:	44d4      	add	ip, sl
10000d74:	4663      	mov	r3, ip
10000d76:	3004      	adds	r0, #4
10000d78:	1820      	adds	r0, r4, r0
10000d7a:	1a18      	subs	r0, r3, r0
10000d7c:	23e0      	movs	r3, #224	@ 0xe0
10000d7e:	0500      	lsls	r0, r0, #20
10000d80:	0d40      	lsrs	r0, r0, #21
10000d82:	021b      	lsls	r3, r3, #8
10000d84:	4318      	orrs	r0, r3
10000d86:	9003      	str	r0, [sp, #12]
10000d88:	e7c5      	b.n	10000d16 <irq_add_shared_handler+0x14a>
10000d8a:	f001 f8b9 	bl	10001f00 <hard_assertion_failure>
10000d8e:	e74f      	b.n	10000c30 <irq_add_shared_handler+0x64>
10000d90:	d0000124 	.word	0xd0000124
10000d94:	20001fda 	.word	0x20001fda
10000d98:	20000fe4 	.word	0x20000fe4
10000d9c:	e000ed00 	.word	0xe000ed00
10000da0:	100001c1 	.word	0x100001c1
10000da4:	ffffa100 	.word	0xffffa100
10000da8:	20001014 	.word	0x20001014
10000dac:	ffffe000 	.word	0xffffe000
10000db0:	ffffbd01 	.word	0xffffbd01
10000db4:	0000aaaa 	.word	0x0000aaaa
10000db8:	47804801 	.word	0x47804801
10000dbc:	0000bd01 	.word	0x0000bd01

10000dc0 <irq_remove_handler>:
10000dc0:	b5f0      	push	{r4, r5, r6, r7, lr}
10000dc2:	46de      	mov	lr, fp
10000dc4:	4657      	mov	r7, sl
10000dc6:	464e      	mov	r6, r9
10000dc8:	4645      	mov	r5, r8
10000dca:	b5e0      	push	{r5, r6, r7, lr}
10000dcc:	000c      	movs	r4, r1
10000dce:	b083      	sub	sp, #12
10000dd0:	f3ef 8810 	mrs	r8, PRIMASK
10000dd4:	b672      	cpsid	i
10000dd6:	4a63      	ldr	r2, [pc, #396]	@ (10000f64 <irq_remove_handler+0x1a4>)
10000dd8:	6813      	ldr	r3, [r2, #0]
10000dda:	2b00      	cmp	r3, #0
10000ddc:	d0fc      	beq.n	10000dd8 <irq_remove_handler+0x18>
10000dde:	f3bf 8f5f 	dmb	sy
10000de2:	4b61      	ldr	r3, [pc, #388]	@ (10000f68 <irq_remove_handler+0x1a8>)
10000de4:	4961      	ldr	r1, [pc, #388]	@ (10000f6c <irq_remove_handler+0x1ac>)
10000de6:	689a      	ldr	r2, [r3, #8]
10000de8:	0003      	movs	r3, r0
10000dea:	3310      	adds	r3, #16
10000dec:	009f      	lsls	r7, r3, #2
10000dee:	59d5      	ldr	r5, [r2, r7]
10000df0:	9301      	str	r3, [sp, #4]
10000df2:	428d      	cmp	r5, r1
10000df4:	d043      	beq.n	10000e7e <irq_remove_handler+0xbe>
10000df6:	42a5      	cmp	r5, r4
10000df8:	d054      	beq.n	10000ea4 <irq_remove_handler+0xe4>
10000dfa:	4e5d      	ldr	r6, [pc, #372]	@ (10000f70 <irq_remove_handler+0x1b0>)
10000dfc:	1baa      	subs	r2, r5, r6
10000dfe:	2a2f      	cmp	r2, #47	@ 0x2f
10000e00:	d83d      	bhi.n	10000e7e <irq_remove_handler+0xbe>
10000e02:	4b5c      	ldr	r3, [pc, #368]	@ (10000f74 <irq_remove_handler+0x1b4>)
10000e04:	469b      	mov	fp, r3
10000e06:	681b      	ldr	r3, [r3, #0]
10000e08:	4699      	mov	r9, r3
10000e0a:	2301      	movs	r3, #1
10000e0c:	001a      	movs	r2, r3
10000e0e:	469c      	mov	ip, r3
10000e10:	4082      	lsls	r2, r0
10000e12:	464b      	mov	r3, r9
10000e14:	4013      	ands	r3, r2
10000e16:	221f      	movs	r2, #31
10000e18:	4699      	mov	r9, r3
10000e1a:	4663      	mov	r3, ip
10000e1c:	4002      	ands	r2, r0
10000e1e:	4093      	lsls	r3, r2
10000e20:	469a      	mov	sl, r3
10000e22:	2280      	movs	r2, #128	@ 0x80
10000e24:	465b      	mov	r3, fp
10000e26:	4650      	mov	r0, sl
10000e28:	5098      	str	r0, [r3, r2]
10000e2a:	f3bf 8f5f 	dmb	sy
10000e2e:	f3ef 8305 	mrs	r3, IPSR
10000e32:	469b      	mov	fp, r3
10000e34:	2b00      	cmp	r3, #0
10000e36:	d037      	beq.n	10000ea8 <irq_remove_handler+0xe8>
10000e38:	9b01      	ldr	r3, [sp, #4]
10000e3a:	455b      	cmp	r3, fp
10000e3c:	d001      	beq.n	10000e42 <irq_remove_handler+0x82>
10000e3e:	f001 f85f 	bl	10001f00 <hard_assertion_failure>
10000e42:	2301      	movs	r3, #1
10000e44:	002a      	movs	r2, r5
10000e46:	439a      	bics	r2, r3
10000e48:	6890      	ldr	r0, [r2, #8]
10000e4a:	4284      	cmp	r4, r0
10000e4c:	d108      	bne.n	10000e60 <irq_remove_handler+0xa0>
10000e4e:	e076      	b.n	10000f3e <irq_remove_handler+0x17e>
10000e50:	004b      	lsls	r3, r1, #1
10000e52:	185b      	adds	r3, r3, r1
10000e54:	009b      	lsls	r3, r3, #2
10000e56:	18f3      	adds	r3, r6, r3
10000e58:	6898      	ldr	r0, [r3, #8]
10000e5a:	4284      	cmp	r4, r0
10000e5c:	d036      	beq.n	10000ecc <irq_remove_handler+0x10c>
10000e5e:	001a      	movs	r2, r3
10000e60:	2106      	movs	r1, #6
10000e62:	5651      	ldrsb	r1, [r2, r1]
10000e64:	2900      	cmp	r1, #0
10000e66:	daf3      	bge.n	10000e50 <irq_remove_handler+0x90>
10000e68:	4284      	cmp	r4, r0
10000e6a:	d054      	beq.n	10000f16 <irq_remove_handler+0x156>
10000e6c:	464b      	mov	r3, r9
10000e6e:	2b00      	cmp	r3, #0
10000e70:	d027      	beq.n	10000ec2 <irq_remove_handler+0x102>
10000e72:	22c0      	movs	r2, #192	@ 0xc0
10000e74:	4651      	mov	r1, sl
10000e76:	4b3f      	ldr	r3, [pc, #252]	@ (10000f74 <irq_remove_handler+0x1b4>)
10000e78:	0052      	lsls	r2, r2, #1
10000e7a:	5099      	str	r1, [r3, r2]
10000e7c:	6019      	str	r1, [r3, #0]
10000e7e:	4b3a      	ldr	r3, [pc, #232]	@ (10000f68 <irq_remove_handler+0x1a8>)
10000e80:	689b      	ldr	r3, [r3, #8]
10000e82:	51dd      	str	r5, [r3, r7]
10000e84:	f3bf 8f5f 	dmb	sy
10000e88:	f3bf 8f5f 	dmb	sy
10000e8c:	2200      	movs	r2, #0
10000e8e:	4b35      	ldr	r3, [pc, #212]	@ (10000f64 <irq_remove_handler+0x1a4>)
10000e90:	601a      	str	r2, [r3, #0]
10000e92:	f388 8810 	msr	PRIMASK, r8
10000e96:	b003      	add	sp, #12
10000e98:	bcf0      	pop	{r4, r5, r6, r7}
10000e9a:	46bb      	mov	fp, r7
10000e9c:	46b2      	mov	sl, r6
10000e9e:	46a9      	mov	r9, r5
10000ea0:	46a0      	mov	r8, r4
10000ea2:	bdf0      	pop	{r4, r5, r6, r7, pc}
10000ea4:	000d      	movs	r5, r1
10000ea6:	e7ea      	b.n	10000e7e <irq_remove_handler+0xbe>
10000ea8:	002a      	movs	r2, r5
10000eaa:	4663      	mov	r3, ip
10000eac:	439a      	bics	r2, r3
10000eae:	6890      	ldr	r0, [r2, #8]
10000eb0:	4284      	cmp	r4, r0
10000eb2:	d1d5      	bne.n	10000e60 <irq_remove_handler+0xa0>
10000eb4:	2006      	movs	r0, #6
10000eb6:	5610      	ldrsb	r0, [r2, r0]
10000eb8:	0013      	movs	r3, r2
10000eba:	2800      	cmp	r0, #0
10000ebc:	da0a      	bge.n	10000ed4 <irq_remove_handler+0x114>
10000ebe:	000d      	movs	r5, r1
10000ec0:	e031      	b.n	10000f26 <irq_remove_handler+0x166>
10000ec2:	2380      	movs	r3, #128	@ 0x80
10000ec4:	4651      	mov	r1, sl
10000ec6:	4a2b      	ldr	r2, [pc, #172]	@ (10000f74 <irq_remove_handler+0x1b4>)
10000ec8:	50d1      	str	r1, [r2, r3]
10000eca:	e7d8      	b.n	10000e7e <irq_remove_handler+0xbe>
10000ecc:	2006      	movs	r0, #6
10000ece:	5618      	ldrsb	r0, [r3, r0]
10000ed0:	2800      	cmp	r0, #0
10000ed2:	db21      	blt.n	10000f18 <irq_remove_handler+0x158>
10000ed4:	0042      	lsls	r2, r0, #1
10000ed6:	1811      	adds	r1, r2, r0
10000ed8:	0089      	lsls	r1, r1, #2
10000eda:	1874      	adds	r4, r6, r1
10000edc:	468b      	mov	fp, r1
10000ede:	68a1      	ldr	r1, [r4, #8]
10000ee0:	6099      	str	r1, [r3, #8]
10000ee2:	79e1      	ldrb	r1, [r4, #7]
10000ee4:	71d9      	strb	r1, [r3, #7]
10000ee6:	2106      	movs	r1, #6
10000ee8:	5661      	ldrsb	r1, [r4, r1]
10000eea:	7199      	strb	r1, [r3, #6]
10000eec:	2900      	cmp	r1, #0
10000eee:	db24      	blt.n	10000f3a <irq_remove_handler+0x17a>
10000ef0:	88a4      	ldrh	r4, [r4, #4]
10000ef2:	1af1      	subs	r1, r6, r3
10000ef4:	0564      	lsls	r4, r4, #21
10000ef6:	1524      	asrs	r4, r4, #20
10000ef8:	445c      	add	r4, fp
10000efa:	1909      	adds	r1, r1, r4
10000efc:	0509      	lsls	r1, r1, #20
10000efe:	4c1e      	ldr	r4, [pc, #120]	@ (10000f78 <irq_remove_handler+0x1b8>)
10000f00:	0d49      	lsrs	r1, r1, #21
10000f02:	4321      	orrs	r1, r4
10000f04:	8099      	strh	r1, [r3, #4]
10000f06:	1813      	adds	r3, r2, r0
10000f08:	4a1c      	ldr	r2, [pc, #112]	@ (10000f7c <irq_remove_handler+0x1bc>)
10000f0a:	009b      	lsls	r3, r3, #2
10000f0c:	7811      	ldrb	r1, [r2, #0]
10000f0e:	18f3      	adds	r3, r6, r3
10000f10:	7199      	strb	r1, [r3, #6]
10000f12:	7010      	strb	r0, [r2, #0]
10000f14:	e7aa      	b.n	10000e6c <irq_remove_handler+0xac>
10000f16:	0013      	movs	r3, r2
10000f18:	4659      	mov	r1, fp
10000f1a:	2900      	cmp	r1, #0
10000f1c:	d114      	bne.n	10000f48 <irq_remove_handler+0x188>
10000f1e:	31ff      	adds	r1, #255	@ 0xff
10000f20:	7191      	strb	r1, [r2, #6]
10000f22:	4917      	ldr	r1, [pc, #92]	@ (10000f80 <irq_remove_handler+0x1c0>)
10000f24:	8091      	strh	r1, [r2, #4]
10000f26:	4915      	ldr	r1, [pc, #84]	@ (10000f7c <irq_remove_handler+0x1bc>)
10000f28:	780a      	ldrb	r2, [r1, #0]
10000f2a:	719a      	strb	r2, [r3, #6]
10000f2c:	4a15      	ldr	r2, [pc, #84]	@ (10000f84 <irq_remove_handler+0x1c4>)
10000f2e:	1b9b      	subs	r3, r3, r6
10000f30:	415b      	adcs	r3, r3
10000f32:	435a      	muls	r2, r3
10000f34:	0d12      	lsrs	r2, r2, #20
10000f36:	700a      	strb	r2, [r1, #0]
10000f38:	e798      	b.n	10000e6c <irq_remove_handler+0xac>
10000f3a:	4911      	ldr	r1, [pc, #68]	@ (10000f80 <irq_remove_handler+0x1c0>)
10000f3c:	e7e2      	b.n	10000f04 <irq_remove_handler+0x144>
10000f3e:	2006      	movs	r0, #6
10000f40:	5610      	ldrsb	r0, [r2, r0]
10000f42:	0013      	movs	r3, r2
10000f44:	2800      	cmp	r0, #0
10000f46:	dac5      	bge.n	10000ed4 <irq_remove_handler+0x114>
10000f48:	4a0f      	ldr	r2, [pc, #60]	@ (10000f88 <irq_remove_handler+0x1c8>)
10000f4a:	4910      	ldr	r1, [pc, #64]	@ (10000f8c <irq_remove_handler+0x1cc>)
10000f4c:	1ad2      	subs	r2, r2, r3
10000f4e:	3a08      	subs	r2, #8
10000f50:	0250      	lsls	r0, r2, #9
10000f52:	0d40      	lsrs	r0, r0, #21
10000f54:	4301      	orrs	r1, r0
10000f56:	8099      	strh	r1, [r3, #4]
10000f58:	490d      	ldr	r1, [pc, #52]	@ (10000f90 <irq_remove_handler+0x1d0>)
10000f5a:	0852      	lsrs	r2, r2, #1
10000f5c:	430a      	orrs	r2, r1
10000f5e:	80da      	strh	r2, [r3, #6]
10000f60:	e784      	b.n	10000e6c <irq_remove_handler+0xac>
10000f62:	46c0      	nop			@ (mov r8, r8)
10000f64:	d0000124 	.word	0xd0000124
10000f68:	e000ed00 	.word	0xe000ed00
10000f6c:	100001c1 	.word	0x100001c1
10000f70:	20000fe4 	.word	0x20000fe4
10000f74:	e000e100 	.word	0xe000e100
10000f78:	ffffe000 	.word	0xffffe000
10000f7c:	20001fda 	.word	0x20001fda
10000f80:	ffffbd01 	.word	0xffffbd01
10000f84:	0000aaaa 	.word	0x0000aaaa
10000f88:	2000101e 	.word	0x2000101e
10000f8c:	fffff000 	.word	0xfffff000
10000f90:	fffff800 	.word	0xfffff800

10000f94 <irq_add_tail_to_free_list>:
10000f94:	b570      	push	{r4, r5, r6, lr}
10000f96:	2401      	movs	r4, #1
10000f98:	4304      	orrs	r4, r0
10000f9a:	f3ef 8105 	mrs	r1, IPSR
10000f9e:	f3ef 8c10 	mrs	ip, PRIMASK
10000fa2:	b672      	cpsid	i
10000fa4:	4a21      	ldr	r2, [pc, #132]	@ (1000102c <irq_add_tail_to_free_list+0x98>)
10000fa6:	6813      	ldr	r3, [r2, #0]
10000fa8:	2b00      	cmp	r3, #0
10000faa:	d0fc      	beq.n	10000fa6 <irq_add_tail_to_free_list+0x12>
10000fac:	f3bf 8f5f 	dmb	sy
10000fb0:	4b1f      	ldr	r3, [pc, #124]	@ (10001030 <irq_add_tail_to_free_list+0x9c>)
10000fb2:	0005      	movs	r5, r0
10000fb4:	4a1f      	ldr	r2, [pc, #124]	@ (10001034 <irq_add_tail_to_free_list+0xa0>)
10000fb6:	1aed      	subs	r5, r5, r3
10000fb8:	416d      	adcs	r5, r5
10000fba:	436a      	muls	r2, r5
10000fbc:	0d12      	lsrs	r2, r2, #20
10000fbe:	4d1e      	ldr	r5, [pc, #120]	@ (10001038 <irq_add_tail_to_free_list+0xa4>)
10000fc0:	0089      	lsls	r1, r1, #2
10000fc2:	68ae      	ldr	r6, [r5, #8]
10000fc4:	b252      	sxtb	r2, r2
10000fc6:	5876      	ldr	r6, [r6, r1]
10000fc8:	42a6      	cmp	r6, r4
10000fca:	d01c      	beq.n	10001006 <irq_add_tail_to_free_list+0x72>
10000fcc:	2106      	movs	r1, #6
10000fce:	5659      	ldrsb	r1, [r3, r1]
10000fd0:	4291      	cmp	r1, r2
10000fd2:	d01c      	beq.n	1000100e <irq_add_tail_to_free_list+0x7a>
10000fd4:	2112      	movs	r1, #18
10000fd6:	5659      	ldrsb	r1, [r3, r1]
10000fd8:	4291      	cmp	r1, r2
10000fda:	d022      	beq.n	10001022 <irq_add_tail_to_free_list+0x8e>
10000fdc:	211e      	movs	r1, #30
10000fde:	5659      	ldrsb	r1, [r3, r1]
10000fe0:	4291      	cmp	r1, r2
10000fe2:	d020      	beq.n	10001026 <irq_add_tail_to_free_list+0x92>
10000fe4:	212a      	movs	r1, #42	@ 0x2a
10000fe6:	5659      	ldrsb	r1, [r3, r1]
10000fe8:	2403      	movs	r4, #3
10000fea:	4291      	cmp	r1, r2
10000fec:	d010      	beq.n	10001010 <irq_add_tail_to_free_list+0x7c>
10000fee:	4b13      	ldr	r3, [pc, #76]	@ (1000103c <irq_add_tail_to_free_list+0xa8>)
10000ff0:	7819      	ldrb	r1, [r3, #0]
10000ff2:	701a      	strb	r2, [r3, #0]
10000ff4:	7181      	strb	r1, [r0, #6]
10000ff6:	f3bf 8f5f 	dmb	sy
10000ffa:	2200      	movs	r2, #0
10000ffc:	4b0b      	ldr	r3, [pc, #44]	@ (1000102c <irq_add_tail_to_free_list+0x98>)
10000ffe:	601a      	str	r2, [r3, #0]
10001000:	f38c 8810 	msr	PRIMASK, ip
10001004:	bd70      	pop	{r4, r5, r6, pc}
10001006:	68ab      	ldr	r3, [r5, #8]
10001008:	4c0d      	ldr	r4, [pc, #52]	@ (10001040 <irq_add_tail_to_free_list+0xac>)
1000100a:	505c      	str	r4, [r3, r1]
1000100c:	e7ef      	b.n	10000fee <irq_add_tail_to_free_list+0x5a>
1000100e:	2400      	movs	r4, #0
10001010:	0061      	lsls	r1, r4, #1
10001012:	1909      	adds	r1, r1, r4
10001014:	0089      	lsls	r1, r1, #2
10001016:	185b      	adds	r3, r3, r1
10001018:	21ff      	movs	r1, #255	@ 0xff
1000101a:	7199      	strb	r1, [r3, #6]
1000101c:	4909      	ldr	r1, [pc, #36]	@ (10001044 <irq_add_tail_to_free_list+0xb0>)
1000101e:	8099      	strh	r1, [r3, #4]
10001020:	e7e5      	b.n	10000fee <irq_add_tail_to_free_list+0x5a>
10001022:	2401      	movs	r4, #1
10001024:	e7f4      	b.n	10001010 <irq_add_tail_to_free_list+0x7c>
10001026:	2402      	movs	r4, #2
10001028:	e7f2      	b.n	10001010 <irq_add_tail_to_free_list+0x7c>
1000102a:	46c0      	nop			@ (mov r8, r8)
1000102c:	d0000124 	.word	0xd0000124
10001030:	20000fe4 	.word	0x20000fe4
10001034:	0000aaaa 	.word	0x0000aaaa
10001038:	e000ed00 	.word	0xe000ed00
1000103c:	20001fda 	.word	0x20001fda
10001040:	100001c1 	.word	0x100001c1
10001044:	ffffbd01 	.word	0xffffbd01

10001048 <user_irq_claim_unused>:
10001048:	b510      	push	{r4, lr}
1000104a:	4b08      	ldr	r3, [pc, #32]	@ (1000106c <user_irq_claim_unused+0x24>)
1000104c:	4c08      	ldr	r4, [pc, #32]	@ (10001070 <user_irq_claim_unused+0x28>)
1000104e:	b082      	sub	sp, #8
10001050:	0001      	movs	r1, r0
10001052:	9300      	str	r3, [sp, #0]
10001054:	2200      	movs	r2, #0
10001056:	2305      	movs	r3, #5
10001058:	0020      	movs	r0, r4
1000105a:	f7ff fcd3 	bl	10000a04 <hw_claim_unused_from_range>
1000105e:	2800      	cmp	r0, #0
10001060:	db01      	blt.n	10001066 <user_irq_claim_unused+0x1e>
10001062:	231f      	movs	r3, #31
10001064:	1a18      	subs	r0, r3, r0
10001066:	b002      	add	sp, #8
10001068:	bd10      	pop	{r4, pc}
1000106a:	46c0      	nop			@ (mov r8, r8)
1000106c:	100077e4 	.word	0x100077e4
10001070:	20001fdf 	.word	0x20001fdf

10001074 <lock_init>:
10001074:	4b02      	ldr	r3, [pc, #8]	@ (10001080 <lock_init+0xc>)
10001076:	469c      	mov	ip, r3
10001078:	4461      	add	r1, ip
1000107a:	0089      	lsls	r1, r1, #2
1000107c:	6001      	str	r1, [r0, #0]
1000107e:	4770      	bx	lr
10001080:	34000040 	.word	0x34000040

10001084 <runtime_init_mutex>:
10001084:	b570      	push	{r4, r5, r6, lr}
10001086:	4c11      	ldr	r4, [pc, #68]	@ (100010cc <runtime_init_mutex+0x48>)
10001088:	4d11      	ldr	r5, [pc, #68]	@ (100010d0 <runtime_init_mutex+0x4c>)
1000108a:	42ac      	cmp	r4, r5
1000108c:	d20f      	bcs.n	100010ae <runtime_init_mutex+0x2a>
1000108e:	26ff      	movs	r6, #255	@ 0xff
10001090:	6823      	ldr	r3, [r4, #0]
10001092:	2b00      	cmp	r3, #0
10001094:	d00c      	beq.n	100010b0 <runtime_init_mutex+0x2c>
10001096:	f7ff fcf9 	bl	10000a8c <next_striped_spin_lock_num>
1000109a:	0001      	movs	r1, r0
1000109c:	0020      	movs	r0, r4
1000109e:	f7ff ffe9 	bl	10001074 <lock_init>
100010a2:	80a6      	strh	r6, [r4, #4]
100010a4:	f3bf 8f5f 	dmb	sy
100010a8:	3408      	adds	r4, #8
100010aa:	42ac      	cmp	r4, r5
100010ac:	d3f0      	bcc.n	10001090 <runtime_init_mutex+0xc>
100010ae:	bd70      	pop	{r4, r5, r6, pc}
100010b0:	f7ff fcec 	bl	10000a8c <next_striped_spin_lock_num>
100010b4:	0001      	movs	r1, r0
100010b6:	0020      	movs	r0, r4
100010b8:	f7ff ffdc 	bl	10001074 <lock_init>
100010bc:	7126      	strb	r6, [r4, #4]
100010be:	f3bf 8f5f 	dmb	sy
100010c2:	3408      	adds	r4, #8
100010c4:	42ac      	cmp	r4, r5
100010c6:	d3e3      	bcc.n	10001090 <runtime_init_mutex+0xc>
100010c8:	e7f1      	b.n	100010ae <runtime_init_mutex+0x2a>
100010ca:	46c0      	nop			@ (mov r8, r8)
100010cc:	200010c8 	.word	0x200010c8
100010d0:	200010d0 	.word	0x200010d0

100010d4 <mutex_init>:
100010d4:	b510      	push	{r4, lr}
100010d6:	0004      	movs	r4, r0
100010d8:	f7ff fcd8 	bl	10000a8c <next_striped_spin_lock_num>
100010dc:	0001      	movs	r1, r0
100010de:	0020      	movs	r0, r4
100010e0:	f7ff ffc8 	bl	10001074 <lock_init>
100010e4:	23ff      	movs	r3, #255	@ 0xff
100010e6:	7123      	strb	r3, [r4, #4]
100010e8:	f3bf 8f5f 	dmb	sy
100010ec:	bd10      	pop	{r4, pc}
100010ee:	46c0      	nop			@ (mov r8, r8)

100010f0 <critical_section_init>:
100010f0:	b510      	push	{r4, lr}
100010f2:	0004      	movs	r4, r0
100010f4:	2001      	movs	r0, #1
100010f6:	f7ff fcd5 	bl	10000aa4 <spin_lock_claim_unused>
100010fa:	4b03      	ldr	r3, [pc, #12]	@ (10001108 <critical_section_init+0x18>)
100010fc:	18c3      	adds	r3, r0, r3
100010fe:	009b      	lsls	r3, r3, #2
10001100:	6023      	str	r3, [r4, #0]
10001102:	f3bf 8f5f 	dmb	sy
10001106:	bd10      	pop	{r4, pc}
10001108:	34000040 	.word	0x34000040

1000110c <critical_section_init_with_lock_num>:
1000110c:	4b03      	ldr	r3, [pc, #12]	@ (1000111c <critical_section_init_with_lock_num+0x10>)
1000110e:	469c      	mov	ip, r3
10001110:	4461      	add	r1, ip
10001112:	0089      	lsls	r1, r1, #2
10001114:	6001      	str	r1, [r0, #0]
10001116:	f3bf 8f5f 	dmb	sy
1000111a:	4770      	bx	lr
1000111c:	34000040 	.word	0x34000040

10001120 <sleep_until_callback>:
10001120:	4b0a      	ldr	r3, [pc, #40]	@ (1000114c <sleep_until_callback+0x2c>)
10001122:	6819      	ldr	r1, [r3, #0]
10001124:	f3ef 8010 	mrs	r0, PRIMASK
10001128:	b672      	cpsid	i
1000112a:	680a      	ldr	r2, [r1, #0]
1000112c:	2a00      	cmp	r2, #0
1000112e:	d0fc      	beq.n	1000112a <sleep_until_callback+0xa>
10001130:	f3bf 8f5f 	dmb	sy
10001134:	681b      	ldr	r3, [r3, #0]
10001136:	f3bf 8f5f 	dmb	sy
1000113a:	2200      	movs	r2, #0
1000113c:	601a      	str	r2, [r3, #0]
1000113e:	f380 8810 	msr	PRIMASK, r0
10001142:	bf40      	sev
10001144:	2000      	movs	r0, #0
10001146:	2100      	movs	r1, #0
10001148:	4770      	bx	lr
1000114a:	46c0      	nop			@ (mov r8, r8)
1000114c:	20001fac 	.word	0x20001fac

10001150 <alarm_pool_irq_handler>:
10001150:	b5f0      	push	{r4, r5, r6, r7, lr}
10001152:	46de      	mov	lr, fp
10001154:	4657      	mov	r7, sl
10001156:	464e      	mov	r6, r9
10001158:	4645      	mov	r5, r8
1000115a:	b5e0      	push	{r5, r6, r7, lr}
1000115c:	b087      	sub	sp, #28
1000115e:	f3ef 8305 	mrs	r3, IPSR
10001162:	2203      	movs	r2, #3
10001164:	2501      	movs	r5, #1
10001166:	401a      	ands	r2, r3
10001168:	4095      	lsls	r5, r2
1000116a:	0091      	lsls	r1, r2, #2
1000116c:	4688      	mov	r8, r1
1000116e:	46a9      	mov	r9, r5
10001170:	4bb3      	ldr	r3, [pc, #716]	@ (10001440 <alarm_pool_irq_handler+0x2f0>)
10001172:	9203      	str	r2, [sp, #12]
10001174:	585c      	ldr	r4, [r3, r1]
10001176:	4bb3      	ldr	r3, [pc, #716]	@ (10001444 <alarm_pool_irq_handler+0x2f4>)
10001178:	601d      	str	r5, [r3, #0]
1000117a:	4bb3      	ldr	r3, [pc, #716]	@ (10001448 <alarm_pool_irq_handler+0x2f8>)
1000117c:	9304      	str	r3, [sp, #16]
1000117e:	464b      	mov	r3, r9
10001180:	48b2      	ldr	r0, [pc, #712]	@ (1000144c <alarm_pool_irq_handler+0x2fc>)
10001182:	6343      	str	r3, [r0, #52]	@ 0x34
10001184:	2308      	movs	r3, #8
10001186:	5ee5      	ldrsh	r5, [r4, r3]
10001188:	2d00      	cmp	r5, #0
1000118a:	da37      	bge.n	100011fc <alarm_pool_irq_handler+0xac>
1000118c:	88a3      	ldrh	r3, [r4, #4]
1000118e:	b21b      	sxth	r3, r3
10001190:	2b00      	cmp	r3, #0
10001192:	db00      	blt.n	10001196 <alarm_pool_irq_handler+0x46>
10001194:	e0ad      	b.n	100012f2 <alarm_pool_irq_handler+0x1a2>
10001196:	79a3      	ldrb	r3, [r4, #6]
10001198:	2b00      	cmp	r3, #0
1000119a:	d000      	beq.n	1000119e <alarm_pool_irq_handler+0x4e>
1000119c:	e0ee      	b.n	1000137c <alarm_pool_irq_handler+0x22c>
1000119e:	2308      	movs	r3, #8
100011a0:	5ee0      	ldrsh	r0, [r4, r3]
100011a2:	2800      	cmp	r0, #0
100011a4:	db20      	blt.n	100011e8 <alarm_pool_irq_handler+0x98>
100011a6:	0043      	lsls	r3, r0, #1
100011a8:	6962      	ldr	r2, [r4, #20]
100011aa:	181b      	adds	r3, r3, r0
100011ac:	00db      	lsls	r3, r3, #3
100011ae:	18d3      	adds	r3, r2, r3
100011b0:	689e      	ldr	r6, [r3, #8]
100011b2:	68dd      	ldr	r5, [r3, #12]
100011b4:	1c73      	adds	r3, r6, #1
100011b6:	d100      	bne.n	100011ba <alarm_pool_irq_handler+0x6a>
100011b8:	e111      	b.n	100013de <alarm_pool_irq_handler+0x28e>
100011ba:	48a4      	ldr	r0, [pc, #656]	@ (1000144c <alarm_pool_irq_handler+0x2fc>)
100011bc:	0001      	movs	r1, r0
100011be:	4441      	add	r1, r8
100011c0:	6a82      	ldr	r2, [r0, #40]	@ 0x28
100011c2:	690b      	ldr	r3, [r1, #16]
100011c4:	1ab7      	subs	r7, r6, r2
100011c6:	1a9b      	subs	r3, r3, r2
100011c8:	429f      	cmp	r7, r3
100011ca:	d315      	bcc.n	100011f8 <alarm_pool_irq_handler+0xa8>
100011cc:	2301      	movs	r3, #1
100011ce:	6a02      	ldr	r2, [r0, #32]
100011d0:	9803      	ldr	r0, [sp, #12]
100011d2:	4083      	lsls	r3, r0
100011d4:	421a      	tst	r2, r3
100011d6:	d00f      	beq.n	100011f8 <alarm_pool_irq_handler+0xa8>
100011d8:	489c      	ldr	r0, [pc, #624]	@ (1000144c <alarm_pool_irq_handler+0x2fc>)
100011da:	f000 fbb5 	bl	10001948 <timer_time_us_64>
100011de:	428d      	cmp	r5, r1
100011e0:	dc02      	bgt.n	100011e8 <alarm_pool_irq_handler+0x98>
100011e2:	d1cc      	bne.n	1000117e <alarm_pool_irq_handler+0x2e>
100011e4:	4286      	cmp	r6, r0
100011e6:	d9ca      	bls.n	1000117e <alarm_pool_irq_handler+0x2e>
100011e8:	bf40      	sev
100011ea:	b007      	add	sp, #28
100011ec:	bcf0      	pop	{r4, r5, r6, r7}
100011ee:	46bb      	mov	fp, r7
100011f0:	46b2      	mov	sl, r6
100011f2:	46a9      	mov	r9, r5
100011f4:	46a0      	mov	r8, r4
100011f6:	bdf0      	pop	{r4, r5, r6, r7, pc}
100011f8:	610e      	str	r6, [r1, #16]
100011fa:	e7ed      	b.n	100011d8 <alarm_pool_irq_handler+0x88>
100011fc:	6962      	ldr	r2, [r4, #20]
100011fe:	006b      	lsls	r3, r5, #1
10001200:	4692      	mov	sl, r2
10001202:	195b      	adds	r3, r3, r5
10001204:	00db      	lsls	r3, r3, #3
10001206:	449a      	add	sl, r3
10001208:	4653      	mov	r3, sl
1000120a:	689e      	ldr	r6, [r3, #8]
1000120c:	68df      	ldr	r7, [r3, #12]
1000120e:	f000 fb9b 	bl	10001948 <timer_time_us_64>
10001212:	428f      	cmp	r7, r1
10001214:	dcba      	bgt.n	1000118c <alarm_pool_irq_handler+0x3c>
10001216:	d100      	bne.n	1000121a <alarm_pool_irq_handler+0xca>
10001218:	e103      	b.n	10001422 <alarm_pool_irq_handler+0x2d2>
1000121a:	2f00      	cmp	r7, #0
1000121c:	da00      	bge.n	10001220 <alarm_pool_irq_handler+0xd0>
1000121e:	e0e8      	b.n	100013f2 <alarm_pool_irq_handler+0x2a2>
10001220:	4652      	mov	r2, sl
10001222:	4653      	mov	r3, sl
10001224:	6952      	ldr	r2, [r2, #20]
10001226:	691b      	ldr	r3, [r3, #16]
10001228:	4693      	mov	fp, r2
1000122a:	9a04      	ldr	r2, [sp, #16]
1000122c:	4293      	cmp	r3, r2
1000122e:	d100      	bne.n	10001232 <alarm_pool_irq_handler+0xe2>
10001230:	e0d9      	b.n	100013e6 <alarm_pool_irq_handler+0x296>
10001232:	4652      	mov	r2, sl
10001234:	2108      	movs	r1, #8
10001236:	5e60      	ldrsh	r0, [r4, r1]
10001238:	8852      	ldrh	r2, [r2, #2]
1000123a:	0400      	lsls	r0, r0, #16
1000123c:	4659      	mov	r1, fp
1000123e:	4310      	orrs	r0, r2
10001240:	4798      	blx	r3
10001242:	9000      	str	r0, [sp, #0]
10001244:	9101      	str	r1, [sp, #4]
10001246:	9900      	ldr	r1, [sp, #0]
10001248:	9a01      	ldr	r2, [sp, #4]
1000124a:	000b      	movs	r3, r1
1000124c:	0010      	movs	r0, r2
1000124e:	4313      	orrs	r3, r2
10001250:	d100      	bne.n	10001254 <alarm_pool_irq_handler+0x104>
10001252:	e0ce      	b.n	100013f2 <alarm_pool_irq_handler+0x2a2>
10001254:	0013      	movs	r3, r2
10001256:	000a      	movs	r2, r1
10001258:	1ab6      	subs	r6, r6, r2
1000125a:	419f      	sbcs	r7, r3
1000125c:	2800      	cmp	r0, #0
1000125e:	db06      	blt.n	1000126e <alarm_pool_irq_handler+0x11e>
10001260:	487a      	ldr	r0, [pc, #488]	@ (1000144c <alarm_pool_irq_handler+0x2fc>)
10001262:	f000 fb71 	bl	10001948 <timer_time_us_64>
10001266:	9e00      	ldr	r6, [sp, #0]
10001268:	9f01      	ldr	r7, [sp, #4]
1000126a:	1836      	adds	r6, r6, r0
1000126c:	414f      	adcs	r7, r1
1000126e:	4653      	mov	r3, sl
10001270:	609e      	str	r6, [r3, #8]
10001272:	60df      	str	r7, [r3, #12]
10001274:	2200      	movs	r2, #0
10001276:	5e9a      	ldrsh	r2, [r3, r2]
10001278:	2a00      	cmp	r2, #0
1000127a:	da00      	bge.n	1000127e <alarm_pool_irq_handler+0x12e>
1000127c:	e786      	b.n	1000118c <alarm_pool_irq_handler+0x3c>
1000127e:	0053      	lsls	r3, r2, #1
10001280:	1899      	adds	r1, r3, r2
10001282:	6960      	ldr	r0, [r4, #20]
10001284:	00c9      	lsls	r1, r1, #3
10001286:	1841      	adds	r1, r0, r1
10001288:	9302      	str	r3, [sp, #8]
1000128a:	688b      	ldr	r3, [r1, #8]
1000128c:	68c9      	ldr	r1, [r1, #12]
1000128e:	469b      	mov	fp, r3
10001290:	42b9      	cmp	r1, r7
10001292:	dd00      	ble.n	10001296 <alarm_pool_irq_handler+0x146>
10001294:	e77a      	b.n	1000118c <alarm_pool_irq_handler+0x3c>
10001296:	d102      	bne.n	1000129e <alarm_pool_irq_handler+0x14e>
10001298:	42b3      	cmp	r3, r6
1000129a:	d900      	bls.n	1000129e <alarm_pool_irq_handler+0x14e>
1000129c:	e776      	b.n	1000118c <alarm_pool_irq_handler+0x3c>
1000129e:	2308      	movs	r3, #8
100012a0:	469c      	mov	ip, r3
100012a2:	44a4      	add	ip, r4
100012a4:	9505      	str	r5, [sp, #20]
100012a6:	4665      	mov	r5, ip
100012a8:	8122      	strh	r2, [r4, #8]
100012aa:	46a4      	mov	ip, r4
100012ac:	9b02      	ldr	r3, [sp, #8]
100012ae:	002c      	movs	r4, r5
100012b0:	e006      	b.n	100012c0 <alarm_pool_irq_handler+0x170>
100012b2:	0053      	lsls	r3, r2, #1
100012b4:	1899      	adds	r1, r3, r2
100012b6:	00c9      	lsls	r1, r1, #3
100012b8:	1841      	adds	r1, r0, r1
100012ba:	688d      	ldr	r5, [r1, #8]
100012bc:	68c9      	ldr	r1, [r1, #12]
100012be:	46ab      	mov	fp, r5
100012c0:	189b      	adds	r3, r3, r2
100012c2:	00db      	lsls	r3, r3, #3
100012c4:	18c3      	adds	r3, r0, r3
100012c6:	42b9      	cmp	r1, r7
100012c8:	dc06      	bgt.n	100012d8 <alarm_pool_irq_handler+0x188>
100012ca:	d100      	bne.n	100012ce <alarm_pool_irq_handler+0x17e>
100012cc:	e0b3      	b.n	10001436 <alarm_pool_irq_handler+0x2e6>
100012ce:	001c      	movs	r4, r3
100012d0:	2300      	movs	r3, #0
100012d2:	5ee2      	ldrsh	r2, [r4, r3]
100012d4:	2a00      	cmp	r2, #0
100012d6:	daec      	bge.n	100012b2 <alarm_pool_irq_handler+0x162>
100012d8:	0023      	movs	r3, r4
100012da:	4664      	mov	r4, ip
100012dc:	469c      	mov	ip, r3
100012de:	4653      	mov	r3, sl
100012e0:	801a      	strh	r2, [r3, #0]
100012e2:	4663      	mov	r3, ip
100012e4:	9d05      	ldr	r5, [sp, #20]
100012e6:	801d      	strh	r5, [r3, #0]
100012e8:	88a3      	ldrh	r3, [r4, #4]
100012ea:	b21b      	sxth	r3, r3
100012ec:	2b00      	cmp	r3, #0
100012ee:	da00      	bge.n	100012f2 <alarm_pool_irq_handler+0x1a2>
100012f0:	e751      	b.n	10001196 <alarm_pool_irq_handler+0x46>
100012f2:	6922      	ldr	r2, [r4, #16]
100012f4:	f3ef 8110 	mrs	r1, PRIMASK
100012f8:	b672      	cpsid	i
100012fa:	6813      	ldr	r3, [r2, #0]
100012fc:	2b00      	cmp	r3, #0
100012fe:	d0fc      	beq.n	100012fa <alarm_pool_irq_handler+0x1aa>
10001300:	f3bf 8f5f 	dmb	sy
10001304:	2301      	movs	r3, #1
10001306:	88a7      	ldrh	r7, [r4, #4]
10001308:	425b      	negs	r3, r3
1000130a:	80a3      	strh	r3, [r4, #4]
1000130c:	b23f      	sxth	r7, r7
1000130e:	6923      	ldr	r3, [r4, #16]
10001310:	f3bf 8f5f 	dmb	sy
10001314:	2200      	movs	r2, #0
10001316:	601a      	str	r2, [r3, #0]
10001318:	f381 8810 	msr	PRIMASK, r1
1000131c:	2f00      	cmp	r7, #0
1000131e:	da00      	bge.n	10001322 <alarm_pool_irq_handler+0x1d2>
10001320:	e739      	b.n	10001196 <alarm_pool_irq_handler+0x46>
10001322:	0023      	movs	r3, r4
10001324:	3308      	adds	r3, #8
10001326:	0022      	movs	r2, r4
10001328:	469a      	mov	sl, r3
1000132a:	6966      	ldr	r6, [r4, #20]
1000132c:	007b      	lsls	r3, r7, #1
1000132e:	19db      	adds	r3, r3, r7
10001330:	00db      	lsls	r3, r3, #3
10001332:	18f3      	adds	r3, r6, r3
10001334:	6899      	ldr	r1, [r3, #8]
10001336:	4650      	mov	r0, sl
10001338:	468c      	mov	ip, r1
1000133a:	2408      	movs	r4, #8
1000133c:	5f11      	ldrsh	r1, [r2, r4]
1000133e:	68dd      	ldr	r5, [r3, #12]
10001340:	2900      	cmp	r1, #0
10001342:	db10      	blt.n	10001366 <alarm_pool_irq_handler+0x216>
10001344:	9302      	str	r3, [sp, #8]
10001346:	e006      	b.n	10001356 <alarm_pool_irq_handler+0x206>
10001348:	42ab      	cmp	r3, r5
1000134a:	d044      	beq.n	100013d6 <alarm_pool_irq_handler+0x286>
1000134c:	2300      	movs	r3, #0
1000134e:	5ee1      	ldrsh	r1, [r4, r3]
10001350:	0020      	movs	r0, r4
10001352:	2900      	cmp	r1, #0
10001354:	db06      	blt.n	10001364 <alarm_pool_irq_handler+0x214>
10001356:	004c      	lsls	r4, r1, #1
10001358:	1864      	adds	r4, r4, r1
1000135a:	00e4      	lsls	r4, r4, #3
1000135c:	1934      	adds	r4, r6, r4
1000135e:	68e3      	ldr	r3, [r4, #12]
10001360:	42ab      	cmp	r3, r5
10001362:	ddf1      	ble.n	10001348 <alarm_pool_irq_handler+0x1f8>
10001364:	9b02      	ldr	r3, [sp, #8]
10001366:	8007      	strh	r7, [r0, #0]
10001368:	2000      	movs	r0, #0
1000136a:	5e1f      	ldrsh	r7, [r3, r0]
1000136c:	8019      	strh	r1, [r3, #0]
1000136e:	2f00      	cmp	r7, #0
10001370:	dadc      	bge.n	1000132c <alarm_pool_irq_handler+0x1dc>
10001372:	0014      	movs	r4, r2
10001374:	79a3      	ldrb	r3, [r4, #6]
10001376:	2b00      	cmp	r3, #0
10001378:	d100      	bne.n	1000137c <alarm_pool_irq_handler+0x22c>
1000137a:	e710      	b.n	1000119e <alarm_pool_irq_handler+0x4e>
1000137c:	2300      	movs	r3, #0
1000137e:	71a3      	strb	r3, [r4, #6]
10001380:	0026      	movs	r6, r4
10001382:	2308      	movs	r3, #8
10001384:	5ee1      	ldrsh	r1, [r4, r3]
10001386:	3608      	adds	r6, #8
10001388:	1c4b      	adds	r3, r1, #1
1000138a:	d100      	bne.n	1000138e <alarm_pool_irq_handler+0x23e>
1000138c:	e72c      	b.n	100011e8 <alarm_pool_irq_handler+0x98>
1000138e:	0008      	movs	r0, r1
10001390:	46a2      	mov	sl, r4
10001392:	6965      	ldr	r5, [r4, #20]
10001394:	e002      	b.n	1000139c <alarm_pool_irq_handler+0x24c>
10001396:	003e      	movs	r6, r7
10001398:	1c4b      	adds	r3, r1, #1
1000139a:	d01a      	beq.n	100013d2 <alarm_pool_irq_handler+0x282>
1000139c:	004b      	lsls	r3, r1, #1
1000139e:	185b      	adds	r3, r3, r1
100013a0:	00db      	lsls	r3, r3, #3
100013a2:	18ef      	adds	r7, r5, r3
100013a4:	000a      	movs	r2, r1
100013a6:	468c      	mov	ip, r1
100013a8:	5ee9      	ldrsh	r1, [r5, r3]
100013aa:	887b      	ldrh	r3, [r7, #2]
100013ac:	b21b      	sxth	r3, r3
100013ae:	2b00      	cmp	r3, #0
100013b0:	daf1      	bge.n	10001396 <alarm_pool_irq_handler+0x246>
100013b2:	2301      	movs	r3, #1
100013b4:	425b      	negs	r3, r3
100013b6:	17dc      	asrs	r4, r3, #31
100013b8:	60bb      	str	r3, [r7, #8]
100013ba:	60fc      	str	r4, [r7, #12]
100013bc:	4282      	cmp	r2, r0
100013be:	d005      	beq.n	100013cc <alarm_pool_irq_handler+0x27c>
100013c0:	4653      	mov	r3, sl
100013c2:	8031      	strh	r1, [r6, #0]
100013c4:	891b      	ldrh	r3, [r3, #8]
100013c6:	803b      	strh	r3, [r7, #0]
100013c8:	4653      	mov	r3, sl
100013ca:	811a      	strh	r2, [r3, #8]
100013cc:	4660      	mov	r0, ip
100013ce:	1c4b      	adds	r3, r1, #1
100013d0:	d1e4      	bne.n	1000139c <alarm_pool_irq_handler+0x24c>
100013d2:	4654      	mov	r4, sl
100013d4:	e6e5      	b.n	100011a2 <alarm_pool_irq_handler+0x52>
100013d6:	68a3      	ldr	r3, [r4, #8]
100013d8:	4563      	cmp	r3, ip
100013da:	d9b7      	bls.n	1000134c <alarm_pool_irq_handler+0x1fc>
100013dc:	e7c2      	b.n	10001364 <alarm_pool_irq_handler+0x214>
100013de:	1c6b      	adds	r3, r5, #1
100013e0:	d000      	beq.n	100013e4 <alarm_pool_irq_handler+0x294>
100013e2:	e6ea      	b.n	100011ba <alarm_pool_irq_handler+0x6a>
100013e4:	e6f8      	b.n	100011d8 <alarm_pool_irq_handler+0x88>
100013e6:	465b      	mov	r3, fp
100013e8:	4658      	mov	r0, fp
100013ea:	691b      	ldr	r3, [r3, #16]
100013ec:	4798      	blx	r3
100013ee:	2800      	cmp	r0, #0
100013f0:	d11b      	bne.n	1000142a <alarm_pool_irq_handler+0x2da>
100013f2:	4653      	mov	r3, sl
100013f4:	881b      	ldrh	r3, [r3, #0]
100013f6:	6922      	ldr	r2, [r4, #16]
100013f8:	8123      	strh	r3, [r4, #8]
100013fa:	f3ef 8310 	mrs	r3, PRIMASK
100013fe:	b672      	cpsid	i
10001400:	6811      	ldr	r1, [r2, #0]
10001402:	2900      	cmp	r1, #0
10001404:	d0fc      	beq.n	10001400 <alarm_pool_irq_handler+0x2b0>
10001406:	f3bf 8f5f 	dmb	sy
1000140a:	4651      	mov	r1, sl
1000140c:	8862      	ldrh	r2, [r4, #2]
1000140e:	800a      	strh	r2, [r1, #0]
10001410:	6922      	ldr	r2, [r4, #16]
10001412:	8065      	strh	r5, [r4, #2]
10001414:	f3bf 8f5f 	dmb	sy
10001418:	2100      	movs	r1, #0
1000141a:	6011      	str	r1, [r2, #0]
1000141c:	f383 8810 	msr	PRIMASK, r3
10001420:	e6b4      	b.n	1000118c <alarm_pool_irq_handler+0x3c>
10001422:	4286      	cmp	r6, r0
10001424:	d800      	bhi.n	10001428 <alarm_pool_irq_handler+0x2d8>
10001426:	e6f8      	b.n	1000121a <alarm_pool_irq_handler+0xca>
10001428:	e6b0      	b.n	1000118c <alarm_pool_irq_handler+0x3c>
1000142a:	465b      	mov	r3, fp
1000142c:	681a      	ldr	r2, [r3, #0]
1000142e:	685b      	ldr	r3, [r3, #4]
10001430:	9200      	str	r2, [sp, #0]
10001432:	9301      	str	r3, [sp, #4]
10001434:	e707      	b.n	10001246 <alarm_pool_irq_handler+0xf6>
10001436:	45b3      	cmp	fp, r6
10001438:	d800      	bhi.n	1000143c <alarm_pool_irq_handler+0x2ec>
1000143a:	e748      	b.n	100012ce <alarm_pool_irq_handler+0x17e>
1000143c:	e74c      	b.n	100012d8 <alarm_pool_irq_handler+0x188>
1000143e:	46c0      	nop			@ (mov r8, r8)
10001440:	20001e90 	.word	0x20001e90
10001444:	4005703c 	.word	0x4005703c
10001448:	10001151 	.word	0x10001151
1000144c:	40054000 	.word	0x40054000

10001450 <runtime_init_default_alarm_pool>:
10001450:	b570      	push	{r4, r5, r6, lr}
10001452:	4c2e      	ldr	r4, [pc, #184]	@ (1000150c <runtime_init_default_alarm_pool+0xbc>)
10001454:	6925      	ldr	r5, [r4, #16]
10001456:	2d00      	cmp	r5, #0
10001458:	d004      	beq.n	10001464 <runtime_init_default_alarm_pool+0x14>
1000145a:	210a      	movs	r1, #10
1000145c:	482c      	ldr	r0, [pc, #176]	@ (10001510 <runtime_init_default_alarm_pool+0xc0>)
1000145e:	f7ff fe09 	bl	10001074 <lock_init>
10001462:	bd70      	pop	{r4, r5, r6, pc}
10001464:	4e2b      	ldr	r6, [pc, #172]	@ (10001514 <runtime_init_default_alarm_pool+0xc4>)
10001466:	2103      	movs	r1, #3
10001468:	0030      	movs	r0, r6
1000146a:	f000 fa63 	bl	10001934 <timer_hardware_alarm_claim>
1000146e:	60e6      	str	r6, [r4, #12]
10001470:	f7ff fb0c 	bl	10000a8c <next_striped_spin_lock_num>
10001474:	4b28      	ldr	r3, [pc, #160]	@ (10001518 <runtime_init_default_alarm_pool+0xc8>)
10001476:	2203      	movs	r2, #3
10001478:	469c      	mov	ip, r3
1000147a:	23d0      	movs	r3, #208	@ 0xd0
1000147c:	7022      	strb	r2, [r4, #0]
1000147e:	061b      	lsls	r3, r3, #24
10001480:	681b      	ldr	r3, [r3, #0]
10001482:	2101      	movs	r1, #1
10001484:	7063      	strb	r3, [r4, #1]
10001486:	4b25      	ldr	r3, [pc, #148]	@ (1000151c <runtime_init_default_alarm_pool+0xcc>)
10001488:	4460      	add	r0, ip
1000148a:	60a3      	str	r3, [r4, #8]
1000148c:	230f      	movs	r3, #15
1000148e:	0080      	lsls	r0, r0, #2
10001490:	6120      	str	r0, [r4, #16]
10001492:	2002      	movs	r0, #2
10001494:	8063      	strh	r3, [r4, #2]
10001496:	6963      	ldr	r3, [r4, #20]
10001498:	4249      	negs	r1, r1
1000149a:	80a1      	strh	r1, [r4, #4]
1000149c:	8019      	strh	r1, [r3, #0]
1000149e:	3102      	adds	r1, #2
100014a0:	8619      	strh	r1, [r3, #48]	@ 0x30
100014a2:	3147      	adds	r1, #71	@ 0x47
100014a4:	831d      	strh	r5, [r3, #24]
100014a6:	5258      	strh	r0, [r3, r1]
100014a8:	3118      	adds	r1, #24
100014aa:	525a      	strh	r2, [r3, r1]
100014ac:	3275      	adds	r2, #117	@ 0x75
100014ae:	395c      	subs	r1, #92	@ 0x5c
100014b0:	5299      	strh	r1, [r3, r2]
100014b2:	3218      	adds	r2, #24
100014b4:	3101      	adds	r1, #1
100014b6:	5299      	strh	r1, [r3, r2]
100014b8:	3218      	adds	r2, #24
100014ba:	3101      	adds	r1, #1
100014bc:	5299      	strh	r1, [r3, r2]
100014be:	3218      	adds	r2, #24
100014c0:	3101      	adds	r1, #1
100014c2:	5299      	strh	r1, [r3, r2]
100014c4:	3508      	adds	r5, #8
100014c6:	3218      	adds	r2, #24
100014c8:	529d      	strh	r5, [r3, r2]
100014ca:	3102      	adds	r1, #2
100014cc:	3218      	adds	r2, #24
100014ce:	5299      	strh	r1, [r3, r2]
100014d0:	3218      	adds	r2, #24
100014d2:	3101      	adds	r1, #1
100014d4:	5299      	strh	r1, [r3, r2]
100014d6:	3218      	adds	r2, #24
100014d8:	3101      	adds	r1, #1
100014da:	5299      	strh	r1, [r3, r2]
100014dc:	3218      	adds	r2, #24
100014de:	3101      	adds	r1, #1
100014e0:	5299      	strh	r1, [r3, r2]
100014e2:	3218      	adds	r2, #24
100014e4:	3101      	adds	r1, #1
100014e6:	5299      	strh	r1, [r3, r2]
100014e8:	3218      	adds	r2, #24
100014ea:	3101      	adds	r1, #1
100014ec:	5299      	strh	r1, [r3, r2]
100014ee:	4b0c      	ldr	r3, [pc, #48]	@ (10001520 <runtime_init_default_alarm_pool+0xd0>)
100014f0:	490c      	ldr	r1, [pc, #48]	@ (10001524 <runtime_init_default_alarm_pool+0xd4>)
100014f2:	60dc      	str	r4, [r3, #12]
100014f4:	3001      	adds	r0, #1
100014f6:	6235      	str	r5, [r6, #32]
100014f8:	f7ff fb3e 	bl	10000b78 <irq_set_exclusive_handler>
100014fc:	2101      	movs	r1, #1
100014fe:	2003      	movs	r0, #3
10001500:	f7ff fb02 	bl	10000b08 <irq_set_enabled>
10001504:	4b08      	ldr	r3, [pc, #32]	@ (10001528 <runtime_init_default_alarm_pool+0xd8>)
10001506:	601d      	str	r5, [r3, #0]
10001508:	e7a7      	b.n	1000145a <runtime_init_default_alarm_pool+0xa>
1000150a:	46c0      	nop			@ (mov r8, r8)
1000150c:	2000102c 	.word	0x2000102c
10001510:	20001fac 	.word	0x20001fac
10001514:	40054000 	.word	0x40054000
10001518:	34000040 	.word	0x34000040
1000151c:	0010ffff 	.word	0x0010ffff
10001520:	20001e90 	.word	0x20001e90
10001524:	10001151 	.word	0x10001151
10001528:	40056038 	.word	0x40056038

1000152c <alarm_pool_get_default>:
1000152c:	4800      	ldr	r0, [pc, #0]	@ (10001530 <alarm_pool_get_default+0x4>)
1000152e:	4770      	bx	lr
10001530:	2000102c 	.word	0x2000102c

10001534 <alarm_pool_add_alarm_at>:
10001534:	b5f8      	push	{r3, r4, r5, r6, r7, lr}
10001536:	001f      	movs	r7, r3
10001538:	ab08      	add	r3, sp, #32
1000153a:	781b      	ldrb	r3, [r3, #0]
1000153c:	0004      	movs	r4, r0
1000153e:	0016      	movs	r6, r2
10001540:	2b00      	cmp	r3, #0
10001542:	d108      	bne.n	10001556 <alarm_pool_add_alarm_at+0x22>
10001544:	f000 fa08 	bl	10001958 <time_us_64>
10001548:	0032      	movs	r2, r6
1000154a:	003b      	movs	r3, r7
1000154c:	1a12      	subs	r2, r2, r0
1000154e:	418b      	sbcs	r3, r1
10001550:	2b00      	cmp	r3, #0
10001552:	da00      	bge.n	10001556 <alarm_pool_add_alarm_at+0x22>
10001554:	e052      	b.n	100015fc <alarm_pool_add_alarm_at+0xc8>
10001556:	6922      	ldr	r2, [r4, #16]
10001558:	f3ef 8010 	mrs	r0, PRIMASK
1000155c:	b672      	cpsid	i
1000155e:	6813      	ldr	r3, [r2, #0]
10001560:	2b00      	cmp	r3, #0
10001562:	d0fc      	beq.n	1000155e <alarm_pool_add_alarm_at+0x2a>
10001564:	f3bf 8f5f 	dmb	sy
10001568:	2302      	movs	r3, #2
1000156a:	5ee1      	ldrsh	r1, [r4, r3]
1000156c:	6963      	ldr	r3, [r4, #20]
1000156e:	004a      	lsls	r2, r1, #1
10001570:	1852      	adds	r2, r2, r1
10001572:	00d2      	lsls	r2, r2, #3
10001574:	189b      	adds	r3, r3, r2
10001576:	6922      	ldr	r2, [r4, #16]
10001578:	2900      	cmp	r1, #0
1000157a:	db36      	blt.n	100015ea <alarm_pool_add_alarm_at+0xb6>
1000157c:	881d      	ldrh	r5, [r3, #0]
1000157e:	8065      	strh	r5, [r4, #2]
10001580:	f3bf 8f5f 	dmb	sy
10001584:	2500      	movs	r5, #0
10001586:	6015      	str	r5, [r2, #0]
10001588:	f380 8810 	msr	PRIMASK, r0
1000158c:	9a06      	ldr	r2, [sp, #24]
1000158e:	609e      	str	r6, [r3, #8]
10001590:	60df      	str	r7, [r3, #12]
10001592:	611a      	str	r2, [r3, #16]
10001594:	9a07      	ldr	r2, [sp, #28]
10001596:	615a      	str	r2, [r3, #20]
10001598:	885a      	ldrh	r2, [r3, #2]
1000159a:	3201      	adds	r2, #1
1000159c:	0452      	lsls	r2, r2, #17
1000159e:	0c52      	lsrs	r2, r2, #17
100015a0:	1c10      	adds	r0, r2, #0
100015a2:	2a00      	cmp	r2, #0
100015a4:	d01f      	beq.n	100015e6 <alarm_pool_add_alarm_at+0xb2>
100015a6:	b282      	uxth	r2, r0
100015a8:	8058      	strh	r0, [r3, #2]
100015aa:	0408      	lsls	r0, r1, #16
100015ac:	4310      	orrs	r0, r2
100015ae:	6926      	ldr	r6, [r4, #16]
100015b0:	f3ef 8710 	mrs	r7, PRIMASK
100015b4:	b672      	cpsid	i
100015b6:	6832      	ldr	r2, [r6, #0]
100015b8:	2a00      	cmp	r2, #0
100015ba:	d0fc      	beq.n	100015b6 <alarm_pool_add_alarm_at+0x82>
100015bc:	f3bf 8f5f 	dmb	sy
100015c0:	88a2      	ldrh	r2, [r4, #4]
100015c2:	801a      	strh	r2, [r3, #0]
100015c4:	80a1      	strh	r1, [r4, #4]
100015c6:	6923      	ldr	r3, [r4, #16]
100015c8:	f3bf 8f5f 	dmb	sy
100015cc:	2200      	movs	r2, #0
100015ce:	601a      	str	r2, [r3, #0]
100015d0:	f387 8810 	msr	PRIMASK, r7
100015d4:	490a      	ldr	r1, [pc, #40]	@ (10001600 <alarm_pool_add_alarm_at+0xcc>)
100015d6:	7823      	ldrb	r3, [r4, #0]
100015d8:	468c      	mov	ip, r1
100015da:	3201      	adds	r2, #1
100015dc:	409a      	lsls	r2, r3
100015de:	68e3      	ldr	r3, [r4, #12]
100015e0:	4463      	add	r3, ip
100015e2:	601a      	str	r2, [r3, #0]
100015e4:	bdf8      	pop	{r3, r4, r5, r6, r7, pc}
100015e6:	2001      	movs	r0, #1
100015e8:	e7dd      	b.n	100015a6 <alarm_pool_add_alarm_at+0x72>
100015ea:	f3bf 8f5f 	dmb	sy
100015ee:	2300      	movs	r3, #0
100015f0:	6013      	str	r3, [r2, #0]
100015f2:	f380 8810 	msr	PRIMASK, r0
100015f6:	2001      	movs	r0, #1
100015f8:	4240      	negs	r0, r0
100015fa:	e7f3      	b.n	100015e4 <alarm_pool_add_alarm_at+0xb0>
100015fc:	2000      	movs	r0, #0
100015fe:	e7f1      	b.n	100015e4 <alarm_pool_add_alarm_at+0xb0>
10001600:	0000203c 	.word	0x0000203c

10001604 <alarm_pool_add_alarm_at_force_in_context>:
10001604:	b570      	push	{r4, r5, r6, lr}
10001606:	0001      	movs	r1, r0
10001608:	6904      	ldr	r4, [r0, #16]
1000160a:	f3ef 8c10 	mrs	ip, PRIMASK
1000160e:	b672      	cpsid	i
10001610:	6820      	ldr	r0, [r4, #0]
10001612:	2800      	cmp	r0, #0
10001614:	d0fc      	beq.n	10001610 <alarm_pool_add_alarm_at_force_in_context+0xc>
10001616:	f3bf 8f5f 	dmb	sy
1000161a:	2002      	movs	r0, #2
1000161c:	5e0d      	ldrsh	r5, [r1, r0]
1000161e:	694c      	ldr	r4, [r1, #20]
10001620:	0068      	lsls	r0, r5, #1
10001622:	1940      	adds	r0, r0, r5
10001624:	00c0      	lsls	r0, r0, #3
10001626:	1824      	adds	r4, r4, r0
10001628:	6908      	ldr	r0, [r1, #16]
1000162a:	2d00      	cmp	r5, #0
1000162c:	db36      	blt.n	1000169c <alarm_pool_add_alarm_at_force_in_context+0x98>
1000162e:	8826      	ldrh	r6, [r4, #0]
10001630:	804e      	strh	r6, [r1, #2]
10001632:	f3bf 8f5f 	dmb	sy
10001636:	2600      	movs	r6, #0
10001638:	6006      	str	r6, [r0, #0]
1000163a:	f38c 8810 	msr	PRIMASK, ip
1000163e:	60e3      	str	r3, [r4, #12]
10001640:	8863      	ldrh	r3, [r4, #2]
10001642:	9804      	ldr	r0, [sp, #16]
10001644:	3301      	adds	r3, #1
10001646:	6120      	str	r0, [r4, #16]
10001648:	045b      	lsls	r3, r3, #17
1000164a:	9805      	ldr	r0, [sp, #20]
1000164c:	0c5b      	lsrs	r3, r3, #17
1000164e:	60a2      	str	r2, [r4, #8]
10001650:	6160      	str	r0, [r4, #20]
10001652:	1c1a      	adds	r2, r3, #0
10001654:	2b00      	cmp	r3, #0
10001656:	d01f      	beq.n	10001698 <alarm_pool_add_alarm_at_force_in_context+0x94>
10001658:	b293      	uxth	r3, r2
1000165a:	0428      	lsls	r0, r5, #16
1000165c:	8062      	strh	r2, [r4, #2]
1000165e:	4318      	orrs	r0, r3
10001660:	690a      	ldr	r2, [r1, #16]
10001662:	f3ef 8c10 	mrs	ip, PRIMASK
10001666:	b672      	cpsid	i
10001668:	6813      	ldr	r3, [r2, #0]
1000166a:	2b00      	cmp	r3, #0
1000166c:	d0fc      	beq.n	10001668 <alarm_pool_add_alarm_at_force_in_context+0x64>
1000166e:	f3bf 8f5f 	dmb	sy
10001672:	888b      	ldrh	r3, [r1, #4]
10001674:	8023      	strh	r3, [r4, #0]
10001676:	808d      	strh	r5, [r1, #4]
10001678:	690b      	ldr	r3, [r1, #16]
1000167a:	f3bf 8f5f 	dmb	sy
1000167e:	2200      	movs	r2, #0
10001680:	601a      	str	r2, [r3, #0]
10001682:	f38c 8810 	msr	PRIMASK, ip
10001686:	780b      	ldrb	r3, [r1, #0]
10001688:	3201      	adds	r2, #1
1000168a:	409a      	lsls	r2, r3
1000168c:	68cb      	ldr	r3, [r1, #12]
1000168e:	4908      	ldr	r1, [pc, #32]	@ (100016b0 <alarm_pool_add_alarm_at_force_in_context+0xac>)
10001690:	468c      	mov	ip, r1
10001692:	4463      	add	r3, ip
10001694:	601a      	str	r2, [r3, #0]
10001696:	bd70      	pop	{r4, r5, r6, pc}
10001698:	2201      	movs	r2, #1
1000169a:	e7dd      	b.n	10001658 <alarm_pool_add_alarm_at_force_in_context+0x54>
1000169c:	f3bf 8f5f 	dmb	sy
100016a0:	2300      	movs	r3, #0
100016a2:	6003      	str	r3, [r0, #0]
100016a4:	f38c 8810 	msr	PRIMASK, ip
100016a8:	2001      	movs	r0, #1
100016aa:	4240      	negs	r0, r0
100016ac:	e7f3      	b.n	10001696 <alarm_pool_add_alarm_at_force_in_context+0x92>
100016ae:	46c0      	nop			@ (mov r8, r8)
100016b0:	0000203c 	.word	0x0000203c

100016b4 <alarm_pool_cancel_alarm>:
100016b4:	b510      	push	{r4, lr}
100016b6:	8943      	ldrh	r3, [r0, #10]
100016b8:	140a      	asrs	r2, r1, #16
100016ba:	4293      	cmp	r3, r2
100016bc:	dd1a      	ble.n	100016f4 <alarm_pool_cancel_alarm+0x40>
100016be:	0053      	lsls	r3, r2, #1
100016c0:	189b      	adds	r3, r3, r2
100016c2:	6942      	ldr	r2, [r0, #20]
100016c4:	00db      	lsls	r3, r3, #3
100016c6:	18d3      	adds	r3, r2, r3
100016c8:	6904      	ldr	r4, [r0, #16]
100016ca:	f3ef 8c10 	mrs	ip, PRIMASK
100016ce:	b672      	cpsid	i
100016d0:	6822      	ldr	r2, [r4, #0]
100016d2:	2a00      	cmp	r2, #0
100016d4:	d0fc      	beq.n	100016d0 <alarm_pool_cancel_alarm+0x1c>
100016d6:	f3bf 8f5f 	dmb	sy
100016da:	885a      	ldrh	r2, [r3, #2]
100016dc:	0409      	lsls	r1, r1, #16
100016de:	b294      	uxth	r4, r2
100016e0:	0c09      	lsrs	r1, r1, #16
100016e2:	428a      	cmp	r2, r1
100016e4:	d008      	beq.n	100016f8 <alarm_pool_cancel_alarm+0x44>
100016e6:	6903      	ldr	r3, [r0, #16]
100016e8:	f3bf 8f5f 	dmb	sy
100016ec:	2200      	movs	r2, #0
100016ee:	601a      	str	r2, [r3, #0]
100016f0:	f38c 8810 	msr	PRIMASK, ip
100016f4:	2000      	movs	r0, #0
100016f6:	bd10      	pop	{r4, pc}
100016f8:	2280      	movs	r2, #128	@ 0x80
100016fa:	0212      	lsls	r2, r2, #8
100016fc:	4314      	orrs	r4, r2
100016fe:	805c      	strh	r4, [r3, #2]
10001700:	2301      	movs	r3, #1
10001702:	6902      	ldr	r2, [r0, #16]
10001704:	7183      	strb	r3, [r0, #6]
10001706:	f3bf 8f5f 	dmb	sy
1000170a:	2100      	movs	r1, #0
1000170c:	6011      	str	r1, [r2, #0]
1000170e:	f38c 8810 	msr	PRIMASK, ip
10001712:	4904      	ldr	r1, [pc, #16]	@ (10001724 <alarm_pool_cancel_alarm+0x70>)
10001714:	7802      	ldrb	r2, [r0, #0]
10001716:	468c      	mov	ip, r1
10001718:	4093      	lsls	r3, r2
1000171a:	68c2      	ldr	r2, [r0, #12]
1000171c:	2001      	movs	r0, #1
1000171e:	4462      	add	r2, ip
10001720:	6013      	str	r3, [r2, #0]
10001722:	e7e8      	b.n	100016f6 <alarm_pool_cancel_alarm+0x42>
10001724:	0000203c 	.word	0x0000203c

10001728 <alarm_pool_core_num>:
10001728:	7840      	ldrb	r0, [r0, #1]
1000172a:	4770      	bx	lr

1000172c <sleep_ms>:
1000172c:	b5f0      	push	{r4, r5, r6, r7, lr}
1000172e:	46c6      	mov	lr, r8
10001730:	b500      	push	{lr}
10001732:	b082      	sub	sp, #8
10001734:	0004      	movs	r4, r0
10001736:	f000 f90f 	bl	10001958 <time_us_64>
1000173a:	22fa      	movs	r2, #250	@ 0xfa
1000173c:	0006      	movs	r6, r0
1000173e:	000f      	movs	r7, r1
10001740:	0020      	movs	r0, r4
10001742:	2300      	movs	r3, #0
10001744:	2100      	movs	r1, #0
10001746:	0092      	lsls	r2, r2, #2
10001748:	f001 f8a6 	bl	10002898 <__wrap___aeabi_lmul>
1000174c:	1980      	adds	r0, r0, r6
1000174e:	4179      	adcs	r1, r7
10001750:	0004      	movs	r4, r0
10001752:	1e0d      	subs	r5, r1, #0
10001754:	da02      	bge.n	1000175c <sleep_ms+0x30>
10001756:	2401      	movs	r4, #1
10001758:	4d2e      	ldr	r5, [pc, #184]	@ (10001814 <sleep_ms+0xe8>)
1000175a:	4264      	negs	r4, r4
1000175c:	2606      	movs	r6, #6
1000175e:	4276      	negs	r6, r6
10001760:	17f7      	asrs	r7, r6, #31
10001762:	1936      	adds	r6, r6, r4
10001764:	416f      	adcs	r7, r5
10001766:	42af      	cmp	r7, r5
10001768:	d814      	bhi.n	10001794 <sleep_ms+0x68>
1000176a:	d011      	beq.n	10001790 <sleep_ms+0x64>
1000176c:	f000 f8f4 	bl	10001958 <time_us_64>
10001770:	0032      	movs	r2, r6
10001772:	003b      	movs	r3, r7
10001774:	1a12      	subs	r2, r2, r0
10001776:	418b      	sbcs	r3, r1
10001778:	2b00      	cmp	r3, #0
1000177a:	dc15      	bgt.n	100017a8 <sleep_ms+0x7c>
1000177c:	2b00      	cmp	r3, #0
1000177e:	d046      	beq.n	1000180e <sleep_ms+0xe2>
10001780:	0020      	movs	r0, r4
10001782:	0029      	movs	r1, r5
10001784:	f000 f926 	bl	100019d4 <busy_wait_until>
10001788:	b002      	add	sp, #8
1000178a:	bc80      	pop	{r7}
1000178c:	46b8      	mov	r8, r7
1000178e:	bdf0      	pop	{r4, r5, r6, r7, pc}
10001790:	42a6      	cmp	r6, r4
10001792:	d9eb      	bls.n	1000176c <sleep_ms+0x40>
10001794:	2600      	movs	r6, #0
10001796:	2700      	movs	r7, #0
10001798:	f000 f8de 	bl	10001958 <time_us_64>
1000179c:	0032      	movs	r2, r6
1000179e:	003b      	movs	r3, r7
100017a0:	1a12      	subs	r2, r2, r0
100017a2:	418b      	sbcs	r3, r1
100017a4:	2b00      	cmp	r3, #0
100017a6:	dde9      	ble.n	1000177c <sleep_ms+0x50>
100017a8:	f000 f8d6 	bl	10001958 <time_us_64>
100017ac:	0032      	movs	r2, r6
100017ae:	003b      	movs	r3, r7
100017b0:	1a12      	subs	r2, r2, r0
100017b2:	418b      	sbcs	r3, r1
100017b4:	2b00      	cmp	r3, #0
100017b6:	db0a      	blt.n	100017ce <sleep_ms+0xa2>
100017b8:	2300      	movs	r3, #0
100017ba:	9301      	str	r3, [sp, #4]
100017bc:	4b16      	ldr	r3, [pc, #88]	@ (10001818 <sleep_ms+0xec>)
100017be:	0032      	movs	r2, r6
100017c0:	9300      	str	r3, [sp, #0]
100017c2:	4816      	ldr	r0, [pc, #88]	@ (1000181c <sleep_ms+0xf0>)
100017c4:	003b      	movs	r3, r7
100017c6:	f7ff ff1d 	bl	10001604 <alarm_pool_add_alarm_at_force_in_context>
100017ca:	3001      	adds	r0, #1
100017cc:	d0d8      	beq.n	10001780 <sleep_ms+0x54>
100017ce:	2300      	movs	r3, #0
100017d0:	0039      	movs	r1, r7
100017d2:	46b0      	mov	r8, r6
100017d4:	469c      	mov	ip, r3
100017d6:	4a12      	ldr	r2, [pc, #72]	@ (10001820 <sleep_ms+0xf4>)
100017d8:	4812      	ldr	r0, [pc, #72]	@ (10001824 <sleep_ms+0xf8>)
100017da:	6a53      	ldr	r3, [r2, #36]	@ 0x24
100017dc:	4299      	cmp	r1, r3
100017de:	d804      	bhi.n	100017ea <sleep_ms+0xbe>
100017e0:	6a96      	ldr	r6, [r2, #40]	@ 0x28
100017e2:	4546      	cmp	r6, r8
100017e4:	d2cc      	bcs.n	10001780 <sleep_ms+0x54>
100017e6:	4299      	cmp	r1, r3
100017e8:	d1ca      	bne.n	10001780 <sleep_ms+0x54>
100017ea:	6806      	ldr	r6, [r0, #0]
100017ec:	f3ef 8710 	mrs	r7, PRIMASK
100017f0:	b672      	cpsid	i
100017f2:	6833      	ldr	r3, [r6, #0]
100017f4:	2b00      	cmp	r3, #0
100017f6:	d0fc      	beq.n	100017f2 <sleep_ms+0xc6>
100017f8:	f3bf 8f5f 	dmb	sy
100017fc:	6803      	ldr	r3, [r0, #0]
100017fe:	f3bf 8f5f 	dmb	sy
10001802:	4666      	mov	r6, ip
10001804:	601e      	str	r6, [r3, #0]
10001806:	f387 8810 	msr	PRIMASK, r7
1000180a:	bf20      	wfe
1000180c:	e7e5      	b.n	100017da <sleep_ms+0xae>
1000180e:	2a00      	cmp	r2, #0
10001810:	d0b6      	beq.n	10001780 <sleep_ms+0x54>
10001812:	e7c9      	b.n	100017a8 <sleep_ms+0x7c>
10001814:	7fffffff 	.word	0x7fffffff
10001818:	10001121 	.word	0x10001121
1000181c:	2000102c 	.word	0x2000102c
10001820:	40054000 	.word	0x40054000
10001824:	20001fac 	.word	0x20001fac

10001828 <best_effort_wfe_or_timeout>:
10001828:	b5f0      	push	{r4, r5, r6, r7, lr}
1000182a:	4657      	mov	r7, sl
1000182c:	464e      	mov	r6, r9
1000182e:	46de      	mov	lr, fp
10001830:	4645      	mov	r5, r8
10001832:	b5e0      	push	{r5, r6, r7, lr}
10001834:	0006      	movs	r6, r0
10001836:	000f      	movs	r7, r1
10001838:	b085      	sub	sp, #20
1000183a:	f3ef 8305 	mrs	r3, IPSR
1000183e:	4699      	mov	r9, r3
10001840:	468b      	mov	fp, r1
10001842:	2b00      	cmp	r3, #0
10001844:	d012      	beq.n	1000186c <best_effort_wfe_or_timeout+0x44>
10001846:	4938      	ldr	r1, [pc, #224]	@ (10001928 <best_effort_wfe_or_timeout+0x100>)
10001848:	2000      	movs	r0, #0
1000184a:	6a4b      	ldr	r3, [r1, #36]	@ 0x24
1000184c:	42bb      	cmp	r3, r7
1000184e:	d306      	bcc.n	1000185e <best_effort_wfe_or_timeout+0x36>
10001850:	6a8a      	ldr	r2, [r1, #40]	@ 0x28
10001852:	1bdb      	subs	r3, r3, r7
10001854:	1e59      	subs	r1, r3, #1
10001856:	418b      	sbcs	r3, r1
10001858:	42b2      	cmp	r2, r6
1000185a:	4140      	adcs	r0, r0
1000185c:	4318      	orrs	r0, r3
1000185e:	b005      	add	sp, #20
10001860:	bcf0      	pop	{r4, r5, r6, r7}
10001862:	46bb      	mov	fp, r7
10001864:	46b2      	mov	sl, r6
10001866:	46a9      	mov	r9, r5
10001868:	46a0      	mov	r8, r4
1000186a:	bdf0      	pop	{r4, r5, r6, r7, pc}
1000186c:	4b2f      	ldr	r3, [pc, #188]	@ (1000192c <best_effort_wfe_or_timeout+0x104>)
1000186e:	469a      	mov	sl, r3
10001870:	68db      	ldr	r3, [r3, #12]
10001872:	4698      	mov	r8, r3
10001874:	4653      	mov	r3, sl
10001876:	781b      	ldrb	r3, [r3, #0]
10001878:	4640      	mov	r0, r8
1000187a:	9303      	str	r3, [sp, #12]
1000187c:	f000 f864 	bl	10001948 <timer_time_us_64>
10001880:	4642      	mov	r2, r8
10001882:	9b03      	ldr	r3, [sp, #12]
10001884:	0004      	movs	r4, r0
10001886:	3304      	adds	r3, #4
10001888:	009b      	lsls	r3, r3, #2
1000188a:	589b      	ldr	r3, [r3, r2]
1000188c:	000d      	movs	r5, r1
1000188e:	1a1b      	subs	r3, r3, r0
10001890:	0039      	movs	r1, r7
10001892:	0030      	movs	r0, r6
10001894:	1b00      	subs	r0, r0, r4
10001896:	41a9      	sbcs	r1, r5
10001898:	4589      	cmp	r9, r1
1000189a:	dc10      	bgt.n	100018be <best_effort_wfe_or_timeout+0x96>
1000189c:	d00d      	beq.n	100018ba <best_effort_wfe_or_timeout+0x92>
1000189e:	bf20      	wfe
100018a0:	4a21      	ldr	r2, [pc, #132]	@ (10001928 <best_effort_wfe_or_timeout+0x100>)
100018a2:	2000      	movs	r0, #0
100018a4:	6a53      	ldr	r3, [r2, #36]	@ 0x24
100018a6:	455b      	cmp	r3, fp
100018a8:	d3d9      	bcc.n	1000185e <best_effort_wfe_or_timeout+0x36>
100018aa:	6a92      	ldr	r2, [r2, #40]	@ 0x28
100018ac:	1bdb      	subs	r3, r3, r7
100018ae:	1e59      	subs	r1, r3, #1
100018b0:	418b      	sbcs	r3, r1
100018b2:	42b2      	cmp	r2, r6
100018b4:	4140      	adcs	r0, r0
100018b6:	4318      	orrs	r0, r3
100018b8:	e7d1      	b.n	1000185e <best_effort_wfe_or_timeout+0x36>
100018ba:	4283      	cmp	r3, r0
100018bc:	d9ef      	bls.n	1000189e <best_effort_wfe_or_timeout+0x76>
100018be:	f000 f84b 	bl	10001958 <time_us_64>
100018c2:	0032      	movs	r2, r6
100018c4:	003b      	movs	r3, r7
100018c6:	1a12      	subs	r2, r2, r0
100018c8:	418b      	sbcs	r3, r1
100018ca:	2b00      	cmp	r3, #0
100018cc:	db1a      	blt.n	10001904 <best_effort_wfe_or_timeout+0xdc>
100018ce:	2300      	movs	r3, #0
100018d0:	9301      	str	r3, [sp, #4]
100018d2:	4b17      	ldr	r3, [pc, #92]	@ (10001930 <best_effort_wfe_or_timeout+0x108>)
100018d4:	0032      	movs	r2, r6
100018d6:	9300      	str	r3, [sp, #0]
100018d8:	4650      	mov	r0, sl
100018da:	003b      	movs	r3, r7
100018dc:	f7ff fe92 	bl	10001604 <alarm_pool_add_alarm_at_force_in_context>
100018e0:	1e01      	subs	r1, r0, #0
100018e2:	dd0f      	ble.n	10001904 <best_effort_wfe_or_timeout+0xdc>
100018e4:	4b10      	ldr	r3, [pc, #64]	@ (10001928 <best_effort_wfe_or_timeout+0x100>)
100018e6:	6a5a      	ldr	r2, [r3, #36]	@ 0x24
100018e8:	455a      	cmp	r2, fp
100018ea:	d31b      	bcc.n	10001924 <best_effort_wfe_or_timeout+0xfc>
100018ec:	6a9b      	ldr	r3, [r3, #40]	@ 0x28
100018ee:	42b3      	cmp	r3, r6
100018f0:	d316      	bcc.n	10001920 <best_effort_wfe_or_timeout+0xf8>
100018f2:	4650      	mov	r0, sl
100018f4:	f7ff fede 	bl	100016b4 <alarm_pool_cancel_alarm>
100018f8:	4a0b      	ldr	r2, [pc, #44]	@ (10001928 <best_effort_wfe_or_timeout+0x100>)
100018fa:	2000      	movs	r0, #0
100018fc:	6a53      	ldr	r3, [r2, #36]	@ 0x24
100018fe:	455b      	cmp	r3, fp
10001900:	d3ad      	bcc.n	1000185e <best_effort_wfe_or_timeout+0x36>
10001902:	e7d2      	b.n	100018aa <best_effort_wfe_or_timeout+0x82>
10001904:	4a08      	ldr	r2, [pc, #32]	@ (10001928 <best_effort_wfe_or_timeout+0x100>)
10001906:	2000      	movs	r0, #0
10001908:	6a53      	ldr	r3, [r2, #36]	@ 0x24
1000190a:	455b      	cmp	r3, fp
1000190c:	d3a7      	bcc.n	1000185e <best_effort_wfe_or_timeout+0x36>
1000190e:	2000      	movs	r0, #0
10001910:	6a92      	ldr	r2, [r2, #40]	@ 0x28
10001912:	1bdb      	subs	r3, r3, r7
10001914:	42b2      	cmp	r2, r6
10001916:	4140      	adcs	r0, r0
10001918:	1e5a      	subs	r2, r3, #1
1000191a:	4193      	sbcs	r3, r2
1000191c:	4318      	orrs	r0, r3
1000191e:	e79e      	b.n	1000185e <best_effort_wfe_or_timeout+0x36>
10001920:	455a      	cmp	r2, fp
10001922:	d1e6      	bne.n	100018f2 <best_effort_wfe_or_timeout+0xca>
10001924:	bf20      	wfe
10001926:	e7e4      	b.n	100018f2 <best_effort_wfe_or_timeout+0xca>
10001928:	40054000 	.word	0x40054000
1000192c:	2000102c 	.word	0x2000102c
10001930:	10001121 	.word	0x10001121

10001934 <timer_hardware_alarm_claim>:
10001934:	b510      	push	{r4, lr}
10001936:	4a02      	ldr	r2, [pc, #8]	@ (10001940 <timer_hardware_alarm_claim+0xc>)
10001938:	4802      	ldr	r0, [pc, #8]	@ (10001944 <timer_hardware_alarm_claim+0x10>)
1000193a:	f7ff f841 	bl	100009c0 <hw_claim_or_assert>
1000193e:	bd10      	pop	{r4, pc}
10001940:	10007800 	.word	0x10007800
10001944:	20001a04 	.word	0x20001a04

10001948 <timer_time_us_64>:
10001948:	0003      	movs	r3, r0
1000194a:	6a41      	ldr	r1, [r0, #36]	@ 0x24
1000194c:	000a      	movs	r2, r1
1000194e:	6a98      	ldr	r0, [r3, #40]	@ 0x28
10001950:	6a59      	ldr	r1, [r3, #36]	@ 0x24
10001952:	428a      	cmp	r2, r1
10001954:	d1fa      	bne.n	1000194c <timer_time_us_64+0x4>
10001956:	4770      	bx	lr

10001958 <time_us_64>:
10001958:	4b03      	ldr	r3, [pc, #12]	@ (10001968 <time_us_64+0x10>)
1000195a:	6a59      	ldr	r1, [r3, #36]	@ 0x24
1000195c:	000a      	movs	r2, r1
1000195e:	6a98      	ldr	r0, [r3, #40]	@ 0x28
10001960:	6a59      	ldr	r1, [r3, #36]	@ 0x24
10001962:	4291      	cmp	r1, r2
10001964:	d1fa      	bne.n	1000195c <time_us_64+0x4>
10001966:	4770      	bx	lr
10001968:	40054000 	.word	0x40054000

1000196c <busy_wait_us>:
1000196c:	b570      	push	{r4, r5, r6, lr}
1000196e:	0004      	movs	r4, r0
10001970:	000d      	movs	r5, r1
10001972:	4a17      	ldr	r2, [pc, #92]	@ (100019d0 <busy_wait_us+0x64>)
10001974:	6a53      	ldr	r3, [r2, #36]	@ 0x24
10001976:	0019      	movs	r1, r3
10001978:	6a96      	ldr	r6, [r2, #40]	@ 0x28
1000197a:	6a53      	ldr	r3, [r2, #36]	@ 0x24
1000197c:	428b      	cmp	r3, r1
1000197e:	d1fa      	bne.n	10001976 <busy_wait_us+0xa>
10001980:	0030      	movs	r0, r6
10001982:	0019      	movs	r1, r3
10001984:	1824      	adds	r4, r4, r0
10001986:	414d      	adcs	r5, r1
10001988:	42ab      	cmp	r3, r5
1000198a:	d816      	bhi.n	100019ba <busy_wait_us+0x4e>
1000198c:	d013      	beq.n	100019b6 <busy_wait_us+0x4a>
1000198e:	4b10      	ldr	r3, [pc, #64]	@ (100019d0 <busy_wait_us+0x64>)
10001990:	002a      	movs	r2, r5
10001992:	6a5b      	ldr	r3, [r3, #36]	@ 0x24
10001994:	429d      	cmp	r5, r3
10001996:	d903      	bls.n	100019a0 <busy_wait_us+0x34>
10001998:	490d      	ldr	r1, [pc, #52]	@ (100019d0 <busy_wait_us+0x64>)
1000199a:	6a4b      	ldr	r3, [r1, #36]	@ 0x24
1000199c:	4293      	cmp	r3, r2
1000199e:	d3fc      	bcc.n	1000199a <busy_wait_us+0x2e>
100019a0:	4293      	cmp	r3, r2
100019a2:	d107      	bne.n	100019b4 <busy_wait_us+0x48>
100019a4:	4a0a      	ldr	r2, [pc, #40]	@ (100019d0 <busy_wait_us+0x64>)
100019a6:	e002      	b.n	100019ae <busy_wait_us+0x42>
100019a8:	6a51      	ldr	r1, [r2, #36]	@ 0x24
100019aa:	4299      	cmp	r1, r3
100019ac:	d102      	bne.n	100019b4 <busy_wait_us+0x48>
100019ae:	6a91      	ldr	r1, [r2, #40]	@ 0x28
100019b0:	42a1      	cmp	r1, r4
100019b2:	d3f9      	bcc.n	100019a8 <busy_wait_us+0x3c>
100019b4:	bd70      	pop	{r4, r5, r6, pc}
100019b6:	42a6      	cmp	r6, r4
100019b8:	d9e9      	bls.n	1000198e <busy_wait_us+0x22>
100019ba:	4b05      	ldr	r3, [pc, #20]	@ (100019d0 <busy_wait_us+0x64>)
100019bc:	6a5b      	ldr	r3, [r3, #36]	@ 0x24
100019be:	001c      	movs	r4, r3
100019c0:	1c5a      	adds	r2, r3, #1
100019c2:	d0ef      	beq.n	100019a4 <busy_wait_us+0x38>
100019c4:	2201      	movs	r2, #1
100019c6:	2401      	movs	r4, #1
100019c8:	4264      	negs	r4, r4
100019ca:	17e5      	asrs	r5, r4, #31
100019cc:	4252      	negs	r2, r2
100019ce:	e7e3      	b.n	10001998 <busy_wait_us+0x2c>
100019d0:	40054000 	.word	0x40054000

100019d4 <busy_wait_until>:
100019d4:	4a06      	ldr	r2, [pc, #24]	@ (100019f0 <busy_wait_until+0x1c>)
100019d6:	6a53      	ldr	r3, [r2, #36]	@ 0x24
100019d8:	4299      	cmp	r1, r3
100019da:	d8fc      	bhi.n	100019d6 <busy_wait_until+0x2>
100019dc:	d107      	bne.n	100019ee <busy_wait_until+0x1a>
100019de:	4b04      	ldr	r3, [pc, #16]	@ (100019f0 <busy_wait_until+0x1c>)
100019e0:	e002      	b.n	100019e8 <busy_wait_until+0x14>
100019e2:	6a5a      	ldr	r2, [r3, #36]	@ 0x24
100019e4:	4291      	cmp	r1, r2
100019e6:	d102      	bne.n	100019ee <busy_wait_until+0x1a>
100019e8:	6a9a      	ldr	r2, [r3, #40]	@ 0x28
100019ea:	4290      	cmp	r0, r2
100019ec:	d8f9      	bhi.n	100019e2 <busy_wait_until+0xe>
100019ee:	4770      	bx	lr
100019f0:	40054000 	.word	0x40054000

100019f4 <uart_init>:
100019f4:	b5f8      	push	{r3, r4, r5, r6, r7, lr}
100019f6:	0004      	movs	r4, r0
100019f8:	2006      	movs	r0, #6
100019fa:	000d      	movs	r5, r1
100019fc:	f000 f978 	bl	10001cf0 <clock_get_hz>
10001a00:	2800      	cmp	r0, #0
10001a02:	d044      	beq.n	10001a8e <uart_init+0x9a>
10001a04:	4b37      	ldr	r3, [pc, #220]	@ (10001ae4 <uart_init+0xf0>)
10001a06:	4938      	ldr	r1, [pc, #224]	@ (10001ae8 <uart_init+0xf4>)
10001a08:	18e3      	adds	r3, r4, r3
10001a0a:	1e5a      	subs	r2, r3, #1
10001a0c:	4193      	sbcs	r3, r2
10001a0e:	2280      	movs	r2, #128	@ 0x80
10001a10:	0412      	lsls	r2, r2, #16
10001a12:	4694      	mov	ip, r2
10001a14:	425b      	negs	r3, r3
10001a16:	0d9b      	lsrs	r3, r3, #22
10001a18:	4a34      	ldr	r2, [pc, #208]	@ (10001aec <uart_init+0xf8>)
10001a1a:	059b      	lsls	r3, r3, #22
10001a1c:	4463      	add	r3, ip
10001a1e:	6013      	str	r3, [r2, #0]
10001a20:	4a33      	ldr	r2, [pc, #204]	@ (10001af0 <uart_init+0xfc>)
10001a22:	6013      	str	r3, [r2, #0]
10001a24:	0018      	movs	r0, r3
10001a26:	680a      	ldr	r2, [r1, #0]
10001a28:	4390      	bics	r0, r2
10001a2a:	d1fb      	bne.n	10001a24 <uart_init+0x30>
10001a2c:	4b2d      	ldr	r3, [pc, #180]	@ (10001ae4 <uart_init+0xf0>)
10001a2e:	4a31      	ldr	r2, [pc, #196]	@ (10001af4 <uart_init+0x100>)
10001a30:	18e3      	adds	r3, r4, r3
10001a32:	4259      	negs	r1, r3
10001a34:	414b      	adcs	r3, r1
10001a36:	2180      	movs	r1, #128	@ 0x80
10001a38:	005b      	lsls	r3, r3, #1
10001a3a:	0049      	lsls	r1, r1, #1
10001a3c:	2006      	movs	r0, #6
10001a3e:	5299      	strh	r1, [r3, r2]
10001a40:	f000 f956 	bl	10001cf0 <clock_get_hz>
10001a44:	0029      	movs	r1, r5
10001a46:	00c0      	lsls	r0, r0, #3
10001a48:	f000 fbac 	bl	100021a4 <__wrap___aeabi_uidiv>
10001a4c:	3001      	adds	r0, #1
10001a4e:	09c3      	lsrs	r3, r0, #7
10001a50:	d11e      	bne.n	10001a90 <uart_init+0x9c>
10001a52:	2740      	movs	r7, #64	@ 0x40
10001a54:	2201      	movs	r2, #1
10001a56:	6262      	str	r2, [r4, #36]	@ 0x24
10001a58:	62a3      	str	r3, [r4, #40]	@ 0x28
10001a5a:	6b26      	ldr	r6, [r4, #48]	@ 0x30
10001a5c:	07f3      	lsls	r3, r6, #31
10001a5e:	d422      	bmi.n	10001aa6 <uart_init+0xb2>
10001a60:	6ae3      	ldr	r3, [r4, #44]	@ 0x2c
10001a62:	4b25      	ldr	r3, [pc, #148]	@ (10001af8 <uart_init+0x104>)
10001a64:	2006      	movs	r0, #6
10001a66:	18e5      	adds	r5, r4, r3
10001a68:	2300      	movs	r3, #0
10001a6a:	602b      	str	r3, [r5, #0]
10001a6c:	6326      	str	r6, [r4, #48]	@ 0x30
10001a6e:	f000 f93f 	bl	10001cf0 <clock_get_hz>
10001a72:	0039      	movs	r1, r7
10001a74:	0080      	lsls	r0, r0, #2
10001a76:	f000 fb95 	bl	100021a4 <__wrap___aeabi_uidiv>
10001a7a:	2370      	movs	r3, #112	@ 0x70
10001a7c:	6ae2      	ldr	r2, [r4, #44]	@ 0x2c
10001a7e:	405a      	eors	r2, r3
10001a80:	330e      	adds	r3, #14
10001a82:	4013      	ands	r3, r2
10001a84:	602b      	str	r3, [r5, #0]
10001a86:	4b1d      	ldr	r3, [pc, #116]	@ (10001afc <uart_init+0x108>)
10001a88:	6323      	str	r3, [r4, #48]	@ 0x30
10001a8a:	2303      	movs	r3, #3
10001a8c:	64a3      	str	r3, [r4, #72]	@ 0x48
10001a8e:	bdf8      	pop	{r3, r4, r5, r6, r7, pc}
10001a90:	4a1b      	ldr	r2, [pc, #108]	@ (10001b00 <uart_init+0x10c>)
10001a92:	4293      	cmp	r3, r2
10001a94:	d91e      	bls.n	10001ad4 <uart_init+0xe0>
10001a96:	2300      	movs	r3, #0
10001a98:	4a1a      	ldr	r2, [pc, #104]	@ (10001b04 <uart_init+0x110>)
10001a9a:	4f1b      	ldr	r7, [pc, #108]	@ (10001b08 <uart_init+0x114>)
10001a9c:	6262      	str	r2, [r4, #36]	@ 0x24
10001a9e:	62a3      	str	r3, [r4, #40]	@ 0x28
10001aa0:	6b26      	ldr	r6, [r4, #48]	@ 0x30
10001aa2:	07f3      	lsls	r3, r6, #31
10001aa4:	d5dc      	bpl.n	10001a60 <uart_init+0x6c>
10001aa6:	4b19      	ldr	r3, [pc, #100]	@ (10001b0c <uart_init+0x118>)
10001aa8:	4a14      	ldr	r2, [pc, #80]	@ (10001afc <uart_init+0x108>)
10001aaa:	18e3      	adds	r3, r4, r3
10001aac:	601a      	str	r2, [r3, #0]
10001aae:	6a65      	ldr	r5, [r4, #36]	@ 0x24
10001ab0:	6aa3      	ldr	r3, [r4, #40]	@ 0x28
10001ab2:	2006      	movs	r0, #6
10001ab4:	01ad      	lsls	r5, r5, #6
10001ab6:	18ed      	adds	r5, r5, r3
10001ab8:	f000 f91a 	bl	10001cf0 <clock_get_hz>
10001abc:	4914      	ldr	r1, [pc, #80]	@ (10001b10 <uart_init+0x11c>)
10001abe:	f000 fb71 	bl	100021a4 <__wrap___aeabi_uidiv>
10001ac2:	02ad      	lsls	r5, r5, #10
10001ac4:	0001      	movs	r1, r0
10001ac6:	0028      	movs	r0, r5
10001ac8:	f000 fb6c 	bl	100021a4 <__wrap___aeabi_uidiv>
10001acc:	2100      	movs	r1, #0
10001ace:	f7ff ff4d 	bl	1000196c <busy_wait_us>
10001ad2:	e7c5      	b.n	10001a60 <uart_init+0x6c>
10001ad4:	0640      	lsls	r0, r0, #25
10001ad6:	0e80      	lsrs	r0, r0, #26
10001ad8:	019f      	lsls	r7, r3, #6
10001ada:	001a      	movs	r2, r3
10001adc:	183f      	adds	r7, r7, r0
10001ade:	0003      	movs	r3, r0
10001ae0:	e7b9      	b.n	10001a56 <uart_init+0x62>
10001ae2:	46c0      	nop			@ (mov r8, r8)
10001ae4:	bffc8000 	.word	0xbffc8000
10001ae8:	4000c008 	.word	0x4000c008
10001aec:	4000e000 	.word	0x4000e000
10001af0:	4000f000 	.word	0x4000f000
10001af4:	20001fbc 	.word	0x20001fbc
10001af8:	0000102c 	.word	0x0000102c
10001afc:	00000301 	.word	0x00000301
10001b00:	0000fffe 	.word	0x0000fffe
10001b04:	0000ffff 	.word	0x0000ffff
10001b08:	003fffc0 	.word	0x003fffc0
10001b0c:	00003030 	.word	0x00003030
10001b10:	00000e4e 	.word	0x00000e4e

10001b14 <clock_configure_int_divider>:
10001b14:	b5f8      	push	{r3, r4, r5, r6, r7, lr}
10001b16:	46de      	mov	lr, fp
10001b18:	464e      	mov	r6, r9
10001b1a:	4657      	mov	r7, sl
10001b1c:	4645      	mov	r5, r8
10001b1e:	b5e0      	push	{r5, r6, r7, lr}
10001b20:	468b      	mov	fp, r1
10001b22:	0005      	movs	r5, r0
10001b24:	990a      	ldr	r1, [sp, #40]	@ 0x28
10001b26:	0018      	movs	r0, r3
10001b28:	0016      	movs	r6, r2
10001b2a:	f000 fb3b 	bl	100021a4 <__wrap___aeabi_uidiv>
10001b2e:	9b0a      	ldr	r3, [sp, #40]	@ 0x28
10001b30:	006c      	lsls	r4, r5, #1
10001b32:	021f      	lsls	r7, r3, #8
10001b34:	4b32      	ldr	r3, [pc, #200]	@ (10001c00 <clock_configure_int_divider+0xec>)
10001b36:	1964      	adds	r4, r4, r5
10001b38:	469c      	mov	ip, r3
10001b3a:	00a4      	lsls	r4, r4, #2
10001b3c:	4464      	add	r4, ip
10001b3e:	6863      	ldr	r3, [r4, #4]
10001b40:	4681      	mov	r9, r0
10001b42:	429f      	cmp	r7, r3
10001b44:	d900      	bls.n	10001b48 <clock_configure_int_divider+0x34>
10001b46:	6067      	str	r7, [r4, #4]
10001b48:	1f2b      	subs	r3, r5, #4
10001b4a:	b2db      	uxtb	r3, r3
10001b4c:	4698      	mov	r8, r3
10001b4e:	2b01      	cmp	r3, #1
10001b50:	d930      	bls.n	10001bb4 <clock_configure_int_divider+0xa0>
10001b52:	23c0      	movs	r3, #192	@ 0xc0
10001b54:	2280      	movs	r2, #128	@ 0x80
10001b56:	019b      	lsls	r3, r3, #6
10001b58:	18e3      	adds	r3, r4, r3
10001b5a:	0112      	lsls	r2, r2, #4
10001b5c:	601a      	str	r2, [r3, #0]
10001b5e:	4b29      	ldr	r3, [pc, #164]	@ (10001c04 <clock_configure_int_divider+0xf0>)
10001b60:	00ad      	lsls	r5, r5, #2
10001b62:	5959      	ldr	r1, [r3, r5]
10001b64:	469a      	mov	sl, r3
10001b66:	2900      	cmp	r1, #0
10001b68:	d11b      	bne.n	10001ba2 <clock_configure_int_divider+0x8e>
10001b6a:	0173      	lsls	r3, r6, #5
10001b6c:	26e0      	movs	r6, #224	@ 0xe0
10001b6e:	6822      	ldr	r2, [r4, #0]
10001b70:	4053      	eors	r3, r2
10001b72:	401e      	ands	r6, r3
10001b74:	2380      	movs	r3, #128	@ 0x80
10001b76:	4642      	mov	r2, r8
10001b78:	015b      	lsls	r3, r3, #5
10001b7a:	18e3      	adds	r3, r4, r3
10001b7c:	601e      	str	r6, [r3, #0]
10001b7e:	2a01      	cmp	r2, #1
10001b80:	d930      	bls.n	10001be4 <clock_configure_int_divider+0xd0>
10001b82:	2380      	movs	r3, #128	@ 0x80
10001b84:	2280      	movs	r2, #128	@ 0x80
10001b86:	019b      	lsls	r3, r3, #6
10001b88:	18e3      	adds	r3, r4, r3
10001b8a:	0112      	lsls	r2, r2, #4
10001b8c:	601a      	str	r2, [r3, #0]
10001b8e:	4653      	mov	r3, sl
10001b90:	464a      	mov	r2, r9
10001b92:	6067      	str	r7, [r4, #4]
10001b94:	515a      	str	r2, [r3, r5]
10001b96:	bcf0      	pop	{r4, r5, r6, r7}
10001b98:	46bb      	mov	fp, r7
10001b9a:	46b2      	mov	sl, r6
10001b9c:	46a9      	mov	r9, r5
10001b9e:	46a0      	mov	r8, r4
10001ba0:	bdf8      	pop	{r3, r4, r5, r6, r7, pc}
10001ba2:	6958      	ldr	r0, [r3, #20]
10001ba4:	f000 fafe 	bl	100021a4 <__wrap___aeabi_uidiv>
10001ba8:	3001      	adds	r0, #1
10001baa:	0043      	lsls	r3, r0, #1
10001bac:	181b      	adds	r3, r3, r0
10001bae:	3b03      	subs	r3, #3
10001bb0:	d2fd      	bcs.n	10001bae <clock_configure_int_divider+0x9a>
10001bb2:	e7da      	b.n	10001b6a <clock_configure_int_divider+0x56>
10001bb4:	465b      	mov	r3, fp
10001bb6:	2b01      	cmp	r3, #1
10001bb8:	d1cb      	bne.n	10001b52 <clock_configure_int_divider+0x3e>
10001bba:	23c0      	movs	r3, #192	@ 0xc0
10001bbc:	2203      	movs	r2, #3
10001bbe:	019b      	lsls	r3, r3, #6
10001bc0:	18e3      	adds	r3, r4, r3
10001bc2:	601a      	str	r2, [r3, #0]
10001bc4:	3a02      	subs	r2, #2
10001bc6:	68a3      	ldr	r3, [r4, #8]
10001bc8:	421a      	tst	r2, r3
10001bca:	d0fc      	beq.n	10001bc6 <clock_configure_int_divider+0xb2>
10001bcc:	0173      	lsls	r3, r6, #5
10001bce:	26e0      	movs	r6, #224	@ 0xe0
10001bd0:	6822      	ldr	r2, [r4, #0]
10001bd2:	00ad      	lsls	r5, r5, #2
10001bd4:	4053      	eors	r3, r2
10001bd6:	401e      	ands	r6, r3
10001bd8:	2380      	movs	r3, #128	@ 0x80
10001bda:	4a0a      	ldr	r2, [pc, #40]	@ (10001c04 <clock_configure_int_divider+0xf0>)
10001bdc:	015b      	lsls	r3, r3, #5
10001bde:	4692      	mov	sl, r2
10001be0:	18e3      	adds	r3, r4, r3
10001be2:	601e      	str	r6, [r3, #0]
10001be4:	465a      	mov	r2, fp
10001be6:	6821      	ldr	r1, [r4, #0]
10001be8:	4051      	eors	r1, r2
10001bea:	2203      	movs	r2, #3
10001bec:	400a      	ands	r2, r1
10001bee:	601a      	str	r2, [r3, #0]
10001bf0:	2201      	movs	r2, #1
10001bf2:	465b      	mov	r3, fp
10001bf4:	409a      	lsls	r2, r3
10001bf6:	68a3      	ldr	r3, [r4, #8]
10001bf8:	421a      	tst	r2, r3
10001bfa:	d0fc      	beq.n	10001bf6 <clock_configure_int_divider+0xe2>
10001bfc:	e7c1      	b.n	10001b82 <clock_configure_int_divider+0x6e>
10001bfe:	46c0      	nop			@ (mov r8, r8)
10001c00:	40008000 	.word	0x40008000
10001c04:	20001a08 	.word	0x20001a08

10001c08 <clock_configure_undivided>:
10001c08:	b5f0      	push	{r4, r5, r6, r7, lr}
10001c0a:	4646      	mov	r6, r8
10001c0c:	464f      	mov	r7, r9
10001c0e:	46d6      	mov	lr, sl
10001c10:	b5c0      	push	{r6, r7, lr}
10001c12:	001f      	movs	r7, r3
10001c14:	4b34      	ldr	r3, [pc, #208]	@ (10001ce8 <clock_configure_undivided+0xe0>)
10001c16:	0044      	lsls	r4, r0, #1
10001c18:	469c      	mov	ip, r3
10001c1a:	1824      	adds	r4, r4, r0
10001c1c:	00a4      	lsls	r4, r4, #2
10001c1e:	4464      	add	r4, ip
10001c20:	6863      	ldr	r3, [r4, #4]
10001c22:	4688      	mov	r8, r1
10001c24:	0016      	movs	r6, r2
10001c26:	2bff      	cmp	r3, #255	@ 0xff
10001c28:	d802      	bhi.n	10001c30 <clock_configure_undivided+0x28>
10001c2a:	2380      	movs	r3, #128	@ 0x80
10001c2c:	005b      	lsls	r3, r3, #1
10001c2e:	6063      	str	r3, [r4, #4]
10001c30:	1f03      	subs	r3, r0, #4
10001c32:	b2db      	uxtb	r3, r3
10001c34:	469a      	mov	sl, r3
10001c36:	2b01      	cmp	r3, #1
10001c38:	d930      	bls.n	10001c9c <clock_configure_undivided+0x94>
10001c3a:	23c0      	movs	r3, #192	@ 0xc0
10001c3c:	2280      	movs	r2, #128	@ 0x80
10001c3e:	019b      	lsls	r3, r3, #6
10001c40:	18e3      	adds	r3, r4, r3
10001c42:	0112      	lsls	r2, r2, #4
10001c44:	601a      	str	r2, [r3, #0]
10001c46:	4b29      	ldr	r3, [pc, #164]	@ (10001cec <clock_configure_undivided+0xe4>)
10001c48:	0085      	lsls	r5, r0, #2
10001c4a:	5959      	ldr	r1, [r3, r5]
10001c4c:	4699      	mov	r9, r3
10001c4e:	2900      	cmp	r1, #0
10001c50:	d11b      	bne.n	10001c8a <clock_configure_undivided+0x82>
10001c52:	0173      	lsls	r3, r6, #5
10001c54:	26e0      	movs	r6, #224	@ 0xe0
10001c56:	6822      	ldr	r2, [r4, #0]
10001c58:	4053      	eors	r3, r2
10001c5a:	401e      	ands	r6, r3
10001c5c:	2380      	movs	r3, #128	@ 0x80
10001c5e:	4652      	mov	r2, sl
10001c60:	015b      	lsls	r3, r3, #5
10001c62:	18e3      	adds	r3, r4, r3
10001c64:	601e      	str	r6, [r3, #0]
10001c66:	2a01      	cmp	r2, #1
10001c68:	d930      	bls.n	10001ccc <clock_configure_undivided+0xc4>
10001c6a:	2380      	movs	r3, #128	@ 0x80
10001c6c:	2280      	movs	r2, #128	@ 0x80
10001c6e:	019b      	lsls	r3, r3, #6
10001c70:	18e3      	adds	r3, r4, r3
10001c72:	0112      	lsls	r2, r2, #4
10001c74:	601a      	str	r2, [r3, #0]
10001c76:	2380      	movs	r3, #128	@ 0x80
10001c78:	005b      	lsls	r3, r3, #1
10001c7a:	6063      	str	r3, [r4, #4]
10001c7c:	464b      	mov	r3, r9
10001c7e:	515f      	str	r7, [r3, r5]
10001c80:	bce0      	pop	{r5, r6, r7}
10001c82:	46ba      	mov	sl, r7
10001c84:	46b1      	mov	r9, r6
10001c86:	46a8      	mov	r8, r5
10001c88:	bdf0      	pop	{r4, r5, r6, r7, pc}
10001c8a:	6958      	ldr	r0, [r3, #20]
10001c8c:	f000 fa8a 	bl	100021a4 <__wrap___aeabi_uidiv>
10001c90:	3001      	adds	r0, #1
10001c92:	0043      	lsls	r3, r0, #1
10001c94:	181b      	adds	r3, r3, r0
10001c96:	3b03      	subs	r3, #3
10001c98:	d2fd      	bcs.n	10001c96 <clock_configure_undivided+0x8e>
10001c9a:	e7da      	b.n	10001c52 <clock_configure_undivided+0x4a>
10001c9c:	4643      	mov	r3, r8
10001c9e:	2b01      	cmp	r3, #1
10001ca0:	d1cb      	bne.n	10001c3a <clock_configure_undivided+0x32>
10001ca2:	23c0      	movs	r3, #192	@ 0xc0
10001ca4:	2203      	movs	r2, #3
10001ca6:	019b      	lsls	r3, r3, #6
10001ca8:	18e3      	adds	r3, r4, r3
10001caa:	601a      	str	r2, [r3, #0]
10001cac:	3a02      	subs	r2, #2
10001cae:	68a3      	ldr	r3, [r4, #8]
10001cb0:	421a      	tst	r2, r3
10001cb2:	d0fc      	beq.n	10001cae <clock_configure_undivided+0xa6>
10001cb4:	0173      	lsls	r3, r6, #5
10001cb6:	26e0      	movs	r6, #224	@ 0xe0
10001cb8:	6822      	ldr	r2, [r4, #0]
10001cba:	0085      	lsls	r5, r0, #2
10001cbc:	4053      	eors	r3, r2
10001cbe:	401e      	ands	r6, r3
10001cc0:	2380      	movs	r3, #128	@ 0x80
10001cc2:	4a0a      	ldr	r2, [pc, #40]	@ (10001cec <clock_configure_undivided+0xe4>)
10001cc4:	015b      	lsls	r3, r3, #5
10001cc6:	4691      	mov	r9, r2
10001cc8:	18e3      	adds	r3, r4, r3
10001cca:	601e      	str	r6, [r3, #0]
10001ccc:	4642      	mov	r2, r8
10001cce:	6821      	ldr	r1, [r4, #0]
10001cd0:	4051      	eors	r1, r2
10001cd2:	2203      	movs	r2, #3
10001cd4:	400a      	ands	r2, r1
10001cd6:	601a      	str	r2, [r3, #0]
10001cd8:	2301      	movs	r3, #1
10001cda:	4642      	mov	r2, r8
10001cdc:	4093      	lsls	r3, r2
10001cde:	68a2      	ldr	r2, [r4, #8]
10001ce0:	4213      	tst	r3, r2
10001ce2:	d0fc      	beq.n	10001cde <clock_configure_undivided+0xd6>
10001ce4:	e7c1      	b.n	10001c6a <clock_configure_undivided+0x62>
10001ce6:	46c0      	nop			@ (mov r8, r8)
10001ce8:	40008000 	.word	0x40008000
10001cec:	20001a08 	.word	0x20001a08

10001cf0 <clock_get_hz>:
10001cf0:	4b01      	ldr	r3, [pc, #4]	@ (10001cf8 <clock_get_hz+0x8>)
10001cf2:	0080      	lsls	r0, r0, #2
10001cf4:	58c0      	ldr	r0, [r0, r3]
10001cf6:	4770      	bx	lr
10001cf8:	20001a08 	.word	0x20001a08

10001cfc <pll_init>:
10001cfc:	b5f8      	push	{r3, r4, r5, r6, r7, lr}
10001cfe:	0004      	movs	r4, r0
10001d00:	4821      	ldr	r0, [pc, #132]	@ (10001d88 <pll_init+0x8c>)
10001d02:	001e      	movs	r6, r3
10001d04:	0017      	movs	r7, r2
10001d06:	000d      	movs	r5, r1
10001d08:	f000 fa4c 	bl	100021a4 <__wrap___aeabi_uidiv>
10001d0c:	0001      	movs	r1, r0
10001d0e:	0038      	movs	r0, r7
10001d10:	f000 fa48 	bl	100021a4 <__wrap___aeabi_uidiv>
10001d14:	9b06      	ldr	r3, [sp, #24]
10001d16:	0436      	lsls	r6, r6, #16
10001d18:	031b      	lsls	r3, r3, #12
10001d1a:	431e      	orrs	r6, r3
10001d1c:	6823      	ldr	r3, [r4, #0]
10001d1e:	2b00      	cmp	r3, #0
10001d20:	db20      	blt.n	10001d64 <pll_init+0x68>
10001d22:	4b1a      	ldr	r3, [pc, #104]	@ (10001d8c <pll_init+0x90>)
10001d24:	491a      	ldr	r1, [pc, #104]	@ (10001d90 <pll_init+0x94>)
10001d26:	18e3      	adds	r3, r4, r3
10001d28:	1e5a      	subs	r2, r3, #1
10001d2a:	4193      	sbcs	r3, r2
10001d2c:	2280      	movs	r2, #128	@ 0x80
10001d2e:	0192      	lsls	r2, r2, #6
10001d30:	4694      	mov	ip, r2
10001d32:	425b      	negs	r3, r3
10001d34:	0b1b      	lsrs	r3, r3, #12
10001d36:	4a17      	ldr	r2, [pc, #92]	@ (10001d94 <pll_init+0x98>)
10001d38:	031b      	lsls	r3, r3, #12
10001d3a:	4463      	add	r3, ip
10001d3c:	6013      	str	r3, [r2, #0]
10001d3e:	4a16      	ldr	r2, [pc, #88]	@ (10001d98 <pll_init+0x9c>)
10001d40:	6013      	str	r3, [r2, #0]
10001d42:	001f      	movs	r7, r3
10001d44:	680a      	ldr	r2, [r1, #0]
10001d46:	4397      	bics	r7, r2
10001d48:	d1fb      	bne.n	10001d42 <pll_init+0x46>
10001d4a:	4b14      	ldr	r3, [pc, #80]	@ (10001d9c <pll_init+0xa0>)
10001d4c:	6025      	str	r5, [r4, #0]
10001d4e:	18e2      	adds	r2, r4, r3
10001d50:	2321      	movs	r3, #33	@ 0x21
10001d52:	60a0      	str	r0, [r4, #8]
10001d54:	6013      	str	r3, [r2, #0]
10001d56:	6823      	ldr	r3, [r4, #0]
10001d58:	2b00      	cmp	r3, #0
10001d5a:	dafc      	bge.n	10001d56 <pll_init+0x5a>
10001d5c:	2308      	movs	r3, #8
10001d5e:	60e6      	str	r6, [r4, #12]
10001d60:	6013      	str	r3, [r2, #0]
10001d62:	bdf8      	pop	{r3, r4, r5, r6, r7, pc}
10001d64:	233f      	movs	r3, #63	@ 0x3f
10001d66:	6822      	ldr	r2, [r4, #0]
10001d68:	4013      	ands	r3, r2
10001d6a:	42ab      	cmp	r3, r5
10001d6c:	d1d9      	bne.n	10001d22 <pll_init+0x26>
10001d6e:	68a3      	ldr	r3, [r4, #8]
10001d70:	051b      	lsls	r3, r3, #20
10001d72:	0d1b      	lsrs	r3, r3, #20
10001d74:	4283      	cmp	r3, r0
10001d76:	d1d4      	bne.n	10001d22 <pll_init+0x26>
10001d78:	22ee      	movs	r2, #238	@ 0xee
10001d7a:	68e3      	ldr	r3, [r4, #12]
10001d7c:	02d2      	lsls	r2, r2, #11
10001d7e:	4013      	ands	r3, r2
10001d80:	42b3      	cmp	r3, r6
10001d82:	d1ce      	bne.n	10001d22 <pll_init+0x26>
10001d84:	e7ed      	b.n	10001d62 <pll_init+0x66>
10001d86:	46c0      	nop			@ (mov r8, r8)
10001d88:	00b71b00 	.word	0x00b71b00
10001d8c:	bffd4000 	.word	0xbffd4000
10001d90:	4000c008 	.word	0x4000c008
10001d94:	4000e000 	.word	0x4000e000
10001d98:	4000f000 	.word	0x4000f000
10001d9c:	00003004 	.word	0x00003004

10001da0 <watchdog_reboot>:
10001da0:	b510      	push	{r4, lr}
10001da2:	2480      	movs	r4, #128	@ 0x80
10001da4:	4b1c      	ldr	r3, [pc, #112]	@ (10001e18 <watchdog_reboot+0x78>)
10001da6:	05e4      	lsls	r4, r4, #23
10001da8:	601c      	str	r4, [r3, #0]
10001daa:	2800      	cmp	r0, #0
10001dac:	d01a      	beq.n	10001de4 <watchdog_reboot+0x44>
10001dae:	2301      	movs	r3, #1
10001db0:	4c1a      	ldr	r4, [pc, #104]	@ (10001e1c <watchdog_reboot+0x7c>)
10001db2:	4318      	orrs	r0, r3
10001db4:	4b1a      	ldr	r3, [pc, #104]	@ (10001e20 <watchdog_reboot+0x80>)
10001db6:	61dc      	str	r4, [r3, #28]
10001db8:	4c1a      	ldr	r4, [pc, #104]	@ (10001e24 <watchdog_reboot+0x84>)
10001dba:	4044      	eors	r4, r0
10001dbc:	621c      	str	r4, [r3, #32]
10001dbe:	6259      	str	r1, [r3, #36]	@ 0x24
10001dc0:	6298      	str	r0, [r3, #40]	@ 0x28
10001dc2:	2180      	movs	r1, #128	@ 0x80
10001dc4:	4b14      	ldr	r3, [pc, #80]	@ (10001e18 <watchdog_reboot+0x78>)
10001dc6:	05c9      	lsls	r1, r1, #23
10001dc8:	6019      	str	r1, [r3, #0]
10001dca:	4817      	ldr	r0, [pc, #92]	@ (10001e28 <watchdog_reboot+0x88>)
10001dcc:	4917      	ldr	r1, [pc, #92]	@ (10001e2c <watchdog_reboot+0x8c>)
10001dce:	6008      	str	r0, [r1, #0]
10001dd0:	21e0      	movs	r1, #224	@ 0xe0
10001dd2:	04c9      	lsls	r1, r1, #19
10001dd4:	6019      	str	r1, [r3, #0]
10001dd6:	2a00      	cmp	r2, #0
10001dd8:	d107      	bne.n	10001dea <watchdog_reboot+0x4a>
10001dda:	2280      	movs	r2, #128	@ 0x80
10001ddc:	4b14      	ldr	r3, [pc, #80]	@ (10001e30 <watchdog_reboot+0x90>)
10001dde:	0612      	lsls	r2, r2, #24
10001de0:	601a      	str	r2, [r3, #0]
10001de2:	bd10      	pop	{r4, pc}
10001de4:	4b0e      	ldr	r3, [pc, #56]	@ (10001e20 <watchdog_reboot+0x80>)
10001de6:	61d8      	str	r0, [r3, #28]
10001de8:	e7eb      	b.n	10001dc2 <watchdog_reboot+0x22>
10001dea:	0153      	lsls	r3, r2, #5
10001dec:	1a9b      	subs	r3, r3, r2
10001dee:	009b      	lsls	r3, r3, #2
10001df0:	189a      	adds	r2, r3, r2
10001df2:	2380      	movs	r3, #128	@ 0x80
10001df4:	0112      	lsls	r2, r2, #4
10001df6:	045b      	lsls	r3, r3, #17
10001df8:	429a      	cmp	r2, r3
10001dfa:	d209      	bcs.n	10001e10 <watchdog_reboot+0x70>
10001dfc:	0013      	movs	r3, r2
10001dfe:	490d      	ldr	r1, [pc, #52]	@ (10001e34 <watchdog_reboot+0x94>)
10001e00:	600b      	str	r3, [r1, #0]
10001e02:	4b07      	ldr	r3, [pc, #28]	@ (10001e20 <watchdog_reboot+0x80>)
10001e04:	605a      	str	r2, [r3, #4]
10001e06:	2280      	movs	r2, #128	@ 0x80
10001e08:	4b09      	ldr	r3, [pc, #36]	@ (10001e30 <watchdog_reboot+0x90>)
10001e0a:	05d2      	lsls	r2, r2, #23
10001e0c:	601a      	str	r2, [r3, #0]
10001e0e:	e7e8      	b.n	10001de2 <watchdog_reboot+0x42>
10001e10:	4b09      	ldr	r3, [pc, #36]	@ (10001e38 <watchdog_reboot+0x98>)
10001e12:	001a      	movs	r2, r3
10001e14:	e7f3      	b.n	10001dfe <watchdog_reboot+0x5e>
10001e16:	46c0      	nop			@ (mov r8, r8)
10001e18:	4005b000 	.word	0x4005b000
10001e1c:	b007c0d3 	.word	0xb007c0d3
10001e20:	40058000 	.word	0x40058000
10001e24:	4ff83f2d 	.word	0x4ff83f2d
10001e28:	0001fffc 	.word	0x0001fffc
10001e2c:	40012008 	.word	0x40012008
10001e30:	4005a000 	.word	0x4005a000
10001e34:	20001e68 	.word	0x20001e68
10001e38:	00ffffff 	.word	0x00ffffff

10001e3c <tick_start>:
10001e3c:	2380      	movs	r3, #128	@ 0x80
10001e3e:	4a02      	ldr	r2, [pc, #8]	@ (10001e48 <tick_start+0xc>)
10001e40:	009b      	lsls	r3, r3, #2
10001e42:	430b      	orrs	r3, r1
10001e44:	62d3      	str	r3, [r2, #44]	@ 0x2c
10001e46:	4770      	bx	lr
10001e48:	40058000 	.word	0x40058000

10001e4c <rom_func_lookup>:
10001e4c:	2300      	movs	r3, #0
10001e4e:	b510      	push	{r4, lr}
10001e50:	0001      	movs	r1, r0
10001e52:	8a98      	ldrh	r0, [r3, #20]
10001e54:	8b1b      	ldrh	r3, [r3, #24]
10001e56:	4798      	blx	r3
10001e58:	bd10      	pop	{r4, pc}
10001e5a:	46c0      	nop			@ (mov r8, r8)

10001e5c <rom_data_lookup>:
10001e5c:	2316      	movs	r3, #22
10001e5e:	b510      	push	{r4, lr}
10001e60:	0001      	movs	r1, r0
10001e62:	8818      	ldrh	r0, [r3, #0]
10001e64:	3302      	adds	r3, #2
10001e66:	881b      	ldrh	r3, [r3, #0]
10001e68:	4798      	blx	r3
10001e6a:	bd10      	pop	{r4, pc}

10001e6c <rom_funcs_lookup>:
10001e6c:	b5f8      	push	{r3, r4, r5, r6, r7, lr}
10001e6e:	4647      	mov	r7, r8
10001e70:	46ce      	mov	lr, r9
10001e72:	b580      	push	{r7, lr}
10001e74:	1e0f      	subs	r7, r1, #0
10001e76:	d018      	beq.n	10001eaa <rom_funcs_lookup+0x3e>
10001e78:	2314      	movs	r3, #20
10001e7a:	4699      	mov	r9, r3
10001e7c:	3304      	adds	r3, #4
10001e7e:	0004      	movs	r4, r0
10001e80:	2500      	movs	r5, #0
10001e82:	2601      	movs	r6, #1
10001e84:	4698      	mov	r8, r3
10001e86:	464b      	mov	r3, r9
10001e88:	8818      	ldrh	r0, [r3, #0]
10001e8a:	4643      	mov	r3, r8
10001e8c:	6821      	ldr	r1, [r4, #0]
10001e8e:	881b      	ldrh	r3, [r3, #0]
10001e90:	4798      	blx	r3
10001e92:	c401      	stmia	r4!, {r0}
10001e94:	1e43      	subs	r3, r0, #1
10001e96:	4198      	sbcs	r0, r3
10001e98:	3501      	adds	r5, #1
10001e9a:	4006      	ands	r6, r0
10001e9c:	42af      	cmp	r7, r5
10001e9e:	d1f2      	bne.n	10001e86 <rom_funcs_lookup+0x1a>
10001ea0:	0030      	movs	r0, r6
10001ea2:	bcc0      	pop	{r6, r7}
10001ea4:	46b9      	mov	r9, r7
10001ea6:	46b0      	mov	r8, r6
10001ea8:	bdf8      	pop	{r3, r4, r5, r6, r7, pc}
10001eaa:	2601      	movs	r6, #1
10001eac:	e7f8      	b.n	10001ea0 <rom_funcs_lookup+0x34>
10001eae:	46c0      	nop			@ (mov r8, r8)

10001eb0 <rom_reset_usb_boot_extra>:
10001eb0:	2300      	movs	r3, #0
10001eb2:	b570      	push	{r4, r5, r6, lr}
10001eb4:	0004      	movs	r4, r0
10001eb6:	000d      	movs	r5, r1
10001eb8:	8a98      	ldrh	r0, [r3, #20]
10001eba:	4905      	ldr	r1, [pc, #20]	@ (10001ed0 <rom_reset_usb_boot_extra+0x20>)
10001ebc:	8b1b      	ldrh	r3, [r3, #24]
10001ebe:	4798      	blx	r3
10001ec0:	0003      	movs	r3, r0
10001ec2:	2000      	movs	r0, #0
10001ec4:	2c00      	cmp	r4, #0
10001ec6:	db01      	blt.n	10001ecc <rom_reset_usb_boot_extra+0x1c>
10001ec8:	3001      	adds	r0, #1
10001eca:	40a0      	lsls	r0, r4
10001ecc:	0029      	movs	r1, r5
10001ece:	4798      	blx	r3
10001ed0:	00004255 	.word	0x00004255

10001ed4 <xosc_init>:
10001ed4:	23aa      	movs	r3, #170	@ 0xaa
10001ed6:	4a06      	ldr	r2, [pc, #24]	@ (10001ef0 <xosc_init+0x1c>)
10001ed8:	011b      	lsls	r3, r3, #4
10001eda:	6013      	str	r3, [r2, #0]
10001edc:	238d      	movs	r3, #141	@ 0x8d
10001ede:	005b      	lsls	r3, r3, #1
10001ee0:	60d3      	str	r3, [r2, #12]
10001ee2:	4904      	ldr	r1, [pc, #16]	@ (10001ef4 <xosc_init+0x20>)
10001ee4:	4b04      	ldr	r3, [pc, #16]	@ (10001ef8 <xosc_init+0x24>)
10001ee6:	6019      	str	r1, [r3, #0]
10001ee8:	6853      	ldr	r3, [r2, #4]
10001eea:	2b00      	cmp	r3, #0
10001eec:	dafc      	bge.n	10001ee8 <xosc_init+0x14>
10001eee:	4770      	bx	lr
10001ef0:	40024000 	.word	0x40024000
10001ef4:	00fab000 	.word	0x00fab000
10001ef8:	40026000 	.word	0x40026000

10001efc <first_per_core_initializer>:
10001efc:	4770      	bx	lr
10001efe:	46c0      	nop			@ (mov r8, r8)

10001f00 <hard_assertion_failure>:
10001f00:	b510      	push	{r4, lr}
10001f02:	4801      	ldr	r0, [pc, #4]	@ (10001f08 <hard_assertion_failure+0x8>)
10001f04:	f7fe fd44 	bl	10000990 <panic>
10001f08:	10007824 	.word	0x10007824

10001f0c <runtime_run_initializers>:
10001f0c:	b570      	push	{r4, r5, r6, lr}
10001f0e:	4d07      	ldr	r5, [pc, #28]	@ (10001f2c <runtime_run_initializers+0x20>)
10001f10:	4e07      	ldr	r6, [pc, #28]	@ (10001f30 <runtime_run_initializers+0x24>)
10001f12:	42b5      	cmp	r5, r6
10001f14:	d209      	bcs.n	10001f2a <runtime_run_initializers+0x1e>
10001f16:	2400      	movs	r4, #0
10001f18:	3e01      	subs	r6, #1
10001f1a:	1b76      	subs	r6, r6, r5
10001f1c:	08b6      	lsrs	r6, r6, #2
10001f1e:	cd08      	ldmia	r5!, {r3}
10001f20:	4798      	blx	r3
10001f22:	0023      	movs	r3, r4
10001f24:	3401      	adds	r4, #1
10001f26:	42b3      	cmp	r3, r6
10001f28:	d1f9      	bne.n	10001f1e <runtime_run_initializers+0x12>
10001f2a:	bd70      	pop	{r4, r5, r6, pc}
10001f2c:	10007518 	.word	0x10007518
10001f30:	10007554 	.word	0x10007554

10001f34 <runtime_init_early_resets>:
10001f34:	4b05      	ldr	r3, [pc, #20]	@ (10001f4c <runtime_init_early_resets+0x18>)
10001f36:	4a06      	ldr	r2, [pc, #24]	@ (10001f50 <runtime_init_early_resets+0x1c>)
10001f38:	4906      	ldr	r1, [pc, #24]	@ (10001f54 <runtime_init_early_resets+0x20>)
10001f3a:	601a      	str	r2, [r3, #0]
10001f3c:	4a06      	ldr	r2, [pc, #24]	@ (10001f58 <runtime_init_early_resets+0x24>)
10001f3e:	4b07      	ldr	r3, [pc, #28]	@ (10001f5c <runtime_init_early_resets+0x28>)
10001f40:	601a      	str	r2, [r3, #0]
10001f42:	0010      	movs	r0, r2
10001f44:	680b      	ldr	r3, [r1, #0]
10001f46:	4398      	bics	r0, r3
10001f48:	d1fb      	bne.n	10001f42 <runtime_init_early_resets+0xe>
10001f4a:	4770      	bx	lr
10001f4c:	4000e000 	.word	0x4000e000
10001f50:	fefbcdbf 	.word	0xfefbcdbf
10001f54:	4000c008 	.word	0x4000c008
10001f58:	003c7ffe 	.word	0x003c7ffe
10001f5c:	4000f000 	.word	0x4000f000

10001f60 <runtime_init_usb_power_down>:
10001f60:	4b04      	ldr	r3, [pc, #16]	@ (10001f74 <runtime_init_usb_power_down+0x14>)
10001f62:	6cdb      	ldr	r3, [r3, #76]	@ 0x4c
10001f64:	2b00      	cmp	r3, #0
10001f66:	d103      	bne.n	10001f70 <runtime_init_usb_power_down+0x10>
10001f68:	2280      	movs	r2, #128	@ 0x80
10001f6a:	4b03      	ldr	r3, [pc, #12]	@ (10001f78 <runtime_init_usb_power_down+0x18>)
10001f6c:	02d2      	lsls	r2, r2, #11
10001f6e:	601a      	str	r2, [r3, #0]
10001f70:	4770      	bx	lr
10001f72:	46c0      	nop			@ (mov r8, r8)
10001f74:	50110000 	.word	0x50110000
10001f78:	5011204c 	.word	0x5011204c

10001f7c <runtime_init_post_clock_resets>:
10001f7c:	4a04      	ldr	r2, [pc, #16]	@ (10001f90 <runtime_init_post_clock_resets+0x14>)
10001f7e:	4b05      	ldr	r3, [pc, #20]	@ (10001f94 <runtime_init_post_clock_resets+0x18>)
10001f80:	601a      	str	r2, [r3, #0]
10001f82:	4a05      	ldr	r2, [pc, #20]	@ (10001f98 <runtime_init_post_clock_resets+0x1c>)
10001f84:	6813      	ldr	r3, [r2, #0]
10001f86:	01db      	lsls	r3, r3, #7
10001f88:	3380      	adds	r3, #128	@ 0x80
10001f8a:	d1fb      	bne.n	10001f84 <runtime_init_post_clock_resets+0x8>
10001f8c:	4770      	bx	lr
10001f8e:	46c0      	nop			@ (mov r8, r8)
10001f90:	01ffffff 	.word	0x01ffffff
10001f94:	4000f000 	.word	0x4000f000
10001f98:	4000c008 	.word	0x4000c008

10001f9c <runtime_init_rp2040_gpio_ie_disable>:
10001f9c:	2240      	movs	r2, #64	@ 0x40
10001f9e:	4b03      	ldr	r3, [pc, #12]	@ (10001fac <runtime_init_rp2040_gpio_ie_disable+0x10>)
10001fa0:	679a      	str	r2, [r3, #120]	@ 0x78
10001fa2:	675a      	str	r2, [r3, #116]	@ 0x74
10001fa4:	671a      	str	r2, [r3, #112]	@ 0x70
10001fa6:	66da      	str	r2, [r3, #108]	@ 0x6c
10001fa8:	4770      	bx	lr
10001faa:	46c0      	nop			@ (mov r8, r8)
10001fac:	4001f000 	.word	0x4001f000

10001fb0 <runtime_init_spin_locks_reset>:
10001fb0:	b510      	push	{r4, lr}
10001fb2:	f7fe fd89 	bl	10000ac8 <spin_locks_reset>
10001fb6:	bd10      	pop	{r4, pc}

10001fb8 <runtime_init_install_ram_vector_table>:
10001fb8:	b5f8      	push	{r3, r4, r5, r6, r7, lr}
10001fba:	4927      	ldr	r1, [pc, #156]	@ (10002058 <runtime_init_install_ram_vector_table+0xa0>)
10001fbc:	4c27      	ldr	r4, [pc, #156]	@ (1000205c <runtime_init_install_ram_vector_table+0xa4>)
10001fbe:	4d28      	ldr	r5, [pc, #160]	@ (10002060 <runtime_init_install_ram_vector_table+0xa8>)
10001fc0:	1a64      	subs	r4, r4, r1
10001fc2:	10a6      	asrs	r6, r4, #2
10001fc4:	0032      	movs	r2, r6
10001fc6:	2e30      	cmp	r6, #48	@ 0x30
10001fc8:	d900      	bls.n	10001fcc <runtime_init_install_ram_vector_table+0x14>
10001fca:	2230      	movs	r2, #48	@ 0x30
10001fcc:	0028      	movs	r0, r5
10001fce:	0092      	lsls	r2, r2, #2
10001fd0:	f000 fd3e 	bl	10002a50 <__wrap___aeabi_memcpy>
10001fd4:	2cbc      	cmp	r4, #188	@ 0xbc
10001fd6:	d83b      	bhi.n	10002050 <runtime_init_install_ram_vector_table+0x98>
10001fd8:	2030      	movs	r0, #48	@ 0x30
10001fda:	232f      	movs	r3, #47	@ 0x2f
10001fdc:	192c      	adds	r4, r5, r4
10001fde:	0764      	lsls	r4, r4, #29
10001fe0:	4a20      	ldr	r2, [pc, #128]	@ (10002064 <runtime_init_install_ram_vector_table+0xac>)
10001fe2:	1b80      	subs	r0, r0, r6
10001fe4:	0fe4      	lsrs	r4, r4, #31
10001fe6:	1b9b      	subs	r3, r3, r6
10001fe8:	2b05      	cmp	r3, #5
10001fea:	d916      	bls.n	1000201a <runtime_init_install_ram_vector_table+0x62>
10001fec:	0037      	movs	r7, r6
10001fee:	2c00      	cmp	r4, #0
10001ff0:	d002      	beq.n	10001ff8 <runtime_init_install_ram_vector_table+0x40>
10001ff2:	00b3      	lsls	r3, r6, #2
10001ff4:	1c77      	adds	r7, r6, #1
10001ff6:	50ea      	str	r2, [r5, r3]
10001ff8:	1b00      	subs	r0, r0, r4
10001ffa:	1933      	adds	r3, r6, r4
10001ffc:	009b      	lsls	r3, r3, #2
10001ffe:	0841      	lsrs	r1, r0, #1
10002000:	18eb      	adds	r3, r5, r3
10002002:	00c9      	lsls	r1, r1, #3
10002004:	18c9      	adds	r1, r1, r3
10002006:	601a      	str	r2, [r3, #0]
10002008:	605a      	str	r2, [r3, #4]
1000200a:	3308      	adds	r3, #8
1000200c:	4299      	cmp	r1, r3
1000200e:	d1fa      	bne.n	10002006 <runtime_init_install_ram_vector_table+0x4e>
10002010:	2301      	movs	r3, #1
10002012:	4203      	tst	r3, r0
10002014:	d01c      	beq.n	10002050 <runtime_init_install_ram_vector_table+0x98>
10002016:	4398      	bics	r0, r3
10002018:	19c6      	adds	r6, r0, r7
1000201a:	00b3      	lsls	r3, r6, #2
1000201c:	50ea      	str	r2, [r5, r3]
1000201e:	1c73      	adds	r3, r6, #1
10002020:	2e2f      	cmp	r6, #47	@ 0x2f
10002022:	d015      	beq.n	10002050 <runtime_init_install_ram_vector_table+0x98>
10002024:	009b      	lsls	r3, r3, #2
10002026:	50ea      	str	r2, [r5, r3]
10002028:	1cb3      	adds	r3, r6, #2
1000202a:	2e2e      	cmp	r6, #46	@ 0x2e
1000202c:	d010      	beq.n	10002050 <runtime_init_install_ram_vector_table+0x98>
1000202e:	009b      	lsls	r3, r3, #2
10002030:	50ea      	str	r2, [r5, r3]
10002032:	1cf3      	adds	r3, r6, #3
10002034:	2e2d      	cmp	r6, #45	@ 0x2d
10002036:	d00b      	beq.n	10002050 <runtime_init_install_ram_vector_table+0x98>
10002038:	009b      	lsls	r3, r3, #2
1000203a:	50ea      	str	r2, [r5, r3]
1000203c:	1d33      	adds	r3, r6, #4
1000203e:	2e2c      	cmp	r6, #44	@ 0x2c
10002040:	d006      	beq.n	10002050 <runtime_init_install_ram_vector_table+0x98>
10002042:	009b      	lsls	r3, r3, #2
10002044:	50ea      	str	r2, [r5, r3]
10002046:	1d73      	adds	r3, r6, #5
10002048:	2e2b      	cmp	r6, #43	@ 0x2b
1000204a:	d001      	beq.n	10002050 <runtime_init_install_ram_vector_table+0x98>
1000204c:	009b      	lsls	r3, r3, #2
1000204e:	50ea      	str	r2, [r5, r3]
10002050:	4b05      	ldr	r3, [pc, #20]	@ (10002068 <runtime_init_install_ram_vector_table+0xb0>)
10002052:	609d      	str	r5, [r3, #8]
10002054:	bdf8      	pop	{r3, r4, r5, r6, r7, pc}
10002056:	46c0      	nop			@ (mov r8, r8)
10002058:	10000100 	.word	0x10000100
1000205c:	100001c0 	.word	0x100001c0
10002060:	20000000 	.word	0x20000000
10002064:	100001c1 	.word	0x100001c1
10002068:	e000ed00 	.word	0xe000ed00

1000206c <runtime_init_clocks>:
1000206c:	2300      	movs	r3, #0
1000206e:	b510      	push	{r4, lr}
10002070:	4c29      	ldr	r4, [pc, #164]	@ (10002118 <runtime_init_clocks+0xac>)
10002072:	b082      	sub	sp, #8
10002074:	67a3      	str	r3, [r4, #120]	@ 0x78
10002076:	f7ff ff2d 	bl	10001ed4 <xosc_init>
1000207a:	2201      	movs	r2, #1
1000207c:	4b27      	ldr	r3, [pc, #156]	@ (1000211c <runtime_init_clocks+0xb0>)
1000207e:	601a      	str	r2, [r3, #0]
10002080:	6c63      	ldr	r3, [r4, #68]	@ 0x44
10002082:	2b01      	cmp	r3, #1
10002084:	d1fc      	bne.n	10002080 <runtime_init_clocks+0x14>
10002086:	2203      	movs	r2, #3
10002088:	4b25      	ldr	r3, [pc, #148]	@ (10002120 <runtime_init_clocks+0xb4>)
1000208a:	601a      	str	r2, [r3, #0]
1000208c:	4a22      	ldr	r2, [pc, #136]	@ (10002118 <runtime_init_clocks+0xac>)
1000208e:	6b93      	ldr	r3, [r2, #56]	@ 0x38
10002090:	2b01      	cmp	r3, #1
10002092:	d1fc      	bne.n	1000208e <runtime_init_clocks+0x22>
10002094:	3301      	adds	r3, #1
10002096:	9300      	str	r3, [sp, #0]
10002098:	2101      	movs	r1, #1
1000209a:	4a22      	ldr	r2, [pc, #136]	@ (10002124 <runtime_init_clocks+0xb8>)
1000209c:	4822      	ldr	r0, [pc, #136]	@ (10002128 <runtime_init_clocks+0xbc>)
1000209e:	3304      	adds	r3, #4
100020a0:	f7ff fe2c 	bl	10001cfc <pll_init>
100020a4:	2305      	movs	r3, #5
100020a6:	2101      	movs	r1, #1
100020a8:	9300      	str	r3, [sp, #0]
100020aa:	4a20      	ldr	r2, [pc, #128]	@ (1000212c <runtime_init_clocks+0xc0>)
100020ac:	4820      	ldr	r0, [pc, #128]	@ (10002130 <runtime_init_clocks+0xc4>)
100020ae:	f7ff fe25 	bl	10001cfc <pll_init>
100020b2:	2200      	movs	r2, #0
100020b4:	2102      	movs	r1, #2
100020b6:	2004      	movs	r0, #4
100020b8:	4b1e      	ldr	r3, [pc, #120]	@ (10002134 <runtime_init_clocks+0xc8>)
100020ba:	f7ff fda5 	bl	10001c08 <clock_configure_undivided>
100020be:	2200      	movs	r2, #0
100020c0:	2101      	movs	r1, #1
100020c2:	2005      	movs	r0, #5
100020c4:	4b1c      	ldr	r3, [pc, #112]	@ (10002138 <runtime_init_clocks+0xcc>)
100020c6:	f7ff fd9f 	bl	10001c08 <clock_configure_undivided>
100020ca:	2200      	movs	r2, #0
100020cc:	2100      	movs	r1, #0
100020ce:	2007      	movs	r0, #7
100020d0:	4b1a      	ldr	r3, [pc, #104]	@ (1000213c <runtime_init_clocks+0xd0>)
100020d2:	f7ff fd99 	bl	10001c08 <clock_configure_undivided>
100020d6:	2200      	movs	r2, #0
100020d8:	2100      	movs	r1, #0
100020da:	2008      	movs	r0, #8
100020dc:	4b17      	ldr	r3, [pc, #92]	@ (1000213c <runtime_init_clocks+0xd0>)
100020de:	f7ff fd93 	bl	10001c08 <clock_configure_undivided>
100020e2:	2380      	movs	r3, #128	@ 0x80
100020e4:	00db      	lsls	r3, r3, #3
100020e6:	9300      	str	r3, [sp, #0]
100020e8:	2200      	movs	r2, #0
100020ea:	2100      	movs	r1, #0
100020ec:	2009      	movs	r0, #9
100020ee:	4b13      	ldr	r3, [pc, #76]	@ (1000213c <runtime_init_clocks+0xd0>)
100020f0:	f7ff fd10 	bl	10001b14 <clock_configure_int_divider>
100020f4:	2200      	movs	r2, #0
100020f6:	4b10      	ldr	r3, [pc, #64]	@ (10002138 <runtime_init_clocks+0xcc>)
100020f8:	2100      	movs	r1, #0
100020fa:	2006      	movs	r0, #6
100020fc:	f7ff fd84 	bl	10001c08 <clock_configure_undivided>
10002100:	2004      	movs	r0, #4
10002102:	f7ff fdf5 	bl	10001cf0 <clock_get_hz>
10002106:	490e      	ldr	r1, [pc, #56]	@ (10002140 <runtime_init_clocks+0xd4>)
10002108:	f000 f84c 	bl	100021a4 <__wrap___aeabi_uidiv>
1000210c:	0001      	movs	r1, r0
1000210e:	2000      	movs	r0, #0
10002110:	f7ff fe94 	bl	10001e3c <tick_start>
10002114:	b002      	add	sp, #8
10002116:	bd10      	pop	{r4, pc}
10002118:	40008000 	.word	0x40008000
1000211c:	4000b03c 	.word	0x4000b03c
10002120:	4000b030 	.word	0x4000b030
10002124:	59682f00 	.word	0x59682f00
10002128:	40028000 	.word	0x40028000
1000212c:	47868c00 	.word	0x47868c00
10002130:	4002c000 	.word	0x4002c000
10002134:	00b71b00 	.word	0x00b71b00
10002138:	07735940 	.word	0x07735940
1000213c:	02dc6c00 	.word	0x02dc6c00
10002140:	000f4240 	.word	0x000f4240

10002144 <__aeabi_bits_init>:
10002144:	4801      	ldr	r0, [pc, #4]	@ (1000214c <__aeabi_bits_init+0x8>)
10002146:	2104      	movs	r1, #4
10002148:	4b01      	ldr	r3, [pc, #4]	@ (10002150 <__aeabi_bits_init+0xc>)
1000214a:	4718      	bx	r3
1000214c:	20001050 	.word	0x20001050
10002150:	10001e6d 	.word	0x10001e6d

10002154 <__wrap___aeabi_idiv>:
10002154:	4a12      	ldr	r2, [pc, #72]	@ (100021a0 <divmod_s32s32_savestate+0x18>)
10002156:	6f93      	ldr	r3, [r2, #120]	@ 0x78
10002158:	089b      	lsrs	r3, r3, #2
1000215a:	d215      	bcs.n	10002188 <divmod_s32s32_savestate>

1000215c <divmod_s32s32_unsafe>:
1000215c:	6690      	str	r0, [r2, #104]	@ 0x68
1000215e:	66d1      	str	r1, [r2, #108]	@ 0x6c
10002160:	2900      	cmp	r1, #0
10002162:	d005      	beq.n	10002170 <divmod_s32s32_unsafe+0x14>
10002164:	e7ff      	b.n	10002166 <divmod_s32s32_unsafe+0xa>
10002166:	e7ff      	b.n	10002168 <divmod_s32s32_unsafe+0xc>
10002168:	e7ff      	b.n	1000216a <divmod_s32s32_unsafe+0xe>
1000216a:	6f51      	ldr	r1, [r2, #116]	@ 0x74
1000216c:	6f10      	ldr	r0, [r2, #112]	@ 0x70
1000216e:	4770      	bx	lr
10002170:	b504      	push	{r2, lr}
10002172:	2180      	movs	r1, #128	@ 0x80
10002174:	0609      	lsls	r1, r1, #24
10002176:	17c2      	asrs	r2, r0, #31
10002178:	4051      	eors	r1, r2
1000217a:	2800      	cmp	r0, #0
1000217c:	d000      	beq.n	10002180 <divmod_s32s32_unsafe+0x24>
1000217e:	43c8      	mvns	r0, r1
10002180:	f005 f98a 	bl	10007498 <____aeabi_idiv0_veneer>
10002184:	2100      	movs	r1, #0
10002186:	bd04      	pop	{r2, pc}

10002188 <divmod_s32s32_savestate>:
10002188:	b5f0      	push	{r4, r5, r6, r7, lr}
1000218a:	6e14      	ldr	r4, [r2, #96]	@ 0x60
1000218c:	6e55      	ldr	r5, [r2, #100]	@ 0x64
1000218e:	6f57      	ldr	r7, [r2, #116]	@ 0x74
10002190:	6f16      	ldr	r6, [r2, #112]	@ 0x70
10002192:	f7ff ffe3 	bl	1000215c <divmod_s32s32_unsafe>
10002196:	6614      	str	r4, [r2, #96]	@ 0x60
10002198:	6655      	str	r5, [r2, #100]	@ 0x64
1000219a:	6757      	str	r7, [r2, #116]	@ 0x74
1000219c:	6716      	str	r6, [r2, #112]	@ 0x70
1000219e:	bdf0      	pop	{r4, r5, r6, r7, pc}
100021a0:	d0000000 	.word	0xd0000000

100021a4 <__wrap___aeabi_uidiv>:
100021a4:	4a11      	ldr	r2, [pc, #68]	@ (100021ec <divmod_u32u32_savestate+0x18>)
100021a6:	6f93      	ldr	r3, [r2, #120]	@ 0x78
100021a8:	089b      	lsrs	r3, r3, #2
100021aa:	d213      	bcs.n	100021d4 <divmod_u32u32_savestate>

100021ac <divmod_u32u32_unsafe>:
100021ac:	6610      	str	r0, [r2, #96]	@ 0x60
100021ae:	6651      	str	r1, [r2, #100]	@ 0x64
100021b0:	2900      	cmp	r1, #0
100021b2:	d005      	beq.n	100021c0 <divmod_u32u32_unsafe+0x14>
100021b4:	e7ff      	b.n	100021b6 <divmod_u32u32_unsafe+0xa>
100021b6:	e7ff      	b.n	100021b8 <divmod_u32u32_unsafe+0xc>
100021b8:	e7ff      	b.n	100021ba <divmod_u32u32_unsafe+0xe>
100021ba:	6f51      	ldr	r1, [r2, #116]	@ 0x74
100021bc:	6f10      	ldr	r0, [r2, #112]	@ 0x70
100021be:	4770      	bx	lr
100021c0:	b504      	push	{r2, lr}
100021c2:	2800      	cmp	r0, #0
100021c4:	d001      	beq.n	100021ca <divmod_u32u32_unsafe+0x1e>
100021c6:	2000      	movs	r0, #0
100021c8:	43c0      	mvns	r0, r0
100021ca:	f005 f965 	bl	10007498 <____aeabi_idiv0_veneer>
100021ce:	2100      	movs	r1, #0
100021d0:	bd04      	pop	{r2, pc}
100021d2:	46c0      	nop			@ (mov r8, r8)

100021d4 <divmod_u32u32_savestate>:
100021d4:	b5f0      	push	{r4, r5, r6, r7, lr}
100021d6:	6e14      	ldr	r4, [r2, #96]	@ 0x60
100021d8:	6e55      	ldr	r5, [r2, #100]	@ 0x64
100021da:	6f57      	ldr	r7, [r2, #116]	@ 0x74
100021dc:	6f16      	ldr	r6, [r2, #112]	@ 0x70
100021de:	f7ff ffe5 	bl	100021ac <divmod_u32u32_unsafe>
100021e2:	6614      	str	r4, [r2, #96]	@ 0x60
100021e4:	6655      	str	r5, [r2, #100]	@ 0x64
100021e6:	6757      	str	r7, [r2, #116]	@ 0x74
100021e8:	6716      	str	r6, [r2, #112]	@ 0x70
100021ea:	bdf0      	pop	{r4, r5, r6, r7, pc}
100021ec:	d0000000 	.word	0xd0000000

100021f0 <__wrap___aeabi_ldivmod>:
100021f0:	4694      	mov	ip, r2
100021f2:	4a4a      	ldr	r2, [pc, #296]	@ (1000231c <udiv0+0x1a>)
100021f4:	6f92      	ldr	r2, [r2, #120]	@ 0x78
100021f6:	0892      	lsrs	r2, r2, #2
100021f8:	4662      	mov	r2, ip
100021fa:	d201      	bcs.n	10002200 <divmod_s64s64_savestate>
100021fc:	e028      	b.n	10002250 <divmod_s64s64_unsafe>
100021fe:	46c0      	nop			@ (mov r8, r8)

10002200 <divmod_s64s64_savestate>:
10002200:	b5f0      	push	{r4, r5, r6, r7, lr}
10002202:	4e46      	ldr	r6, [pc, #280]	@ (1000231c <udiv0+0x1a>)
10002204:	6e34      	ldr	r4, [r6, #96]	@ 0x60
10002206:	6e75      	ldr	r5, [r6, #100]	@ 0x64
10002208:	6f77      	ldr	r7, [r6, #116]	@ 0x74
1000220a:	6f36      	ldr	r6, [r6, #112]	@ 0x70
1000220c:	f000 f820 	bl	10002250 <divmod_s64s64_unsafe>
10002210:	4694      	mov	ip, r2
10002212:	4a42      	ldr	r2, [pc, #264]	@ (1000231c <udiv0+0x1a>)
10002214:	6614      	str	r4, [r2, #96]	@ 0x60
10002216:	6655      	str	r5, [r2, #100]	@ 0x64
10002218:	6757      	str	r7, [r2, #116]	@ 0x74
1000221a:	6716      	str	r6, [r2, #112]	@ 0x70
1000221c:	4662      	mov	r2, ip
1000221e:	bdf0      	pop	{r4, r5, r6, r7, pc}

10002220 <__wrap___aeabi_uldivmod>:
10002220:	4694      	mov	ip, r2
10002222:	4a3e      	ldr	r2, [pc, #248]	@ (1000231c <udiv0+0x1a>)
10002224:	6f92      	ldr	r2, [r2, #120]	@ 0x78
10002226:	0892      	lsrs	r2, r2, #2
10002228:	4662      	mov	r2, ip
1000222a:	d201      	bcs.n	10002230 <divmod_u64u64_savestate>
1000222c:	e054      	b.n	100022d8 <divmod_u64u64_unsafe>
1000222e:	46c0      	nop			@ (mov r8, r8)

10002230 <divmod_u64u64_savestate>:
10002230:	b5f0      	push	{r4, r5, r6, r7, lr}
10002232:	4e3a      	ldr	r6, [pc, #232]	@ (1000231c <udiv0+0x1a>)
10002234:	6e34      	ldr	r4, [r6, #96]	@ 0x60
10002236:	6e75      	ldr	r5, [r6, #100]	@ 0x64
10002238:	6f77      	ldr	r7, [r6, #116]	@ 0x74
1000223a:	6f36      	ldr	r6, [r6, #112]	@ 0x70
1000223c:	f000 f84c 	bl	100022d8 <divmod_u64u64_unsafe>
10002240:	4694      	mov	ip, r2
10002242:	4a36      	ldr	r2, [pc, #216]	@ (1000231c <udiv0+0x1a>)
10002244:	6614      	str	r4, [r2, #96]	@ 0x60
10002246:	6655      	str	r5, [r2, #100]	@ 0x64
10002248:	6757      	str	r7, [r2, #116]	@ 0x74
1000224a:	6716      	str	r6, [r2, #112]	@ 0x70
1000224c:	4662      	mov	r2, ip
1000224e:	bdf0      	pop	{r4, r5, r6, r7, pc}

10002250 <divmod_s64s64_unsafe>:
10002250:	2b00      	cmp	r3, #0
10002252:	db24      	blt.n	1000229e <l42_1+0x26>
10002254:	d011      	beq.n	1000227a <l42_1+0x2>
10002256:	2900      	cmp	r1, #0
10002258:	da3e      	bge.n	100022d8 <divmod_u64u64_unsafe>
1000225a:	b500      	push	{lr}
1000225c:	43c9      	mvns	r1, r1
1000225e:	4240      	negs	r0, r0
10002260:	d100      	bne.n	10002264 <l40_1>
10002262:	3101      	adds	r1, #1

10002264 <l40_1>:
10002264:	f000 f838 	bl	100022d8 <divmod_u64u64_unsafe>
10002268:	43c9      	mvns	r1, r1
1000226a:	4240      	negs	r0, r0
1000226c:	d100      	bne.n	10002270 <l41_1>
1000226e:	3101      	adds	r1, #1

10002270 <l41_1>:
10002270:	43db      	mvns	r3, r3
10002272:	4252      	negs	r2, r2
10002274:	d100      	bne.n	10002278 <l42_1>
10002276:	3301      	adds	r3, #1

10002278 <l42_1>:
10002278:	bd00      	pop	{pc}
1000227a:	2a00      	cmp	r2, #0
1000227c:	d1eb      	bne.n	10002256 <divmod_s64s64_unsafe+0x6>
1000227e:	2800      	cmp	r0, #0
10002280:	d101      	bne.n	10002286 <l42_1+0xe>
10002282:	2900      	cmp	r1, #0
10002284:	d005      	beq.n	10002292 <l42_1+0x1a>
10002286:	2000      	movs	r0, #0
10002288:	0fc9      	lsrs	r1, r1, #31
1000228a:	07c9      	lsls	r1, r1, #31
1000228c:	d101      	bne.n	10002292 <l42_1+0x1a>
1000228e:	43c0      	mvns	r0, r0
10002290:	0841      	lsrs	r1, r0, #1
10002292:	b500      	push	{lr}
10002294:	f005 f8f0 	bl	10007478 <____aeabi_ldiv0_veneer>
10002298:	2200      	movs	r2, #0
1000229a:	2300      	movs	r3, #0
1000229c:	bd00      	pop	{pc}
1000229e:	b500      	push	{lr}
100022a0:	2900      	cmp	r1, #0
100022a2:	db0a      	blt.n	100022ba <l44_1+0x2>
100022a4:	43db      	mvns	r3, r3
100022a6:	4252      	negs	r2, r2
100022a8:	d100      	bne.n	100022ac <l43_1>
100022aa:	3301      	adds	r3, #1

100022ac <l43_1>:
100022ac:	f000 f814 	bl	100022d8 <divmod_u64u64_unsafe>
100022b0:	43c9      	mvns	r1, r1
100022b2:	4240      	negs	r0, r0
100022b4:	d100      	bne.n	100022b8 <l44_1>
100022b6:	3101      	adds	r1, #1

100022b8 <l44_1>:
100022b8:	bd00      	pop	{pc}
100022ba:	43c9      	mvns	r1, r1
100022bc:	4240      	negs	r0, r0
100022be:	d100      	bne.n	100022c2 <l45_1>
100022c0:	3101      	adds	r1, #1

100022c2 <l45_1>:
100022c2:	43db      	mvns	r3, r3
100022c4:	4252      	negs	r2, r2
100022c6:	d100      	bne.n	100022ca <l46_1>
100022c8:	3301      	adds	r3, #1

100022ca <l46_1>:
100022ca:	f000 f805 	bl	100022d8 <divmod_u64u64_unsafe>
100022ce:	43db      	mvns	r3, r3
100022d0:	4252      	negs	r2, r2
100022d2:	d100      	bne.n	100022d6 <l47_1>
100022d4:	3301      	adds	r3, #1

100022d6 <l47_1>:
100022d6:	bd00      	pop	{pc}

100022d8 <divmod_u64u64_unsafe>:
100022d8:	2900      	cmp	r1, #0
100022da:	d123      	bne.n	10002324 <y64>
100022dc:	2b00      	cmp	r3, #0
100022de:	d118      	bne.n	10002312 <udiv0+0x10>
100022e0:	2a00      	cmp	r2, #0
100022e2:	d00c      	beq.n	100022fe <divmod_u64u64_unsafe+0x26>
100022e4:	46bc      	mov	ip, r7
100022e6:	4f0d      	ldr	r7, [pc, #52]	@ (1000231c <udiv0+0x1a>)
100022e8:	6638      	str	r0, [r7, #96]	@ 0x60
100022ea:	667a      	str	r2, [r7, #100]	@ 0x64
100022ec:	2100      	movs	r1, #0
100022ee:	2300      	movs	r3, #0
100022f0:	e7ff      	b.n	100022f2 <divmod_u64u64_unsafe+0x1a>
100022f2:	e7ff      	b.n	100022f4 <divmod_u64u64_unsafe+0x1c>
100022f4:	e7ff      	b.n	100022f6 <divmod_u64u64_unsafe+0x1e>
100022f6:	6f7a      	ldr	r2, [r7, #116]	@ 0x74
100022f8:	6f38      	ldr	r0, [r7, #112]	@ 0x70
100022fa:	4667      	mov	r7, ip
100022fc:	4770      	bx	lr
100022fe:	2800      	cmp	r0, #0
10002300:	d001      	beq.n	10002306 <udiv0+0x4>

10002302 <udiv0>:
10002302:	4807      	ldr	r0, [pc, #28]	@ (10002320 <udiv0+0x1e>)
10002304:	0001      	movs	r1, r0
10002306:	b500      	push	{lr}
10002308:	f005 f8b6 	bl	10007478 <____aeabi_ldiv0_veneer>
1000230c:	2200      	movs	r2, #0
1000230e:	2300      	movs	r3, #0
10002310:	bd00      	pop	{pc}
10002312:	0002      	movs	r2, r0
10002314:	000b      	movs	r3, r1
10002316:	2000      	movs	r0, #0
10002318:	2100      	movs	r1, #0
1000231a:	4770      	bx	lr
1000231c:	d0000000 	.word	0xd0000000
10002320:	ffffffff 	.word	0xffffffff

10002324 <y64>:
10002324:	2b00      	cmp	r3, #0
10002326:	d000      	beq.n	1000232a <y64+0x6>
10002328:	e0bf      	b.n	100024aa <y64_x48>
1000232a:	0c13      	lsrs	r3, r2, #16
1000232c:	d128      	bne.n	10002380 <y64_x32>
1000232e:	2a00      	cmp	r2, #0
10002330:	d0e7      	beq.n	10002302 <udiv0>
10002332:	b480      	push	{r7}
10002334:	4f11      	ldr	r7, [pc, #68]	@ (1000237c <y64+0x58>)
10002336:	6639      	str	r1, [r7, #96]	@ 0x60
10002338:	667a      	str	r2, [r7, #100]	@ 0x64
1000233a:	e7ff      	b.n	1000233c <y64+0x18>
1000233c:	e7ff      	b.n	1000233e <y64+0x1a>
1000233e:	b430      	push	{r4, r5}
10002340:	0c04      	lsrs	r4, r0, #16
10002342:	6f7b      	ldr	r3, [r7, #116]	@ 0x74
10002344:	6f39      	ldr	r1, [r7, #112]	@ 0x70
10002346:	041b      	lsls	r3, r3, #16
10002348:	4323      	orrs	r3, r4
1000234a:	663b      	str	r3, [r7, #96]	@ 0x60
1000234c:	667a      	str	r2, [r7, #100]	@ 0x64
1000234e:	e7ff      	b.n	10002350 <y64+0x2c>
10002350:	e7ff      	b.n	10002352 <y64+0x2e>
10002352:	e7ff      	b.n	10002354 <y64+0x30>
10002354:	46c0      	nop			@ (mov r8, r8)
10002356:	b284      	uxth	r4, r0
10002358:	6f7b      	ldr	r3, [r7, #116]	@ 0x74
1000235a:	6f3d      	ldr	r5, [r7, #112]	@ 0x70
1000235c:	041b      	lsls	r3, r3, #16
1000235e:	4323      	orrs	r3, r4
10002360:	663b      	str	r3, [r7, #96]	@ 0x60
10002362:	667a      	str	r2, [r7, #100]	@ 0x64
10002364:	e7ff      	b.n	10002366 <y64+0x42>
10002366:	e7ff      	b.n	10002368 <y64+0x44>
10002368:	46c0      	nop			@ (mov r8, r8)
1000236a:	2300      	movs	r3, #0
1000236c:	042c      	lsls	r4, r5, #16
1000236e:	0c2d      	lsrs	r5, r5, #16
10002370:	6f7a      	ldr	r2, [r7, #116]	@ 0x74
10002372:	6f38      	ldr	r0, [r7, #112]	@ 0x70
10002374:	1900      	adds	r0, r0, r4
10002376:	4169      	adcs	r1, r5
10002378:	bcb0      	pop	{r4, r5, r7}
1000237a:	4770      	bx	lr
1000237c:	d0000000 	.word	0xd0000000

10002380 <y64_x32>:
10002380:	b5f0      	push	{r4, r5, r6, r7, lr}
10002382:	4694      	mov	ip, r2
10002384:	2500      	movs	r5, #0
10002386:	0e14      	lsrs	r4, r2, #24
10002388:	d101      	bne.n	1000238e <y64_x32+0xe>
1000238a:	0212      	lsls	r2, r2, #8
1000238c:	3508      	adds	r5, #8
1000238e:	0f14      	lsrs	r4, r2, #28
10002390:	d101      	bne.n	10002396 <y64_x32+0x16>
10002392:	0112      	lsls	r2, r2, #4
10002394:	3504      	adds	r5, #4
10002396:	0f94      	lsrs	r4, r2, #30
10002398:	d101      	bne.n	1000239e <y64_x32+0x1e>
1000239a:	0092      	lsls	r2, r2, #2
1000239c:	3502      	adds	r5, #2
1000239e:	0fd4      	lsrs	r4, r2, #31
100023a0:	d101      	bne.n	100023a6 <y64_x32+0x26>
100023a2:	0052      	lsls	r2, r2, #1
100023a4:	3501      	adds	r5, #1
100023a6:	0bd4      	lsrs	r4, r2, #15
100023a8:	3401      	adds	r4, #1
100023aa:	4f25      	ldr	r7, [pc, #148]	@ (10002440 <y64_x32+0xc0>)
100023ac:	667c      	str	r4, [r7, #100]	@ 0x64
100023ae:	4c25      	ldr	r4, [pc, #148]	@ (10002444 <y64_x32+0xc4>)
100023b0:	663c      	str	r4, [r7, #96]	@ 0x60
100023b2:	0c0e      	lsrs	r6, r1, #16
100023b4:	b293      	uxth	r3, r2
100023b6:	e7ff      	b.n	100023b8 <y64_x32+0x38>
100023b8:	e7ff      	b.n	100023ba <y64_x32+0x3a>
100023ba:	e7ff      	b.n	100023bc <y64_x32+0x3c>
100023bc:	6f3c      	ldr	r4, [r7, #112]	@ 0x70
100023be:	4366      	muls	r6, r4
100023c0:	0c36      	lsrs	r6, r6, #16
100023c2:	0377      	lsls	r7, r6, #13
100023c4:	46be      	mov	lr, r7
100023c6:	4373      	muls	r3, r6
100023c8:	0bdf      	lsrs	r7, r3, #15
100023ca:	045b      	lsls	r3, r3, #17
100023cc:	1ac0      	subs	r0, r0, r3
100023ce:	41b9      	sbcs	r1, r7
100023d0:	0c13      	lsrs	r3, r2, #16
100023d2:	4373      	muls	r3, r6
100023d4:	18db      	adds	r3, r3, r3
100023d6:	1ac9      	subs	r1, r1, r3
100023d8:	08ce      	lsrs	r6, r1, #3
100023da:	4366      	muls	r6, r4
100023dc:	0c36      	lsrs	r6, r6, #16
100023de:	44b6      	add	lr, r6
100023e0:	b293      	uxth	r3, r2
100023e2:	4373      	muls	r3, r6
100023e4:	0f1f      	lsrs	r7, r3, #28
100023e6:	011b      	lsls	r3, r3, #4
100023e8:	1ac0      	subs	r0, r0, r3
100023ea:	41b9      	sbcs	r1, r7
100023ec:	0c13      	lsrs	r3, r2, #16
100023ee:	4373      	muls	r3, r6
100023f0:	0b1f      	lsrs	r7, r3, #12
100023f2:	051b      	lsls	r3, r3, #20
100023f4:	1ac0      	subs	r0, r0, r3
100023f6:	41b9      	sbcs	r1, r7
100023f8:	0d86      	lsrs	r6, r0, #22
100023fa:	028f      	lsls	r7, r1, #10
100023fc:	433e      	orrs	r6, r7
100023fe:	4366      	muls	r6, r4
10002400:	0c36      	lsrs	r6, r6, #16
10002402:	2d09      	cmp	r5, #9
10002404:	db24      	blt.n	10002450 <last0>
10002406:	0a52      	lsrs	r2, r2, #9
10002408:	4372      	muls	r2, r6
1000240a:	1a80      	subs	r0, r0, r2
1000240c:	0377      	lsls	r7, r6, #13
1000240e:	0a46      	lsrs	r6, r0, #9
10002410:	4366      	muls	r6, r4
10002412:	0c36      	lsrs	r6, r6, #16
10002414:	2316      	movs	r3, #22
10002416:	1b5b      	subs	r3, r3, r5
10002418:	40de      	lsrs	r6, r3
1000241a:	40df      	lsrs	r7, r3
1000241c:	19bf      	adds	r7, r7, r6
1000241e:	4664      	mov	r4, ip
10002420:	4366      	muls	r6, r4
10002422:	1b82      	subs	r2, r0, r6
10002424:	4670      	mov	r0, lr
10002426:	3504      	adds	r5, #4
10002428:	3306      	adds	r3, #6
1000242a:	0001      	movs	r1, r0
1000242c:	40d9      	lsrs	r1, r3
1000242e:	40a8      	lsls	r0, r5
10002430:	19c0      	adds	r0, r0, r7
10002432:	d300      	bcc.n	10002436 <y64_x32+0xb6>
10002434:	3101      	adds	r1, #1
10002436:	42a2      	cmp	r2, r4
10002438:	d206      	bcs.n	10002448 <y64_x32+0xc8>
1000243a:	2300      	movs	r3, #0
1000243c:	bdf0      	pop	{r4, r5, r6, r7, pc}
1000243e:	0000      	.short	0x0000
10002440:	d0000000 	.word	0xd0000000
10002444:	ffffffff 	.word	0xffffffff
10002448:	1b12      	subs	r2, r2, r4
1000244a:	3001      	adds	r0, #1
1000244c:	d3f3      	bcc.n	10002436 <y64_x32+0xb6>
1000244e:	e7f1      	b.n	10002434 <y64_x32+0xb4>

10002450 <last0>:
10002450:	2709      	movs	r7, #9
10002452:	1b7f      	subs	r7, r7, r5
10002454:	40fe      	lsrs	r6, r7
10002456:	4664      	mov	r4, ip
10002458:	b2a2      	uxth	r2, r4
1000245a:	4372      	muls	r2, r6
1000245c:	1a80      	subs	r0, r0, r2
1000245e:	d200      	bcs.n	10002462 <last0+0x12>
10002460:	3901      	subs	r1, #1
10002462:	0c22      	lsrs	r2, r4, #16
10002464:	4372      	muls	r2, r6
10002466:	0c13      	lsrs	r3, r2, #16
10002468:	0412      	lsls	r2, r2, #16
1000246a:	1a82      	subs	r2, r0, r2
1000246c:	4199      	sbcs	r1, r3
1000246e:	000b      	movs	r3, r1
10002470:	4670      	mov	r0, lr
10002472:	3504      	adds	r5, #4
10002474:	3713      	adds	r7, #19
10002476:	0001      	movs	r1, r0
10002478:	40f9      	lsrs	r1, r7
1000247a:	40a8      	lsls	r0, r5
1000247c:	1980      	adds	r0, r0, r6
1000247e:	d300      	bcc.n	10002482 <last0+0x32>
10002480:	3101      	adds	r1, #1
10002482:	2b00      	cmp	r3, #0
10002484:	d102      	bne.n	1000248c <last0+0x3c>
10002486:	42a2      	cmp	r2, r4
10002488:	d20a      	bcs.n	100024a0 <last0+0x50>
1000248a:	bdf0      	pop	{r4, r5, r6, r7, pc}
1000248c:	3001      	adds	r0, #1
1000248e:	d300      	bcc.n	10002492 <last0+0x42>
10002490:	3101      	adds	r1, #1
10002492:	1b12      	subs	r2, r2, r4
10002494:	d2fa      	bcs.n	1000248c <last0+0x3c>
10002496:	3b01      	subs	r3, #1
10002498:	d1f8      	bne.n	1000248c <last0+0x3c>
1000249a:	42a2      	cmp	r2, r4
1000249c:	d200      	bcs.n	100024a0 <last0+0x50>
1000249e:	bdf0      	pop	{r4, r5, r6, r7, pc}
100024a0:	3001      	adds	r0, #1
100024a2:	d300      	bcc.n	100024a6 <last0+0x56>
100024a4:	3101      	adds	r1, #1
100024a6:	1b12      	subs	r2, r2, r4
100024a8:	e7f7      	b.n	1000249a <last0+0x4a>

100024aa <y64_x48>:
100024aa:	b5f0      	push	{r4, r5, r6, r7, lr}
100024ac:	0c1c      	lsrs	r4, r3, #16
100024ae:	d000      	beq.n	100024b2 <y64_x48+0x8>
100024b0:	e080      	b.n	100025b4 <y64_x64>
100024b2:	b40c      	push	{r2, r3}
100024b4:	2500      	movs	r5, #0
100024b6:	0a1c      	lsrs	r4, r3, #8
100024b8:	d104      	bne.n	100024c4 <y64_x48+0x1a>
100024ba:	021b      	lsls	r3, r3, #8
100024bc:	0e16      	lsrs	r6, r2, #24
100024be:	4333      	orrs	r3, r6
100024c0:	0212      	lsls	r2, r2, #8
100024c2:	3508      	adds	r5, #8
100024c4:	0b1c      	lsrs	r4, r3, #12
100024c6:	d104      	bne.n	100024d2 <y64_x48+0x28>
100024c8:	011b      	lsls	r3, r3, #4
100024ca:	0f16      	lsrs	r6, r2, #28
100024cc:	4333      	orrs	r3, r6
100024ce:	0112      	lsls	r2, r2, #4
100024d0:	3504      	adds	r5, #4
100024d2:	0b9c      	lsrs	r4, r3, #14
100024d4:	d104      	bne.n	100024e0 <y64_x48+0x36>
100024d6:	009b      	lsls	r3, r3, #2
100024d8:	0f96      	lsrs	r6, r2, #30
100024da:	4333      	orrs	r3, r6
100024dc:	0092      	lsls	r2, r2, #2
100024de:	3502      	adds	r5, #2
100024e0:	0bdc      	lsrs	r4, r3, #15
100024e2:	d102      	bne.n	100024ea <y64_x48+0x40>
100024e4:	1892      	adds	r2, r2, r2
100024e6:	415b      	adcs	r3, r3
100024e8:	3501      	adds	r5, #1
100024ea:	001c      	movs	r4, r3
100024ec:	1897      	adds	r7, r2, r2
100024ee:	4164      	adcs	r4, r4
100024f0:	3401      	adds	r4, #1
100024f2:	4f46      	ldr	r7, [pc, #280]	@ (1000260c <y64_x64+0x58>)
100024f4:	667c      	str	r4, [r7, #100]	@ 0x64
100024f6:	4c46      	ldr	r4, [pc, #280]	@ (10002610 <y64_x64+0x5c>)
100024f8:	663c      	str	r4, [r7, #96]	@ 0x60
100024fa:	0c0e      	lsrs	r6, r1, #16
100024fc:	e7ff      	b.n	100024fe <y64_x48+0x54>
100024fe:	e7ff      	b.n	10002500 <y64_x48+0x56>
10002500:	e7ff      	b.n	10002502 <y64_x48+0x58>
10002502:	46c0      	nop			@ (mov r8, r8)
10002504:	6f3c      	ldr	r4, [r7, #112]	@ 0x70
10002506:	4366      	muls	r6, r4
10002508:	0c36      	lsrs	r6, r6, #16
1000250a:	0377      	lsls	r7, r6, #13
1000250c:	46be      	mov	lr, r7
1000250e:	b297      	uxth	r7, r2
10002510:	4377      	muls	r7, r6
10002512:	1bc0      	subs	r0, r0, r7
10002514:	d200      	bcs.n	10002518 <y64_x48+0x6e>
10002516:	3901      	subs	r1, #1
10002518:	1bc0      	subs	r0, r0, r7
1000251a:	d200      	bcs.n	1000251e <y64_x48+0x74>
1000251c:	3901      	subs	r1, #1
1000251e:	b29f      	uxth	r7, r3
10002520:	4377      	muls	r7, r6
10002522:	1bc9      	subs	r1, r1, r7
10002524:	1bc9      	subs	r1, r1, r7
10002526:	0c17      	lsrs	r7, r2, #16
10002528:	4377      	muls	r7, r6
1000252a:	047e      	lsls	r6, r7, #17
1000252c:	0bff      	lsrs	r7, r7, #15
1000252e:	1b80      	subs	r0, r0, r6
10002530:	41b9      	sbcs	r1, r7
10002532:	08ce      	lsrs	r6, r1, #3
10002534:	4366      	muls	r6, r4
10002536:	0c36      	lsrs	r6, r6, #16
10002538:	2d0c      	cmp	r5, #12
1000253a:	db33      	blt.n	100025a4 <last1>
1000253c:	44b6      	add	lr, r6
1000253e:	0b12      	lsrs	r2, r2, #12
10002540:	051f      	lsls	r7, r3, #20
10002542:	433a      	orrs	r2, r7
10002544:	0b1b      	lsrs	r3, r3, #12
10002546:	b297      	uxth	r7, r2
10002548:	4377      	muls	r7, r6
1000254a:	1bc0      	subs	r0, r0, r7
1000254c:	d200      	bcs.n	10002550 <y64_x48+0xa6>
1000254e:	3901      	subs	r1, #1
10002550:	b29f      	uxth	r7, r3
10002552:	4377      	muls	r7, r6
10002554:	1bc9      	subs	r1, r1, r7
10002556:	0c17      	lsrs	r7, r2, #16
10002558:	4377      	muls	r7, r6
1000255a:	043e      	lsls	r6, r7, #16
1000255c:	0c3f      	lsrs	r7, r7, #16
1000255e:	1b80      	subs	r0, r0, r6
10002560:	41b9      	sbcs	r1, r7
10002562:	0d86      	lsrs	r6, r0, #22
10002564:	028f      	lsls	r7, r1, #10
10002566:	433e      	orrs	r6, r7
10002568:	4366      	muls	r6, r4
1000256a:	2729      	movs	r7, #41	@ 0x29
1000256c:	1b7f      	subs	r7, r7, r5
1000256e:	40fe      	lsrs	r6, r7
10002570:	3d0c      	subs	r5, #12
10002572:	4677      	mov	r7, lr
10002574:	40af      	lsls	r7, r5
10002576:	19bf      	adds	r7, r7, r6
10002578:	bc30      	pop	{r4, r5}
1000257a:	b2a2      	uxth	r2, r4
1000257c:	b2ab      	uxth	r3, r5
1000257e:	4372      	muls	r2, r6
10002580:	4373      	muls	r3, r6
10002582:	1a80      	subs	r0, r0, r2
10002584:	4199      	sbcs	r1, r3
10002586:	0c22      	lsrs	r2, r4, #16
10002588:	4372      	muls	r2, r6
1000258a:	0c13      	lsrs	r3, r2, #16
1000258c:	0412      	lsls	r2, r2, #16
1000258e:	1a80      	subs	r0, r0, r2
10002590:	4199      	sbcs	r1, r3
10002592:	0002      	movs	r2, r0
10002594:	000b      	movs	r3, r1
10002596:	3701      	adds	r7, #1
10002598:	1b00      	subs	r0, r0, r4
1000259a:	41a9      	sbcs	r1, r5
1000259c:	d2f9      	bcs.n	10002592 <y64_x48+0xe8>
1000259e:	1e78      	subs	r0, r7, #1
100025a0:	2100      	movs	r1, #0
100025a2:	bdf0      	pop	{r4, r5, r6, r7, pc}

100025a4 <last1>:
100025a4:	270c      	movs	r7, #12
100025a6:	1b7f      	subs	r7, r7, r5
100025a8:	40fe      	lsrs	r6, r7
100025aa:	4677      	mov	r7, lr
100025ac:	0b7f      	lsrs	r7, r7, #13
100025ae:	40af      	lsls	r7, r5
100025b0:	19ff      	adds	r7, r7, r7
100025b2:	e7e0      	b.n	10002576 <y64_x48+0xcc>

100025b4 <y64_x64>:
100025b4:	2400      	movs	r4, #0
100025b6:	1c5d      	adds	r5, r3, #1
100025b8:	d007      	beq.n	100025ca <y64_x64+0x16>
100025ba:	4f14      	ldr	r7, [pc, #80]	@ (1000260c <y64_x64+0x58>)
100025bc:	667d      	str	r5, [r7, #100]	@ 0x64
100025be:	6639      	str	r1, [r7, #96]	@ 0x60
100025c0:	e7ff      	b.n	100025c2 <y64_x64+0xe>
100025c2:	e7ff      	b.n	100025c4 <y64_x64+0x10>
100025c4:	e7ff      	b.n	100025c6 <y64_x64+0x12>
100025c6:	e7ff      	b.n	100025c8 <y64_x64+0x14>
100025c8:	6f3c      	ldr	r4, [r7, #112]	@ 0x70
100025ca:	b295      	uxth	r5, r2
100025cc:	b29e      	uxth	r6, r3
100025ce:	4365      	muls	r5, r4
100025d0:	4366      	muls	r6, r4
100025d2:	1b40      	subs	r0, r0, r5
100025d4:	41b1      	sbcs	r1, r6
100025d6:	0c15      	lsrs	r5, r2, #16
100025d8:	0c1e      	lsrs	r6, r3, #16
100025da:	4365      	muls	r5, r4
100025dc:	4366      	muls	r6, r4
100025de:	0436      	lsls	r6, r6, #16
100025e0:	0c2f      	lsrs	r7, r5, #16
100025e2:	433e      	orrs	r6, r7
100025e4:	042d      	lsls	r5, r5, #16
100025e6:	1b40      	subs	r0, r0, r5
100025e8:	41b1      	sbcs	r1, r6
100025ea:	4299      	cmp	r1, r3
100025ec:	d204      	bcs.n	100025f8 <y64_x64+0x44>
100025ee:	0002      	movs	r2, r0
100025f0:	000b      	movs	r3, r1
100025f2:	0020      	movs	r0, r4
100025f4:	2100      	movs	r1, #0
100025f6:	bdf0      	pop	{r4, r5, r6, r7, pc}
100025f8:	d101      	bne.n	100025fe <y64_x64+0x4a>
100025fa:	4290      	cmp	r0, r2
100025fc:	d3f7      	bcc.n	100025ee <y64_x64+0x3a>
100025fe:	1a80      	subs	r0, r0, r2
10002600:	4199      	sbcs	r1, r3
10002602:	3401      	adds	r4, #1
10002604:	4299      	cmp	r1, r3
10002606:	d3f2      	bcc.n	100025ee <y64_x64+0x3a>
10002608:	e7f6      	b.n	100025f8 <y64_x64+0x44>
1000260a:	0000      	.short	0x0000
1000260c:	d0000000 	.word	0xd0000000
10002610:	ffffffff 	.word	0xffffffff

10002614 <__wrap___aeabi_drsub>:
10002614:	4048      	eors	r0, r1
10002616:	4041      	eors	r1, r0
10002618:	4048      	eors	r0, r1

1000261a <__wrap___aeabi_dsub>:
1000261a:	b418      	push	{r3, r4}
1000261c:	4b13      	ldr	r3, [pc, #76]	@ (1000266c <__wrap___aeabi_dmul+0xa>)
1000261e:	685b      	ldr	r3, [r3, #4]
10002620:	9301      	str	r3, [sp, #4]
10002622:	bd08      	pop	{r3, pc}

10002624 <__wrap___aeabi_dadd>:
10002624:	b418      	push	{r3, r4}
10002626:	4b11      	ldr	r3, [pc, #68]	@ (1000266c <__wrap___aeabi_dmul+0xa>)
10002628:	681b      	ldr	r3, [r3, #0]
1000262a:	9301      	str	r3, [sp, #4]
1000262c:	bd08      	pop	{r3, pc}

1000262e <__wrap___aeabi_ddiv>:
1000262e:	4694      	mov	ip, r2
10002630:	4a0f      	ldr	r2, [pc, #60]	@ (10002670 <__wrap___aeabi_dmul+0xe>)
10002632:	6f92      	ldr	r2, [r2, #120]	@ 0x78
10002634:	0892      	lsrs	r2, r2, #2
10002636:	d205      	bcs.n	10002644 <ddiv_save_state>
10002638:	4662      	mov	r2, ip

1000263a <ddiv_shim_call>:
1000263a:	b418      	push	{r3, r4}
1000263c:	4b0b      	ldr	r3, [pc, #44]	@ (1000266c <__wrap___aeabi_dmul+0xa>)
1000263e:	68db      	ldr	r3, [r3, #12]
10002640:	9301      	str	r3, [sp, #4]
10002642:	bd08      	pop	{r3, pc}

10002644 <ddiv_save_state>:
10002644:	4a0a      	ldr	r2, [pc, #40]	@ (10002670 <__wrap___aeabi_dmul+0xe>)
10002646:	b5f0      	push	{r4, r5, r6, r7, lr}
10002648:	6e14      	ldr	r4, [r2, #96]	@ 0x60
1000264a:	6e55      	ldr	r5, [r2, #100]	@ 0x64
1000264c:	6f57      	ldr	r7, [r2, #116]	@ 0x74
1000264e:	6f16      	ldr	r6, [r2, #112]	@ 0x70
10002650:	4662      	mov	r2, ip
10002652:	f7ff fff2 	bl	1000263a <ddiv_shim_call>
10002656:	4a06      	ldr	r2, [pc, #24]	@ (10002670 <__wrap___aeabi_dmul+0xe>)
10002658:	6614      	str	r4, [r2, #96]	@ 0x60
1000265a:	6655      	str	r5, [r2, #100]	@ 0x64
1000265c:	6757      	str	r7, [r2, #116]	@ 0x74
1000265e:	6716      	str	r6, [r2, #112]	@ 0x70
10002660:	bdf0      	pop	{r4, r5, r6, r7, pc}

10002662 <__wrap___aeabi_dmul>:
10002662:	b418      	push	{r3, r4}
10002664:	4b01      	ldr	r3, [pc, #4]	@ (1000266c <__wrap___aeabi_dmul+0xa>)
10002666:	689b      	ldr	r3, [r3, #8]
10002668:	9301      	str	r3, [sp, #4]
1000266a:	bd08      	pop	{r3, pc}
1000266c:	20001258 	.word	0x20001258
10002670:	d0000000 	.word	0xd0000000

10002674 <__wrap___aeabi_cdrcmple>:
10002674:	b5ff      	push	{r0, r1, r2, r3, r4, r5, r6, r7, lr}
10002676:	4050      	eors	r0, r2
10002678:	4042      	eors	r2, r0
1000267a:	4050      	eors	r0, r2
1000267c:	4059      	eors	r1, r3
1000267e:	404b      	eors	r3, r1
10002680:	4059      	eors	r1, r3
10002682:	e000      	b.n	10002686 <__aeabi_dfcmple_guts>

10002684 <__wrap___aeabi_cdcmpeq>:
10002684:	b5ff      	push	{r0, r1, r2, r3, r4, r5, r6, r7, lr}

10002686 <__aeabi_dfcmple_guts>:
10002686:	4f15      	ldr	r7, [pc, #84]	@ (100026dc <__aeabi_dfcmple_guts+0x56>)
10002688:	004c      	lsls	r4, r1, #1
1000268a:	0d64      	lsrs	r4, r4, #21
1000268c:	d003      	beq.n	10002696 <__aeabi_dfcmple_guts+0x10>
1000268e:	42bc      	cmp	r4, r7
10002690:	d104      	bne.n	1000269c <__aeabi_dfcmple_guts+0x16>
10002692:	030c      	lsls	r4, r1, #12
10002694:	d814      	bhi.n	100026c0 <__aeabi_dfcmple_guts+0x3a>
10002696:	2000      	movs	r0, #0
10002698:	0d09      	lsrs	r1, r1, #20
1000269a:	0509      	lsls	r1, r1, #20
1000269c:	005c      	lsls	r4, r3, #1
1000269e:	0d64      	lsrs	r4, r4, #21
100026a0:	d003      	beq.n	100026aa <__aeabi_dfcmple_guts+0x24>
100026a2:	42bc      	cmp	r4, r7
100026a4:	d104      	bne.n	100026b0 <__aeabi_dfcmple_guts+0x2a>
100026a6:	031c      	lsls	r4, r3, #12
100026a8:	d80a      	bhi.n	100026c0 <__aeabi_dfcmple_guts+0x3a>
100026aa:	2200      	movs	r2, #0
100026ac:	0d1b      	lsrs	r3, r3, #20
100026ae:	051b      	lsls	r3, r3, #20
100026b0:	2601      	movs	r6, #1
100026b2:	404b      	eors	r3, r1
100026b4:	d409      	bmi.n	100026ca <__aeabi_dfcmple_guts+0x44>
100026b6:	404b      	eors	r3, r1
100026b8:	d503      	bpl.n	100026c2 <__aeabi_dfcmple_guts+0x3c>
100026ba:	428b      	cmp	r3, r1
100026bc:	d100      	bne.n	100026c0 <__aeabi_dfcmple_guts+0x3a>
100026be:	4282      	cmp	r2, r0
100026c0:	bdff      	pop	{r0, r1, r2, r3, r4, r5, r6, r7, pc}
100026c2:	4299      	cmp	r1, r3
100026c4:	d1fc      	bne.n	100026c0 <__aeabi_dfcmple_guts+0x3a>
100026c6:	4290      	cmp	r0, r2
100026c8:	bdff      	pop	{r0, r1, r2, r3, r4, r5, r6, r7, pc}
100026ca:	430b      	orrs	r3, r1
100026cc:	18db      	adds	r3, r3, r3
100026ce:	4303      	orrs	r3, r0
100026d0:	4313      	orrs	r3, r2
100026d2:	d0f5      	beq.n	100026c0 <__aeabi_dfcmple_guts+0x3a>
100026d4:	43c9      	mvns	r1, r1
100026d6:	1849      	adds	r1, r1, r1
100026d8:	bdff      	pop	{r0, r1, r2, r3, r4, r5, r6, r7, pc}
100026da:	0000      	.short	0x0000
100026dc:	000007ff 	.word	0x000007ff

100026e0 <__wrap___aeabi_dcmplt>:
100026e0:	b500      	push	{lr}
100026e2:	f7ff ffcf 	bl	10002684 <__wrap___aeabi_cdcmpeq>
100026e6:	4180      	sbcs	r0, r0
100026e8:	bd00      	pop	{pc}
100026ea:	46c0      	nop			@ (mov r8, r8)

100026ec <__wrap___aeabi_dcmple>:
100026ec:	b500      	push	{lr}
100026ee:	f7ff ffc9 	bl	10002684 <__wrap___aeabi_cdcmpeq>
100026f2:	d901      	bls.n	100026f8 <__wrap___aeabi_dcmple+0xc>
100026f4:	2000      	movs	r0, #0
100026f6:	bd00      	pop	{pc}
100026f8:	2001      	movs	r0, #1
100026fa:	bd00      	pop	{pc}

100026fc <__wrap___aeabi_dcmpge>:
100026fc:	b500      	push	{lr}
100026fe:	f7ff ffb9 	bl	10002674 <__wrap___aeabi_cdrcmple>
10002702:	d901      	bls.n	10002708 <__wrap___aeabi_dcmpge+0xc>
10002704:	2000      	movs	r0, #0
10002706:	bd00      	pop	{pc}
10002708:	2001      	movs	r0, #1
1000270a:	bd00      	pop	{pc}

1000270c <__wrap___aeabi_dcmpgt>:
1000270c:	b500      	push	{lr}
1000270e:	f7ff ffb1 	bl	10002674 <__wrap___aeabi_cdrcmple>
10002712:	4180      	sbcs	r0, r0
10002714:	bd00      	pop	{pc}

10002716 <__wrap___aeabi_dcmpun>:
10002716:	2001      	movs	r0, #1
10002718:	0540      	lsls	r0, r0, #21
1000271a:	004a      	lsls	r2, r1, #1
1000271c:	1812      	adds	r2, r2, r0
1000271e:	d804      	bhi.n	1000272a <__wrap___aeabi_dcmpun+0x14>
10002720:	005a      	lsls	r2, r3, #1
10002722:	1812      	adds	r2, r2, r0
10002724:	d801      	bhi.n	1000272a <__wrap___aeabi_dcmpun+0x14>
10002726:	2000      	movs	r0, #0
10002728:	4770      	bx	lr
1000272a:	2001      	movs	r0, #1
1000272c:	4770      	bx	lr
	...

10002730 <__wrap___aeabi_ui2d>:
10002730:	2100      	movs	r1, #0
10002732:	2800      	cmp	r0, #0
10002734:	d105      	bne.n	10002742 <__wrap___aeabi_i2d+0xa>
10002736:	4770      	bx	lr

10002738 <__wrap___aeabi_i2d>:
10002738:	17c1      	asrs	r1, r0, #31
1000273a:	4048      	eors	r0, r1
1000273c:	1a40      	subs	r0, r0, r1
1000273e:	d0fa      	beq.n	10002736 <__wrap___aeabi_ui2d+0x6>
10002740:	07c9      	lsls	r1, r1, #31
10002742:	b513      	push	{r0, r1, r4, lr}
10002744:	4b06      	ldr	r3, [pc, #24]	@ (10002760 <__wrap___aeabi_i2d+0x28>)
10002746:	681b      	ldr	r3, [r3, #0]
10002748:	4798      	blx	r3
1000274a:	bc0c      	pop	{r2, r3}
1000274c:	1c44      	adds	r4, r0, #1
1000274e:	40a2      	lsls	r2, r4
10002750:	0510      	lsls	r0, r2, #20
10002752:	0b12      	lsrs	r2, r2, #12
10002754:	4903      	ldr	r1, [pc, #12]	@ (10002764 <__wrap___aeabi_i2d+0x2c>)
10002756:	1b09      	subs	r1, r1, r4
10002758:	0509      	lsls	r1, r1, #20
1000275a:	4319      	orrs	r1, r3
1000275c:	4311      	orrs	r1, r2
1000275e:	bd10      	pop	{r4, pc}
10002760:	20001ea8 	.word	0x20001ea8
10002764:	0000041f 	.word	0x0000041f

10002768 <__wrap___aeabi_d2iz>:
10002768:	b510      	push	{r4, lr}
1000276a:	004c      	lsls	r4, r1, #1
1000276c:	0d62      	lsrs	r2, r4, #21
1000276e:	2380      	movs	r3, #128	@ 0x80
10002770:	18d2      	adds	r2, r2, r3
10002772:	00db      	lsls	r3, r3, #3
10002774:	1ad2      	subs	r2, r2, r3
10002776:	055b      	lsls	r3, r3, #21
10002778:	2a7e      	cmp	r2, #126	@ 0x7e
1000277a:	dd10      	ble.n	1000279e <__wrap___aeabi_d2iz+0x36>
1000277c:	3a9e      	subs	r2, #158	@ 0x9e
1000277e:	da13      	bge.n	100027a8 <__wrap___aeabi_d2iz+0x40>
10002780:	17cc      	asrs	r4, r1, #31
10002782:	0309      	lsls	r1, r1, #12
10002784:	0849      	lsrs	r1, r1, #1
10002786:	4319      	orrs	r1, r3
10002788:	4252      	negs	r2, r2
1000278a:	40d1      	lsrs	r1, r2
1000278c:	0064      	lsls	r4, r4, #1
1000278e:	3401      	adds	r4, #1
10002790:	3215      	adds	r2, #21
10002792:	2a20      	cmp	r2, #32
10002794:	da05      	bge.n	100027a2 <__wrap___aeabi_d2iz+0x3a>
10002796:	40d0      	lsrs	r0, r2
10002798:	4308      	orrs	r0, r1
1000279a:	4360      	muls	r0, r4
1000279c:	bd10      	pop	{r4, pc}
1000279e:	2000      	movs	r0, #0
100027a0:	bd10      	pop	{r4, pc}
100027a2:	4608      	mov	r0, r1
100027a4:	4360      	muls	r0, r4
100027a6:	bd10      	pop	{r4, pc}
100027a8:	0fc8      	lsrs	r0, r1, #31
100027aa:	18c0      	adds	r0, r0, r3
100027ac:	3801      	subs	r0, #1
100027ae:	bd10      	pop	{r4, pc}

100027b0 <__wrap___aeabi_d2uiz>:
100027b0:	b418      	push	{r3, r4}
100027b2:	4b02      	ldr	r3, [pc, #8]	@ (100027bc <__wrap___aeabi_d2uiz+0xc>)
100027b4:	6a5b      	ldr	r3, [r3, #36]	@ 0x24
100027b6:	9301      	str	r3, [sp, #4]
100027b8:	bd08      	pop	{r3, pc}
100027ba:	0000      	.short	0x0000
100027bc:	20001258 	.word	0x20001258

100027c0 <missing_double_func_shim>:
100027c0:	b510      	push	{r4, lr}
100027c2:	4801      	ldr	r0, [pc, #4]	@ (100027c8 <missing_double_func_shim+0x8>)
100027c4:	f7fe f8e4 	bl	10000990 <panic>
100027c8:	10007830 	.word	0x10007830

100027cc <__aeabi_double_init>:
100027cc:	2313      	movs	r3, #19
100027ce:	b570      	push	{r4, r5, r6, lr}
100027d0:	781d      	ldrb	r5, [r3, #0]
100027d2:	2d01      	cmp	r5, #1
100027d4:	d019      	beq.n	1000280a <__aeabi_double_init+0x3e>
100027d6:	dd14      	ble.n	10002802 <__aeabi_double_init+0x36>
100027d8:	481d      	ldr	r0, [pc, #116]	@ (10002850 <__aeabi_double_init+0x84>)
100027da:	f7ff fb3f 	bl	10001e5c <rom_data_lookup>
100027de:	0006      	movs	r6, r0
100027e0:	481c      	ldr	r0, [pc, #112]	@ (10002854 <__aeabi_double_init+0x88>)
100027e2:	f7ff fb3b 	bl	10001e5c <rom_data_lookup>
100027e6:	4c1c      	ldr	r4, [pc, #112]	@ (10002858 <__aeabi_double_init+0x8c>)
100027e8:	2280      	movs	r2, #128	@ 0x80
100027ea:	0031      	movs	r1, r6
100027ec:	0020      	movs	r0, r4
100027ee:	f000 f92f 	bl	10002a50 <__wrap___aeabi_memcpy>
100027f2:	2d02      	cmp	r5, #2
100027f4:	d006      	beq.n	10002804 <__aeabi_double_init+0x38>
100027f6:	4819      	ldr	r0, [pc, #100]	@ (1000285c <__aeabi_double_init+0x90>)
100027f8:	f7ff fb28 	bl	10001e4c <rom_func_lookup>
100027fc:	4b18      	ldr	r3, [pc, #96]	@ (10002860 <__aeabi_double_init+0x94>)
100027fe:	6018      	str	r0, [r3, #0]
10002800:	bd70      	pop	{r4, r5, r6, pc}
10002802:	4c15      	ldr	r4, [pc, #84]	@ (10002858 <__aeabi_double_init+0x8c>)
10002804:	4b17      	ldr	r3, [pc, #92]	@ (10002864 <__aeabi_double_init+0x98>)
10002806:	64a3      	str	r3, [r4, #72]	@ 0x48
10002808:	e7f5      	b.n	100027f6 <__aeabi_double_init+0x2a>
1000280a:	4b17      	ldr	r3, [pc, #92]	@ (10002868 <__aeabi_double_init+0x9c>)
1000280c:	4c12      	ldr	r4, [pc, #72]	@ (10002858 <__aeabi_double_init+0x8c>)
1000280e:	6023      	str	r3, [r4, #0]
10002810:	6063      	str	r3, [r4, #4]
10002812:	60a3      	str	r3, [r4, #8]
10002814:	60e3      	str	r3, [r4, #12]
10002816:	6123      	str	r3, [r4, #16]
10002818:	6163      	str	r3, [r4, #20]
1000281a:	61a3      	str	r3, [r4, #24]
1000281c:	61e3      	str	r3, [r4, #28]
1000281e:	6223      	str	r3, [r4, #32]
10002820:	6263      	str	r3, [r4, #36]	@ 0x24
10002822:	62a3      	str	r3, [r4, #40]	@ 0x28
10002824:	62e3      	str	r3, [r4, #44]	@ 0x2c
10002826:	6323      	str	r3, [r4, #48]	@ 0x30
10002828:	6363      	str	r3, [r4, #52]	@ 0x34
1000282a:	63a3      	str	r3, [r4, #56]	@ 0x38
1000282c:	63e3      	str	r3, [r4, #60]	@ 0x3c
1000282e:	6423      	str	r3, [r4, #64]	@ 0x40
10002830:	6463      	str	r3, [r4, #68]	@ 0x44
10002832:	64a3      	str	r3, [r4, #72]	@ 0x48
10002834:	64e3      	str	r3, [r4, #76]	@ 0x4c
10002836:	6523      	str	r3, [r4, #80]	@ 0x50
10002838:	6563      	str	r3, [r4, #84]	@ 0x54
1000283a:	65a3      	str	r3, [r4, #88]	@ 0x58
1000283c:	65e3      	str	r3, [r4, #92]	@ 0x5c
1000283e:	6623      	str	r3, [r4, #96]	@ 0x60
10002840:	6663      	str	r3, [r4, #100]	@ 0x64
10002842:	66a3      	str	r3, [r4, #104]	@ 0x68
10002844:	66e3      	str	r3, [r4, #108]	@ 0x6c
10002846:	6723      	str	r3, [r4, #112]	@ 0x70
10002848:	6763      	str	r3, [r4, #116]	@ 0x74
1000284a:	67a3      	str	r3, [r4, #120]	@ 0x78
1000284c:	67e3      	str	r3, [r4, #124]	@ 0x7c
1000284e:	e7d9      	b.n	10002804 <__aeabi_double_init+0x38>
10002850:	00004453 	.word	0x00004453
10002854:	00004653 	.word	0x00004653
10002858:	20001258 	.word	0x20001258
1000285c:	0000334c 	.word	0x0000334c
10002860:	20001ea8 	.word	0x20001ea8
10002864:	1000286d 	.word	0x1000286d
10002868:	100027c1 	.word	0x100027c1

1000286c <double_table_shim_on_use_helper>:
1000286c:	b507      	push	{r0, r1, r2, lr}
1000286e:	4660      	mov	r0, ip
10002870:	8801      	ldrh	r1, [r0, #0]
10002872:	0a0a      	lsrs	r2, r1, #8
10002874:	3002      	adds	r0, #2
10002876:	2adf      	cmp	r2, #223	@ 0xdf
10002878:	d1fa      	bne.n	10002870 <double_table_shim_on_use_helper+0x4>
1000287a:	b2c9      	uxtb	r1, r1
1000287c:	0882      	lsrs	r2, r0, #2
1000287e:	d304      	bcc.n	1000288a <double_table_shim_on_use_helper+0x1e>
10002880:	8802      	ldrh	r2, [r0, #0]
10002882:	8840      	ldrh	r0, [r0, #2]
10002884:	0400      	lsls	r0, r0, #16
10002886:	4310      	orrs	r0, r2
10002888:	e000      	b.n	1000288c <double_table_shim_on_use_helper+0x20>
1000288a:	6800      	ldr	r0, [r0, #0]
1000288c:	4a01      	ldr	r2, [pc, #4]	@ (10002894 <double_table_shim_on_use_helper+0x28>)
1000288e:	5050      	str	r0, [r2, r1]
10002890:	9003      	str	r0, [sp, #12]
10002892:	bd07      	pop	{r0, r1, r2, pc}
10002894:	20001258 	.word	0x20001258

10002898 <__wrap___aeabi_lmul>:
10002898:	4351      	muls	r1, r2
1000289a:	4343      	muls	r3, r0
1000289c:	18c9      	adds	r1, r1, r3
1000289e:	468c      	mov	ip, r1
100028a0:	0c11      	lsrs	r1, r2, #16
100028a2:	b283      	uxth	r3, r0
100028a4:	434b      	muls	r3, r1
100028a6:	b410      	push	{r4}
100028a8:	0c04      	lsrs	r4, r0, #16
100028aa:	4361      	muls	r1, r4
100028ac:	b292      	uxth	r2, r2
100028ae:	b280      	uxth	r0, r0
100028b0:	4350      	muls	r0, r2
100028b2:	4362      	muls	r2, r4
100028b4:	041c      	lsls	r4, r3, #16
100028b6:	0c1b      	lsrs	r3, r3, #16
100028b8:	1900      	adds	r0, r0, r4
100028ba:	bc10      	pop	{r4}
100028bc:	4159      	adcs	r1, r3
100028be:	0413      	lsls	r3, r2, #16
100028c0:	0c12      	lsrs	r2, r2, #16
100028c2:	18c0      	adds	r0, r0, r3
100028c4:	4151      	adcs	r1, r2
100028c6:	4461      	add	r1, ip
100028c8:	4770      	bx	lr
	...

100028cc <__wrap___aeabi_frsub>:
100028cc:	4048      	eors	r0, r1
100028ce:	4041      	eors	r1, r0
100028d0:	4048      	eors	r0, r1

100028d2 <__wrap___aeabi_fsub>:
100028d2:	4b0e      	ldr	r3, [pc, #56]	@ (1000290c <__wrap___aeabi_fmul+0x6>)
100028d4:	685b      	ldr	r3, [r3, #4]
100028d6:	4718      	bx	r3

100028d8 <__wrap___aeabi_fadd>:
100028d8:	4b0c      	ldr	r3, [pc, #48]	@ (1000290c <__wrap___aeabi_fmul+0x6>)
100028da:	681b      	ldr	r3, [r3, #0]
100028dc:	4718      	bx	r3

100028de <__wrap___aeabi_fdiv>:
100028de:	4a0c      	ldr	r2, [pc, #48]	@ (10002910 <__wrap___aeabi_fmul+0xa>)
100028e0:	6f93      	ldr	r3, [r2, #120]	@ 0x78
100028e2:	089b      	lsrs	r3, r3, #2
100028e4:	d202      	bcs.n	100028ec <fdiv_save_state>

100028e6 <fdiv_shim_call>:
100028e6:	4b09      	ldr	r3, [pc, #36]	@ (1000290c <__wrap___aeabi_fmul+0x6>)
100028e8:	68db      	ldr	r3, [r3, #12]
100028ea:	4718      	bx	r3

100028ec <fdiv_save_state>:
100028ec:	b5f0      	push	{r4, r5, r6, r7, lr}
100028ee:	6e14      	ldr	r4, [r2, #96]	@ 0x60
100028f0:	6e55      	ldr	r5, [r2, #100]	@ 0x64
100028f2:	6f57      	ldr	r7, [r2, #116]	@ 0x74
100028f4:	6f16      	ldr	r6, [r2, #112]	@ 0x70
100028f6:	f7ff fff6 	bl	100028e6 <fdiv_shim_call>
100028fa:	4a05      	ldr	r2, [pc, #20]	@ (10002910 <__wrap___aeabi_fmul+0xa>)
100028fc:	6614      	str	r4, [r2, #96]	@ 0x60
100028fe:	6655      	str	r5, [r2, #100]	@ 0x64
10002900:	6757      	str	r7, [r2, #116]	@ 0x74
10002902:	6716      	str	r6, [r2, #112]	@ 0x70
10002904:	bdf0      	pop	{r4, r5, r6, r7, pc}

10002906 <__wrap___aeabi_fmul>:
10002906:	4b01      	ldr	r3, [pc, #4]	@ (1000290c <__wrap___aeabi_fmul+0x6>)
10002908:	689b      	ldr	r3, [r3, #8]
1000290a:	4718      	bx	r3
1000290c:	20001eac 	.word	0x20001eac
10002910:	d0000000 	.word	0xd0000000

10002914 <__wrap___aeabi_cfrcmple>:
10002914:	b507      	push	{r0, r1, r2, lr}
10002916:	4048      	eors	r0, r1
10002918:	4041      	eors	r1, r0
1000291a:	4048      	eors	r0, r1
1000291c:	e001      	b.n	10002922 <__aeabi_cfcmple_guts>
1000291e:	46c0      	nop			@ (mov r8, r8)

10002920 <__wrap___aeabi_cfcmpeq>:
10002920:	b507      	push	{r0, r1, r2, lr}

10002922 <__aeabi_cfcmple_guts>:
10002922:	0042      	lsls	r2, r0, #1
10002924:	0e12      	lsrs	r2, r2, #24
10002926:	d003      	beq.n	10002930 <__aeabi_cfcmple_guts+0xe>
10002928:	2aff      	cmp	r2, #255	@ 0xff
1000292a:	d103      	bne.n	10002934 <__aeabi_cfcmple_guts+0x12>
1000292c:	0242      	lsls	r2, r0, #9
1000292e:	d818      	bhi.n	10002962 <__aeabi_cfcmple_guts+0x40>
10002930:	0dc0      	lsrs	r0, r0, #23
10002932:	05c0      	lsls	r0, r0, #23
10002934:	004a      	lsls	r2, r1, #1
10002936:	0e12      	lsrs	r2, r2, #24
10002938:	d003      	beq.n	10002942 <__aeabi_cfcmple_guts+0x20>
1000293a:	2aff      	cmp	r2, #255	@ 0xff
1000293c:	d103      	bne.n	10002946 <__aeabi_cfcmple_guts+0x24>
1000293e:	024a      	lsls	r2, r1, #9
10002940:	d80f      	bhi.n	10002962 <__aeabi_cfcmple_guts+0x40>
10002942:	0dc9      	lsrs	r1, r1, #23
10002944:	05c9      	lsls	r1, r1, #23
10002946:	2201      	movs	r2, #1
10002948:	4041      	eors	r1, r0
1000294a:	d405      	bmi.n	10002958 <__aeabi_cfcmple_guts+0x36>
1000294c:	4041      	eors	r1, r0
1000294e:	d501      	bpl.n	10002954 <__aeabi_cfcmple_guts+0x32>
10002950:	4281      	cmp	r1, r0
10002952:	bd07      	pop	{r0, r1, r2, pc}
10002954:	4288      	cmp	r0, r1
10002956:	bd07      	pop	{r0, r1, r2, pc}
10002958:	4301      	orrs	r1, r0
1000295a:	1849      	adds	r1, r1, r1
1000295c:	d001      	beq.n	10002962 <__aeabi_cfcmple_guts+0x40>
1000295e:	43c0      	mvns	r0, r0
10002960:	1800      	adds	r0, r0, r0
10002962:	bd07      	pop	{r0, r1, r2, pc}

10002964 <__wrap___aeabi_fcmplt>:
10002964:	b500      	push	{lr}
10002966:	f7ff ffdb 	bl	10002920 <__wrap___aeabi_cfcmpeq>
1000296a:	4180      	sbcs	r0, r0
1000296c:	bd00      	pop	{pc}
1000296e:	46c0      	nop			@ (mov r8, r8)

10002970 <__wrap___aeabi_ui2f>:
10002970:	1a49      	subs	r1, r1, r1
10002972:	2800      	cmp	r0, #0
10002974:	d108      	bne.n	10002988 <__aeabi_i2f_main>
10002976:	4608      	mov	r0, r1
10002978:	4770      	bx	lr
	...

1000297c <__wrap___aeabi_i2f>:
1000297c:	0fc1      	lsrs	r1, r0, #31
1000297e:	07c9      	lsls	r1, r1, #31
10002980:	d500      	bpl.n	10002984 <__wrap___aeabi_i2f+0x8>
10002982:	4240      	negs	r0, r0
10002984:	2800      	cmp	r0, #0
10002986:	d017      	beq.n	100029b8 <__aeabi_i2f_main+0x30>

10002988 <__aeabi_i2f_main>:
10002988:	46f4      	mov	ip, lr
1000298a:	b403      	push	{r0, r1}
1000298c:	4b0b      	ldr	r3, [pc, #44]	@ (100029bc <__aeabi_i2f_main+0x34>)
1000298e:	681b      	ldr	r3, [r3, #0]
10002990:	4798      	blx	r3
10002992:	bc06      	pop	{r1, r2}
10002994:	4081      	lsls	r1, r0
10002996:	389e      	subs	r0, #158	@ 0x9e
10002998:	4240      	negs	r0, r0
1000299a:	3180      	adds	r1, #128	@ 0x80
1000299c:	d207      	bcs.n	100029ae <__aeabi_i2f_main+0x26>
1000299e:	060b      	lsls	r3, r1, #24
100029a0:	d007      	beq.n	100029b2 <__aeabi_i2f_main+0x2a>
100029a2:	0049      	lsls	r1, r1, #1
100029a4:	0a49      	lsrs	r1, r1, #9
100029a6:	05c0      	lsls	r0, r0, #23
100029a8:	4310      	orrs	r0, r2
100029aa:	4308      	orrs	r0, r1
100029ac:	4760      	bx	ip
100029ae:	3001      	adds	r0, #1
100029b0:	e7f8      	b.n	100029a4 <__aeabi_i2f_main+0x1c>
100029b2:	0a49      	lsrs	r1, r1, #9
100029b4:	0289      	lsls	r1, r1, #10
100029b6:	e7f5      	b.n	100029a4 <__aeabi_i2f_main+0x1c>
100029b8:	4770      	bx	lr
100029ba:	0000      	.short	0x0000
100029bc:	20001ea8 	.word	0x20001ea8

100029c0 <__wrap___aeabi_f2uiz>:
100029c0:	4b01      	ldr	r3, [pc, #4]	@ (100029c8 <__wrap___aeabi_f2uiz+0x8>)
100029c2:	6a5b      	ldr	r3, [r3, #36]	@ 0x24
100029c4:	4718      	bx	r3
100029c6:	0000      	.short	0x0000
100029c8:	20001eac 	.word	0x20001eac

100029cc <missing_float_func_shim>:
100029cc:	b510      	push	{r4, lr}
100029ce:	4801      	ldr	r0, [pc, #4]	@ (100029d4 <missing_float_func_shim+0x8>)
100029d0:	f7fd ffde 	bl	10000990 <panic>
100029d4:	10007654 	.word	0x10007654

100029d8 <__aeabi_float_init>:
100029d8:	2313      	movs	r3, #19
100029da:	b510      	push	{r4, lr}
100029dc:	4810      	ldr	r0, [pc, #64]	@ (10002a20 <__aeabi_float_init+0x48>)
100029de:	781c      	ldrb	r4, [r3, #0]
100029e0:	f7ff fa3c 	bl	10001e5c <rom_data_lookup>
100029e4:	0001      	movs	r1, r0
100029e6:	2c01      	cmp	r4, #1
100029e8:	d00a      	beq.n	10002a00 <__aeabi_float_init+0x28>
100029ea:	dd03      	ble.n	100029f4 <__aeabi_float_init+0x1c>
100029ec:	2280      	movs	r2, #128	@ 0x80
100029ee:	480d      	ldr	r0, [pc, #52]	@ (10002a24 <__aeabi_float_init+0x4c>)
100029f0:	f000 f82e 	bl	10002a50 <__wrap___aeabi_memcpy>
100029f4:	480c      	ldr	r0, [pc, #48]	@ (10002a28 <__aeabi_float_init+0x50>)
100029f6:	f7ff fa29 	bl	10001e4c <rom_func_lookup>
100029fa:	4b0c      	ldr	r3, [pc, #48]	@ (10002a2c <__aeabi_float_init+0x54>)
100029fc:	6018      	str	r0, [r3, #0]
100029fe:	bd10      	pop	{r4, pc}
10002a00:	4c08      	ldr	r4, [pc, #32]	@ (10002a24 <__aeabi_float_init+0x4c>)
10002a02:	2254      	movs	r2, #84	@ 0x54
10002a04:	0020      	movs	r0, r4
10002a06:	f000 f823 	bl	10002a50 <__wrap___aeabi_memcpy>
10002a0a:	0022      	movs	r2, r4
10002a0c:	4908      	ldr	r1, [pc, #32]	@ (10002a30 <__aeabi_float_init+0x58>)
10002a0e:	3280      	adds	r2, #128	@ 0x80
10002a10:	6823      	ldr	r3, [r4, #0]
10002a12:	2b00      	cmp	r3, #0
10002a14:	d100      	bne.n	10002a18 <__aeabi_float_init+0x40>
10002a16:	6021      	str	r1, [r4, #0]
10002a18:	3404      	adds	r4, #4
10002a1a:	4294      	cmp	r4, r2
10002a1c:	d1f8      	bne.n	10002a10 <__aeabi_float_init+0x38>
10002a1e:	e7e9      	b.n	100029f4 <__aeabi_float_init+0x1c>
10002a20:	00004653 	.word	0x00004653
10002a24:	20001eac 	.word	0x20001eac
10002a28:	0000334c 	.word	0x0000334c
10002a2c:	20001ea8 	.word	0x20001ea8
10002a30:	100029cd 	.word	0x100029cd

10002a34 <__aeabi_mem_init>:
10002a34:	4801      	ldr	r0, [pc, #4]	@ (10002a3c <__aeabi_mem_init+0x8>)
10002a36:	2104      	movs	r1, #4
10002a38:	4b01      	ldr	r3, [pc, #4]	@ (10002a40 <__aeabi_mem_init+0xc>)
10002a3a:	4718      	bx	r3
10002a3c:	20001060 	.word	0x20001060
10002a40:	10001e6d 	.word	0x10001e6d

10002a44 <__wrap_memset>:
10002a44:	4b01      	ldr	r3, [pc, #4]	@ (10002a4c <__wrap_memset+0x8>)
10002a46:	681b      	ldr	r3, [r3, #0]
10002a48:	4718      	bx	r3
10002a4a:	0000      	.short	0x0000
10002a4c:	20001060 	.word	0x20001060

10002a50 <__wrap___aeabi_memcpy>:
10002a50:	4b01      	ldr	r3, [pc, #4]	@ (10002a58 <__wrap___aeabi_memcpy+0x8>)
10002a52:	685b      	ldr	r3, [r3, #4]
10002a54:	4718      	bx	r3
10002a56:	0000      	.short	0x0000
10002a58:	20001060 	.word	0x20001060

10002a5c <_out_null>:
10002a5c:	4770      	bx	lr
10002a5e:	46c0      	nop			@ (mov r8, r8)

10002a60 <_out_rev>:
10002a60:	b5f8      	push	{r3, r4, r5, r6, r7, lr}
10002a62:	4657      	mov	r7, sl
10002a64:	46de      	mov	lr, fp
10002a66:	464e      	mov	r6, r9
10002a68:	4645      	mov	r5, r8
10002a6a:	b5e0      	push	{r5, r6, r7, lr}
10002a6c:	4699      	mov	r9, r3
10002a6e:	9b0a      	ldr	r3, [sp, #40]	@ 0x28
10002a70:	0007      	movs	r7, r0
10002a72:	469a      	mov	sl, r3
10002a74:	9b0d      	ldr	r3, [sp, #52]	@ 0x34
10002a76:	4688      	mov	r8, r1
10002a78:	4693      	mov	fp, r2
10002a7a:	9c0b      	ldr	r4, [sp, #44]	@ 0x2c
10002a7c:	079b      	lsls	r3, r3, #30
10002a7e:	d13b      	bne.n	10002af8 <_out_rev+0x98>
10002a80:	9b0c      	ldr	r3, [sp, #48]	@ 0x30
10002a82:	429c      	cmp	r4, r3
10002a84:	d23d      	bcs.n	10002b02 <_out_rev+0xa2>
10002a86:	1b1e      	subs	r6, r3, r4
10002a88:	940b      	str	r4, [sp, #44]	@ 0x2c
10002a8a:	0015      	movs	r5, r2
10002a8c:	000c      	movs	r4, r1
10002a8e:	445e      	add	r6, fp
10002a90:	002a      	movs	r2, r5
10002a92:	464b      	mov	r3, r9
10002a94:	3501      	adds	r5, #1
10002a96:	0021      	movs	r1, r4
10002a98:	2020      	movs	r0, #32
10002a9a:	47b8      	blx	r7
10002a9c:	42b5      	cmp	r5, r6
10002a9e:	d1f7      	bne.n	10002a90 <_out_rev+0x30>
10002aa0:	46a0      	mov	r8, r4
10002aa2:	9c0b      	ldr	r4, [sp, #44]	@ 0x2c
10002aa4:	2c00      	cmp	r4, #0
10002aa6:	d020      	beq.n	10002aea <_out_rev+0x8a>
10002aa8:	4645      	mov	r5, r8
10002aaa:	1936      	adds	r6, r6, r4
10002aac:	4653      	mov	r3, sl
10002aae:	1b32      	subs	r2, r6, r4
10002ab0:	3c01      	subs	r4, #1
10002ab2:	5d18      	ldrb	r0, [r3, r4]
10002ab4:	0029      	movs	r1, r5
10002ab6:	464b      	mov	r3, r9
10002ab8:	47b8      	blx	r7
10002aba:	2c00      	cmp	r4, #0
10002abc:	d1f6      	bne.n	10002aac <_out_rev+0x4c>
10002abe:	002b      	movs	r3, r5
10002ac0:	0035      	movs	r5, r6
10002ac2:	4698      	mov	r8, r3
10002ac4:	9b0d      	ldr	r3, [sp, #52]	@ 0x34
10002ac6:	079b      	lsls	r3, r3, #30
10002ac8:	d50f      	bpl.n	10002aea <_out_rev+0x8a>
10002aca:	465b      	mov	r3, fp
10002acc:	1aec      	subs	r4, r5, r3
10002ace:	9b0c      	ldr	r3, [sp, #48]	@ 0x30
10002ad0:	42a3      	cmp	r3, r4
10002ad2:	d90a      	bls.n	10002aea <_out_rev+0x8a>
10002ad4:	4646      	mov	r6, r8
10002ad6:	4698      	mov	r8, r3
10002ad8:	002a      	movs	r2, r5
10002ada:	464b      	mov	r3, r9
10002adc:	0031      	movs	r1, r6
10002ade:	2020      	movs	r0, #32
10002ae0:	3401      	adds	r4, #1
10002ae2:	47b8      	blx	r7
10002ae4:	3501      	adds	r5, #1
10002ae6:	4544      	cmp	r4, r8
10002ae8:	d3f6      	bcc.n	10002ad8 <_out_rev+0x78>
10002aea:	0028      	movs	r0, r5
10002aec:	bcf0      	pop	{r4, r5, r6, r7}
10002aee:	46bb      	mov	fp, r7
10002af0:	46b2      	mov	sl, r6
10002af2:	46a9      	mov	r9, r5
10002af4:	46a0      	mov	r8, r4
10002af6:	bdf8      	pop	{r3, r4, r5, r6, r7, pc}
10002af8:	0016      	movs	r6, r2
10002afa:	0015      	movs	r5, r2
10002afc:	2c00      	cmp	r4, #0
10002afe:	d1d3      	bne.n	10002aa8 <_out_rev+0x48>
10002b00:	e7e0      	b.n	10002ac4 <_out_rev+0x64>
10002b02:	0016      	movs	r6, r2
10002b04:	0015      	movs	r5, r2
10002b06:	2c00      	cmp	r4, #0
10002b08:	d1ce      	bne.n	10002aa8 <_out_rev+0x48>
10002b0a:	e7ee      	b.n	10002aea <_out_rev+0x8a>

10002b0c <_ntoa_format>:
10002b0c:	b5f0      	push	{r4, r5, r6, r7, lr}
10002b0e:	4645      	mov	r5, r8
10002b10:	46de      	mov	lr, fp
10002b12:	4657      	mov	r7, sl
10002b14:	464e      	mov	r6, r9
10002b16:	b5e0      	push	{r5, r6, r7, lr}
10002b18:	b085      	sub	sp, #20
10002b1a:	469c      	mov	ip, r3
10002b1c:	ab10      	add	r3, sp, #64	@ 0x40
10002b1e:	781b      	ldrb	r3, [r3, #0]
10002b20:	9f14      	ldr	r7, [sp, #80]	@ 0x50
10002b22:	4693      	mov	fp, r2
10002b24:	4698      	mov	r8, r3
10002b26:	9c0f      	ldr	r4, [sp, #60]	@ 0x3c
10002b28:	9e12      	ldr	r6, [sp, #72]	@ 0x48
10002b2a:	9d13      	ldr	r5, [sp, #76]	@ 0x4c
10002b2c:	07bb      	lsls	r3, r7, #30
10002b2e:	d44c      	bmi.n	10002bca <_ntoa_format+0xbe>
10002b30:	2d00      	cmp	r5, #0
10002b32:	d142      	bne.n	10002bba <_ntoa_format+0xae>
10002b34:	42b4      	cmp	r4, r6
10002b36:	d248      	bcs.n	10002bca <_ntoa_format+0xbe>
10002b38:	2301      	movs	r3, #1
10002b3a:	403b      	ands	r3, r7
10002b3c:	4699      	mov	r9, r3
10002b3e:	9b0e      	ldr	r3, [sp, #56]	@ 0x38
10002b40:	3b01      	subs	r3, #1
10002b42:	469a      	mov	sl, r3
10002b44:	2330      	movs	r3, #48	@ 0x30
10002b46:	e004      	b.n	10002b52 <_ntoa_format+0x46>
10002b48:	4652      	mov	r2, sl
10002b4a:	3401      	adds	r4, #1
10002b4c:	5513      	strb	r3, [r2, r4]
10002b4e:	42a6      	cmp	r6, r4
10002b50:	d901      	bls.n	10002b56 <_ntoa_format+0x4a>
10002b52:	2c20      	cmp	r4, #32
10002b54:	d1f8      	bne.n	10002b48 <_ntoa_format+0x3c>
10002b56:	464b      	mov	r3, r9
10002b58:	2b00      	cmp	r3, #0
10002b5a:	d100      	bne.n	10002b5e <_ntoa_format+0x52>
10002b5c:	e083      	b.n	10002c66 <_ntoa_format+0x15a>
10002b5e:	9b0e      	ldr	r3, [sp, #56]	@ 0x38
10002b60:	3b01      	subs	r3, #1
10002b62:	4699      	mov	r9, r3
10002b64:	2330      	movs	r3, #48	@ 0x30
10002b66:	42a5      	cmp	r5, r4
10002b68:	d805      	bhi.n	10002b76 <_ntoa_format+0x6a>
10002b6a:	e02e      	b.n	10002bca <_ntoa_format+0xbe>
10002b6c:	464a      	mov	r2, r9
10002b6e:	3401      	adds	r4, #1
10002b70:	5513      	strb	r3, [r2, r4]
10002b72:	42ac      	cmp	r4, r5
10002b74:	d029      	beq.n	10002bca <_ntoa_format+0xbe>
10002b76:	2c20      	cmp	r4, #32
10002b78:	d1f8      	bne.n	10002b6c <_ntoa_format+0x60>
10002b7a:	06fb      	lsls	r3, r7, #27
10002b7c:	d50c      	bpl.n	10002b98 <_ntoa_format+0x8c>
10002b7e:	057b      	lsls	r3, r7, #21
10002b80:	d454      	bmi.n	10002c2c <_ntoa_format+0x120>
10002b82:	42a6      	cmp	r6, r4
10002b84:	d063      	beq.n	10002c4e <_ntoa_format+0x142>
10002b86:	42a5      	cmp	r5, r4
10002b88:	d061      	beq.n	10002c4e <_ntoa_format+0x142>
10002b8a:	9b11      	ldr	r3, [sp, #68]	@ 0x44
10002b8c:	2b10      	cmp	r3, #16
10002b8e:	d050      	beq.n	10002c32 <_ntoa_format+0x126>
10002b90:	2b02      	cmp	r3, #2
10002b92:	d057      	beq.n	10002c44 <_ntoa_format+0x138>
10002b94:	2c20      	cmp	r4, #32
10002b96:	d132      	bne.n	10002bfe <_ntoa_format+0xf2>
10002b98:	2320      	movs	r3, #32
10002b9a:	9301      	str	r3, [sp, #4]
10002b9c:	9b0e      	ldr	r3, [sp, #56]	@ 0x38
10002b9e:	465a      	mov	r2, fp
10002ba0:	9300      	str	r3, [sp, #0]
10002ba2:	9703      	str	r7, [sp, #12]
10002ba4:	4663      	mov	r3, ip
10002ba6:	9502      	str	r5, [sp, #8]
10002ba8:	f7ff ff5a 	bl	10002a60 <_out_rev>
10002bac:	b005      	add	sp, #20
10002bae:	bcf0      	pop	{r4, r5, r6, r7}
10002bb0:	46bb      	mov	fp, r7
10002bb2:	46b2      	mov	sl, r6
10002bb4:	46a9      	mov	r9, r5
10002bb6:	46a0      	mov	r8, r4
10002bb8:	bdf0      	pop	{r4, r5, r6, r7, pc}
10002bba:	2301      	movs	r3, #1
10002bbc:	403b      	ands	r3, r7
10002bbe:	4699      	mov	r9, r3
10002bc0:	2301      	movs	r3, #1
10002bc2:	423b      	tst	r3, r7
10002bc4:	d12a      	bne.n	10002c1c <_ntoa_format+0x110>
10002bc6:	42b4      	cmp	r4, r6
10002bc8:	d3b9      	bcc.n	10002b3e <_ntoa_format+0x32>
10002bca:	06fb      	lsls	r3, r7, #27
10002bcc:	d51c      	bpl.n	10002c08 <_ntoa_format+0xfc>
10002bce:	057b      	lsls	r3, r7, #21
10002bd0:	d4db      	bmi.n	10002b8a <_ntoa_format+0x7e>
10002bd2:	2c00      	cmp	r4, #0
10002bd4:	d1d5      	bne.n	10002b82 <_ntoa_format+0x76>
10002bd6:	9b11      	ldr	r3, [sp, #68]	@ 0x44
10002bd8:	2b10      	cmp	r3, #16
10002bda:	d05b      	beq.n	10002c94 <_ntoa_format+0x188>
10002bdc:	9b11      	ldr	r3, [sp, #68]	@ 0x44
10002bde:	2b02      	cmp	r3, #2
10002be0:	d06b      	beq.n	10002cba <_ntoa_format+0x1ae>
10002be2:	2330      	movs	r3, #48	@ 0x30
10002be4:	2401      	movs	r4, #1
10002be6:	9a0e      	ldr	r2, [sp, #56]	@ 0x38
10002be8:	7013      	strb	r3, [r2, #0]
10002bea:	4643      	mov	r3, r8
10002bec:	2b00      	cmp	r3, #0
10002bee:	d110      	bne.n	10002c12 <_ntoa_format+0x106>
10002bf0:	077b      	lsls	r3, r7, #29
10002bf2:	d53e      	bpl.n	10002c72 <_ntoa_format+0x166>
10002bf4:	262b      	movs	r6, #43	@ 0x2b
10002bf6:	9a0e      	ldr	r2, [sp, #56]	@ 0x38
10002bf8:	1c63      	adds	r3, r4, #1
10002bfa:	5516      	strb	r6, [r2, r4]
10002bfc:	e7cd      	b.n	10002b9a <_ntoa_format+0x8e>
10002bfe:	0023      	movs	r3, r4
10002c00:	3401      	adds	r4, #1
10002c02:	2630      	movs	r6, #48	@ 0x30
10002c04:	9a0e      	ldr	r2, [sp, #56]	@ 0x38
10002c06:	54d6      	strb	r6, [r2, r3]
10002c08:	2c20      	cmp	r4, #32
10002c0a:	d0c5      	beq.n	10002b98 <_ntoa_format+0x8c>
10002c0c:	4643      	mov	r3, r8
10002c0e:	2b00      	cmp	r3, #0
10002c10:	d0ee      	beq.n	10002bf0 <_ntoa_format+0xe4>
10002c12:	262d      	movs	r6, #45	@ 0x2d
10002c14:	9a0e      	ldr	r2, [sp, #56]	@ 0x38
10002c16:	1c63      	adds	r3, r4, #1
10002c18:	5516      	strb	r6, [r2, r4]
10002c1a:	e7be      	b.n	10002b9a <_ntoa_format+0x8e>
10002c1c:	4643      	mov	r3, r8
10002c1e:	2b00      	cmp	r3, #0
10002c20:	d02f      	beq.n	10002c82 <_ntoa_format+0x176>
10002c22:	3d01      	subs	r5, #1
10002c24:	42b4      	cmp	r4, r6
10002c26:	d200      	bcs.n	10002c2a <_ntoa_format+0x11e>
10002c28:	e789      	b.n	10002b3e <_ntoa_format+0x32>
10002c2a:	e798      	b.n	10002b5e <_ntoa_format+0x52>
10002c2c:	9b11      	ldr	r3, [sp, #68]	@ 0x44
10002c2e:	2b10      	cmp	r3, #16
10002c30:	d1b2      	bne.n	10002b98 <_ntoa_format+0x8c>
10002c32:	06bb      	lsls	r3, r7, #26
10002c34:	d537      	bpl.n	10002ca6 <_ntoa_format+0x19a>
10002c36:	2c20      	cmp	r4, #32
10002c38:	d0ae      	beq.n	10002b98 <_ntoa_format+0x8c>
10002c3a:	2358      	movs	r3, #88	@ 0x58
10002c3c:	9a0e      	ldr	r2, [sp, #56]	@ 0x38
10002c3e:	5513      	strb	r3, [r2, r4]
10002c40:	3401      	adds	r4, #1
10002c42:	e7a7      	b.n	10002b94 <_ntoa_format+0x88>
10002c44:	2c20      	cmp	r4, #32
10002c46:	d0a7      	beq.n	10002b98 <_ntoa_format+0x8c>
10002c48:	0023      	movs	r3, r4
10002c4a:	3401      	adds	r4, #1
10002c4c:	e007      	b.n	10002c5e <_ntoa_format+0x152>
10002c4e:	1e63      	subs	r3, r4, #1
10002c50:	2c01      	cmp	r4, #1
10002c52:	d0c0      	beq.n	10002bd6 <_ntoa_format+0xca>
10002c54:	9a11      	ldr	r2, [sp, #68]	@ 0x44
10002c56:	2a10      	cmp	r2, #16
10002c58:	d031      	beq.n	10002cbe <_ntoa_format+0x1b2>
10002c5a:	2a02      	cmp	r2, #2
10002c5c:	d1d1      	bne.n	10002c02 <_ntoa_format+0xf6>
10002c5e:	2662      	movs	r6, #98	@ 0x62
10002c60:	9a0e      	ldr	r2, [sp, #56]	@ 0x38
10002c62:	54d6      	strb	r6, [r2, r3]
10002c64:	e796      	b.n	10002b94 <_ntoa_format+0x88>
10002c66:	06fb      	lsls	r3, r7, #27
10002c68:	d5ce      	bpl.n	10002c08 <_ntoa_format+0xfc>
10002c6a:	057b      	lsls	r3, r7, #21
10002c6c:	d400      	bmi.n	10002c70 <_ntoa_format+0x164>
10002c6e:	e788      	b.n	10002b82 <_ntoa_format+0x76>
10002c70:	e78b      	b.n	10002b8a <_ntoa_format+0x7e>
10002c72:	0023      	movs	r3, r4
10002c74:	073e      	lsls	r6, r7, #28
10002c76:	d590      	bpl.n	10002b9a <_ntoa_format+0x8e>
10002c78:	2620      	movs	r6, #32
10002c7a:	9a0e      	ldr	r2, [sp, #56]	@ 0x38
10002c7c:	3301      	adds	r3, #1
10002c7e:	5516      	strb	r6, [r2, r4]
10002c80:	e78b      	b.n	10002b9a <_ntoa_format+0x8e>
10002c82:	230c      	movs	r3, #12
10002c84:	403b      	ands	r3, r7
10002c86:	1e5a      	subs	r2, r3, #1
10002c88:	4193      	sbcs	r3, r2
10002c8a:	1aed      	subs	r5, r5, r3
10002c8c:	42b4      	cmp	r4, r6
10002c8e:	d200      	bcs.n	10002c92 <_ntoa_format+0x186>
10002c90:	e755      	b.n	10002b3e <_ntoa_format+0x32>
10002c92:	e764      	b.n	10002b5e <_ntoa_format+0x52>
10002c94:	06bb      	lsls	r3, r7, #26
10002c96:	d40e      	bmi.n	10002cb6 <_ntoa_format+0x1aa>
10002c98:	2378      	movs	r3, #120	@ 0x78
10002c9a:	9a0e      	ldr	r2, [sp, #56]	@ 0x38
10002c9c:	2402      	movs	r4, #2
10002c9e:	7013      	strb	r3, [r2, #0]
10002ca0:	2330      	movs	r3, #48	@ 0x30
10002ca2:	7053      	strb	r3, [r2, #1]
10002ca4:	e7a1      	b.n	10002bea <_ntoa_format+0xde>
10002ca6:	2c20      	cmp	r4, #32
10002ca8:	d100      	bne.n	10002cac <_ntoa_format+0x1a0>
10002caa:	e775      	b.n	10002b98 <_ntoa_format+0x8c>
10002cac:	2378      	movs	r3, #120	@ 0x78
10002cae:	9a0e      	ldr	r2, [sp, #56]	@ 0x38
10002cb0:	5513      	strb	r3, [r2, r4]
10002cb2:	3401      	adds	r4, #1
10002cb4:	e76e      	b.n	10002b94 <_ntoa_format+0x88>
10002cb6:	2358      	movs	r3, #88	@ 0x58
10002cb8:	e7ef      	b.n	10002c9a <_ntoa_format+0x18e>
10002cba:	3360      	adds	r3, #96	@ 0x60
10002cbc:	e7ed      	b.n	10002c9a <_ntoa_format+0x18e>
10002cbe:	9a0e      	ldr	r2, [sp, #56]	@ 0x38
10002cc0:	1ea6      	subs	r6, r4, #2
10002cc2:	4691      	mov	r9, r2
10002cc4:	444e      	add	r6, r9
10002cc6:	06ba      	lsls	r2, r7, #26
10002cc8:	d502      	bpl.n	10002cd0 <_ntoa_format+0x1c4>
10002cca:	2258      	movs	r2, #88	@ 0x58
10002ccc:	7032      	strb	r2, [r6, #0]
10002cce:	e798      	b.n	10002c02 <_ntoa_format+0xf6>
10002cd0:	2278      	movs	r2, #120	@ 0x78
10002cd2:	7032      	strb	r2, [r6, #0]
10002cd4:	e795      	b.n	10002c02 <_ntoa_format+0xf6>
10002cd6:	46c0      	nop			@ (mov r8, r8)

10002cd8 <_out_char>:
10002cd8:	b510      	push	{r4, lr}
10002cda:	2800      	cmp	r0, #0
10002cdc:	d100      	bne.n	10002ce0 <_out_char+0x8>
10002cde:	bd10      	pop	{r4, pc}
10002ce0:	f001 fc82 	bl	100045e8 <__wrap_putchar>
10002ce4:	e7fb      	b.n	10002cde <_out_char+0x6>
10002ce6:	46c0      	nop			@ (mov r8, r8)

10002ce8 <_out_fct>:
10002ce8:	000b      	movs	r3, r1
10002cea:	b510      	push	{r4, lr}
10002cec:	2800      	cmp	r0, #0
10002cee:	d002      	beq.n	10002cf6 <_out_fct+0xe>
10002cf0:	6849      	ldr	r1, [r1, #4]
10002cf2:	681b      	ldr	r3, [r3, #0]
10002cf4:	4798      	blx	r3
10002cf6:	bd10      	pop	{r4, pc}

10002cf8 <_ftoa>:
10002cf8:	b5f0      	push	{r4, r5, r6, r7, lr}
10002cfa:	4657      	mov	r7, sl
10002cfc:	46de      	mov	lr, fp
10002cfe:	464e      	mov	r6, r9
10002d00:	4645      	mov	r5, r8
10002d02:	b5e0      	push	{r5, r6, r7, lr}
10002d04:	b095      	sub	sp, #84	@ 0x54
10002d06:	4683      	mov	fp, r0
10002d08:	000f      	movs	r7, r1
10002d0a:	4692      	mov	sl, r2
10002d0c:	4698      	mov	r8, r3
10002d0e:	9a1e      	ldr	r2, [sp, #120]	@ 0x78
10002d10:	9b1f      	ldr	r3, [sp, #124]	@ 0x7c
10002d12:	0010      	movs	r0, r2
10002d14:	0019      	movs	r1, r3
10002d16:	9e20      	ldr	r6, [sp, #128]	@ 0x80
10002d18:	f7ff fcfd 	bl	10002716 <__wrap___aeabi_dcmpun>
10002d1c:	2800      	cmp	r0, #0
10002d1e:	d000      	beq.n	10002d22 <_ftoa+0x2a>
10002d20:	e1ea      	b.n	100030f8 <_ftoa+0x400>
10002d22:	981e      	ldr	r0, [sp, #120]	@ 0x78
10002d24:	991f      	ldr	r1, [sp, #124]	@ 0x7c
10002d26:	2201      	movs	r2, #1
10002d28:	4bc5      	ldr	r3, [pc, #788]	@ (10003040 <_ftoa+0x348>)
10002d2a:	4252      	negs	r2, r2
10002d2c:	f7ff fcd8 	bl	100026e0 <__wrap___aeabi_dcmplt>
10002d30:	2800      	cmp	r0, #0
10002d32:	d000      	beq.n	10002d36 <_ftoa+0x3e>
10002d34:	e114      	b.n	10002f60 <_ftoa+0x268>
10002d36:	981e      	ldr	r0, [sp, #120]	@ 0x78
10002d38:	991f      	ldr	r1, [sp, #124]	@ 0x7c
10002d3a:	2201      	movs	r2, #1
10002d3c:	4bc1      	ldr	r3, [pc, #772]	@ (10003044 <_ftoa+0x34c>)
10002d3e:	4252      	negs	r2, r2
10002d40:	f7ff fce4 	bl	1000270c <__wrap___aeabi_dcmpgt>
10002d44:	2800      	cmp	r0, #0
10002d46:	d000      	beq.n	10002d4a <_ftoa+0x52>
10002d48:	e0e9      	b.n	10002f1e <_ftoa+0x226>
10002d4a:	981e      	ldr	r0, [sp, #120]	@ 0x78
10002d4c:	991f      	ldr	r1, [sp, #124]	@ 0x7c
10002d4e:	2200      	movs	r2, #0
10002d50:	4bbd      	ldr	r3, [pc, #756]	@ (10003048 <_ftoa+0x350>)
10002d52:	f7ff fcdb 	bl	1000270c <__wrap___aeabi_dcmpgt>
10002d56:	2800      	cmp	r0, #0
10002d58:	d000      	beq.n	10002d5c <_ftoa+0x64>
10002d5a:	e0c8      	b.n	10002eee <_ftoa+0x1f6>
10002d5c:	981e      	ldr	r0, [sp, #120]	@ 0x78
10002d5e:	991f      	ldr	r1, [sp, #124]	@ 0x7c
10002d60:	2200      	movs	r2, #0
10002d62:	4bba      	ldr	r3, [pc, #744]	@ (1000304c <_ftoa+0x354>)
10002d64:	f7ff fcbc 	bl	100026e0 <__wrap___aeabi_dcmplt>
10002d68:	2800      	cmp	r0, #0
10002d6a:	d000      	beq.n	10002d6e <_ftoa+0x76>
10002d6c:	e0bf      	b.n	10002eee <_ftoa+0x1f6>
10002d6e:	981e      	ldr	r0, [sp, #120]	@ 0x78
10002d70:	991f      	ldr	r1, [sp, #124]	@ 0x7c
10002d72:	2200      	movs	r2, #0
10002d74:	2300      	movs	r3, #0
10002d76:	f7ff fcb3 	bl	100026e0 <__wrap___aeabi_dcmplt>
10002d7a:	2800      	cmp	r0, #0
10002d7c:	d000      	beq.n	10002d80 <_ftoa+0x88>
10002d7e:	e0e4      	b.n	10002f4a <_ftoa+0x252>
10002d80:	2300      	movs	r3, #0
10002d82:	930b      	str	r3, [sp, #44]	@ 0x2c
10002d84:	9b22      	ldr	r3, [sp, #136]	@ 0x88
10002d86:	055b      	lsls	r3, r3, #21
10002d88:	d400      	bmi.n	10002d8c <_ftoa+0x94>
10002d8a:	2606      	movs	r6, #6
10002d8c:	2400      	movs	r4, #0
10002d8e:	2330      	movs	r3, #48	@ 0x30
10002d90:	e007      	b.n	10002da2 <_ftoa+0xaa>
10002d92:	2117      	movs	r1, #23
10002d94:	aa06      	add	r2, sp, #24
10002d96:	3401      	adds	r4, #1
10002d98:	1852      	adds	r2, r2, r1
10002d9a:	5513      	strb	r3, [r2, r4]
10002d9c:	3e01      	subs	r6, #1
10002d9e:	2c20      	cmp	r4, #32
10002da0:	d001      	beq.n	10002da6 <_ftoa+0xae>
10002da2:	2e09      	cmp	r6, #9
10002da4:	d8f5      	bhi.n	10002d92 <_ftoa+0x9a>
10002da6:	981e      	ldr	r0, [sp, #120]	@ 0x78
10002da8:	991f      	ldr	r1, [sp, #124]	@ 0x7c
10002daa:	f7ff fcdd 	bl	10002768 <__wrap___aeabi_d2iz>
10002dae:	4ba8      	ldr	r3, [pc, #672]	@ (10003050 <_ftoa+0x358>)
10002db0:	00f2      	lsls	r2, r6, #3
10002db2:	189b      	adds	r3, r3, r2
10002db4:	681a      	ldr	r2, [r3, #0]
10002db6:	685b      	ldr	r3, [r3, #4]
10002db8:	0005      	movs	r5, r0
10002dba:	9208      	str	r2, [sp, #32]
10002dbc:	9309      	str	r3, [sp, #36]	@ 0x24
10002dbe:	f7ff fcbb 	bl	10002738 <__wrap___aeabi_i2d>
10002dc2:	0002      	movs	r2, r0
10002dc4:	000b      	movs	r3, r1
10002dc6:	981e      	ldr	r0, [sp, #120]	@ 0x78
10002dc8:	991f      	ldr	r1, [sp, #124]	@ 0x7c
10002dca:	f7ff fc26 	bl	1000261a <__wrap___aeabi_dsub>
10002dce:	9a08      	ldr	r2, [sp, #32]
10002dd0:	9b09      	ldr	r3, [sp, #36]	@ 0x24
10002dd2:	f7ff fc46 	bl	10002662 <__wrap___aeabi_dmul>
10002dd6:	9006      	str	r0, [sp, #24]
10002dd8:	9107      	str	r1, [sp, #28]
10002dda:	f7ff fce9 	bl	100027b0 <__wrap___aeabi_d2uiz>
10002dde:	4681      	mov	r9, r0
10002de0:	f7ff fca6 	bl	10002730 <__wrap___aeabi_ui2d>
10002de4:	0002      	movs	r2, r0
10002de6:	000b      	movs	r3, r1
10002de8:	9806      	ldr	r0, [sp, #24]
10002dea:	9907      	ldr	r1, [sp, #28]
10002dec:	f7ff fc15 	bl	1000261a <__wrap___aeabi_dsub>
10002df0:	2200      	movs	r2, #0
10002df2:	4b98      	ldr	r3, [pc, #608]	@ (10003054 <_ftoa+0x35c>)
10002df4:	9006      	str	r0, [sp, #24]
10002df6:	9107      	str	r1, [sp, #28]
10002df8:	f7ff fc88 	bl	1000270c <__wrap___aeabi_dcmpgt>
10002dfc:	2800      	cmp	r0, #0
10002dfe:	d100      	bne.n	10002e02 <_ftoa+0x10a>
10002e00:	e10d      	b.n	1000301e <_ftoa+0x326>
10002e02:	2301      	movs	r3, #1
10002e04:	469c      	mov	ip, r3
10002e06:	44e1      	add	r9, ip
10002e08:	4648      	mov	r0, r9
10002e0a:	f7ff fc91 	bl	10002730 <__wrap___aeabi_ui2d>
10002e0e:	0002      	movs	r2, r0
10002e10:	000b      	movs	r3, r1
10002e12:	9808      	ldr	r0, [sp, #32]
10002e14:	9909      	ldr	r1, [sp, #36]	@ 0x24
10002e16:	f7ff fc69 	bl	100026ec <__wrap___aeabi_dcmple>
10002e1a:	2800      	cmp	r0, #0
10002e1c:	d002      	beq.n	10002e24 <_ftoa+0x12c>
10002e1e:	2300      	movs	r3, #0
10002e20:	4699      	mov	r9, r3
10002e22:	3501      	adds	r5, #1
10002e24:	2e00      	cmp	r6, #0
10002e26:	d100      	bne.n	10002e2a <_ftoa+0x132>
10002e28:	e0d9      	b.n	10002fde <_ftoa+0x2e6>
10002e2a:	9506      	str	r5, [sp, #24]
10002e2c:	464d      	mov	r5, r9
10002e2e:	46b9      	mov	r9, r7
10002e30:	e014      	b.n	10002e5c <_ftoa+0x164>
10002e32:	aa06      	add	r2, sp, #24
10002e34:	4694      	mov	ip, r2
10002e36:	2317      	movs	r3, #23
10002e38:	210a      	movs	r1, #10
10002e3a:	4463      	add	r3, ip
10002e3c:	0028      	movs	r0, r5
10002e3e:	3401      	adds	r4, #1
10002e40:	191f      	adds	r7, r3, r4
10002e42:	f7ff f9af 	bl	100021a4 <__wrap___aeabi_uidiv>
10002e46:	3130      	adds	r1, #48	@ 0x30
10002e48:	7039      	strb	r1, [r7, #0]
10002e4a:	0028      	movs	r0, r5
10002e4c:	210a      	movs	r1, #10
10002e4e:	3e01      	subs	r6, #1
10002e50:	f7ff f9a8 	bl	100021a4 <__wrap___aeabi_uidiv>
10002e54:	2d09      	cmp	r5, #9
10002e56:	d800      	bhi.n	10002e5a <_ftoa+0x162>
10002e58:	e117      	b.n	1000308a <_ftoa+0x392>
10002e5a:	0005      	movs	r5, r0
10002e5c:	2c20      	cmp	r4, #32
10002e5e:	d1e8      	bne.n	10002e32 <_ftoa+0x13a>
10002e60:	464f      	mov	r7, r9
10002e62:	9d06      	ldr	r5, [sp, #24]
10002e64:	2420      	movs	r4, #32
10002e66:	ae0c      	add	r6, sp, #48	@ 0x30
10002e68:	aa06      	add	r2, sp, #24
10002e6a:	2317      	movs	r3, #23
10002e6c:	4694      	mov	ip, r2
10002e6e:	4463      	add	r3, ip
10002e70:	4699      	mov	r9, r3
10002e72:	465b      	mov	r3, fp
10002e74:	46b3      	mov	fp, r6
10002e76:	9306      	str	r3, [sp, #24]
10002e78:	e00f      	b.n	10002e9a <_ftoa+0x1a2>
10002e7a:	464b      	mov	r3, r9
10002e7c:	0028      	movs	r0, r5
10002e7e:	210a      	movs	r1, #10
10002e80:	3401      	adds	r4, #1
10002e82:	18e6      	adds	r6, r4, r3
10002e84:	f7ff f966 	bl	10002154 <__wrap___aeabi_idiv>
10002e88:	3130      	adds	r1, #48	@ 0x30
10002e8a:	0028      	movs	r0, r5
10002e8c:	7031      	strb	r1, [r6, #0]
10002e8e:	210a      	movs	r1, #10
10002e90:	f7ff f960 	bl	10002154 <__wrap___aeabi_idiv>
10002e94:	1e05      	subs	r5, r0, #0
10002e96:	d100      	bne.n	10002e9a <_ftoa+0x1a2>
10002e98:	e0e4      	b.n	10003064 <_ftoa+0x36c>
10002e9a:	2c20      	cmp	r4, #32
10002e9c:	d1ed      	bne.n	10002e7a <_ftoa+0x182>
10002e9e:	9b06      	ldr	r3, [sp, #24]
10002ea0:	465e      	mov	r6, fp
10002ea2:	469b      	mov	fp, r3
10002ea4:	2303      	movs	r3, #3
10002ea6:	9a22      	ldr	r2, [sp, #136]	@ 0x88
10002ea8:	4013      	ands	r3, r2
10002eaa:	2b01      	cmp	r3, #1
10002eac:	d118      	bne.n	10002ee0 <_ftoa+0x1e8>
10002eae:	9b21      	ldr	r3, [sp, #132]	@ 0x84
10002eb0:	2b00      	cmp	r3, #0
10002eb2:	d015      	beq.n	10002ee0 <_ftoa+0x1e8>
10002eb4:	9b0b      	ldr	r3, [sp, #44]	@ 0x2c
10002eb6:	2b00      	cmp	r3, #0
10002eb8:	d100      	bne.n	10002ebc <_ftoa+0x1c4>
10002eba:	e0fd      	b.n	100030b8 <_ftoa+0x3c0>
10002ebc:	9b21      	ldr	r3, [sp, #132]	@ 0x84
10002ebe:	3b01      	subs	r3, #1
10002ec0:	9321      	str	r3, [sp, #132]	@ 0x84
10002ec2:	2b20      	cmp	r3, #32
10002ec4:	d90c      	bls.n	10002ee0 <_ftoa+0x1e8>
10002ec6:	2330      	movs	r3, #48	@ 0x30
10002ec8:	9a21      	ldr	r2, [sp, #132]	@ 0x84
10002eca:	e007      	b.n	10002edc <_ftoa+0x1e4>
10002ecc:	2017      	movs	r0, #23
10002ece:	a906      	add	r1, sp, #24
10002ed0:	3401      	adds	r4, #1
10002ed2:	1809      	adds	r1, r1, r0
10002ed4:	550b      	strb	r3, [r1, r4]
10002ed6:	4294      	cmp	r4, r2
10002ed8:	d300      	bcc.n	10002edc <_ftoa+0x1e4>
10002eda:	e0cc      	b.n	10003076 <_ftoa+0x37e>
10002edc:	2c20      	cmp	r4, #32
10002ede:	d1f5      	bne.n	10002ecc <_ftoa+0x1d4>
10002ee0:	9b22      	ldr	r3, [sp, #136]	@ 0x88
10002ee2:	9401      	str	r4, [sp, #4]
10002ee4:	9303      	str	r3, [sp, #12]
10002ee6:	9b21      	ldr	r3, [sp, #132]	@ 0x84
10002ee8:	9600      	str	r6, [sp, #0]
10002eea:	9302      	str	r3, [sp, #8]
10002eec:	e022      	b.n	10002f34 <_ftoa+0x23c>
10002eee:	9b22      	ldr	r3, [sp, #136]	@ 0x88
10002ef0:	4652      	mov	r2, sl
10002ef2:	9304      	str	r3, [sp, #16]
10002ef4:	9b21      	ldr	r3, [sp, #132]	@ 0x84
10002ef6:	0039      	movs	r1, r7
10002ef8:	9303      	str	r3, [sp, #12]
10002efa:	4658      	mov	r0, fp
10002efc:	9b1e      	ldr	r3, [sp, #120]	@ 0x78
10002efe:	9c1f      	ldr	r4, [sp, #124]	@ 0x7c
10002f00:	9602      	str	r6, [sp, #8]
10002f02:	9300      	str	r3, [sp, #0]
10002f04:	9401      	str	r4, [sp, #4]
10002f06:	4643      	mov	r3, r8
10002f08:	f000 f94a 	bl	100031a0 <_etoa>
10002f0c:	0004      	movs	r4, r0
10002f0e:	0020      	movs	r0, r4
10002f10:	b015      	add	sp, #84	@ 0x54
10002f12:	bcf0      	pop	{r4, r5, r6, r7}
10002f14:	46bb      	mov	fp, r7
10002f16:	46b2      	mov	sl, r6
10002f18:	46a9      	mov	r9, r5
10002f1a:	46a0      	mov	r8, r4
10002f1c:	bdf0      	pop	{r4, r5, r6, r7, pc}
10002f1e:	9b22      	ldr	r3, [sp, #136]	@ 0x88
10002f20:	075b      	lsls	r3, r3, #29
10002f22:	d40f      	bmi.n	10002f44 <_ftoa+0x24c>
10002f24:	2203      	movs	r2, #3
10002f26:	4b4c      	ldr	r3, [pc, #304]	@ (10003058 <_ftoa+0x360>)
10002f28:	9922      	ldr	r1, [sp, #136]	@ 0x88
10002f2a:	9201      	str	r2, [sp, #4]
10002f2c:	9103      	str	r1, [sp, #12]
10002f2e:	9921      	ldr	r1, [sp, #132]	@ 0x84
10002f30:	9300      	str	r3, [sp, #0]
10002f32:	9102      	str	r1, [sp, #8]
10002f34:	4643      	mov	r3, r8
10002f36:	4652      	mov	r2, sl
10002f38:	0039      	movs	r1, r7
10002f3a:	4658      	mov	r0, fp
10002f3c:	f7ff fd90 	bl	10002a60 <_out_rev>
10002f40:	0004      	movs	r4, r0
10002f42:	e7e4      	b.n	10002f0e <_ftoa+0x216>
10002f44:	2204      	movs	r2, #4
10002f46:	4b45      	ldr	r3, [pc, #276]	@ (1000305c <_ftoa+0x364>)
10002f48:	e7ee      	b.n	10002f28 <_ftoa+0x230>
10002f4a:	9a1e      	ldr	r2, [sp, #120]	@ 0x78
10002f4c:	9b1f      	ldr	r3, [sp, #124]	@ 0x7c
10002f4e:	2000      	movs	r0, #0
10002f50:	2100      	movs	r1, #0
10002f52:	f7ff fb62 	bl	1000261a <__wrap___aeabi_dsub>
10002f56:	2301      	movs	r3, #1
10002f58:	901e      	str	r0, [sp, #120]	@ 0x78
10002f5a:	911f      	str	r1, [sp, #124]	@ 0x7c
10002f5c:	930b      	str	r3, [sp, #44]	@ 0x2c
10002f5e:	e711      	b.n	10002d84 <_ftoa+0x8c>
10002f60:	9b22      	ldr	r3, [sp, #136]	@ 0x88
10002f62:	4654      	mov	r4, sl
10002f64:	079b      	lsls	r3, r3, #30
10002f66:	d111      	bne.n	10002f8c <_ftoa+0x294>
10002f68:	9b21      	ldr	r3, [sp, #132]	@ 0x84
10002f6a:	2b04      	cmp	r3, #4
10002f6c:	d90e      	bls.n	10002f8c <_ftoa+0x294>
10002f6e:	9b21      	ldr	r3, [sp, #132]	@ 0x84
10002f70:	4655      	mov	r5, sl
10002f72:	469c      	mov	ip, r3
10002f74:	465e      	mov	r6, fp
10002f76:	3c04      	subs	r4, #4
10002f78:	4464      	add	r4, ip
10002f7a:	002a      	movs	r2, r5
10002f7c:	4643      	mov	r3, r8
10002f7e:	3501      	adds	r5, #1
10002f80:	0039      	movs	r1, r7
10002f82:	2020      	movs	r0, #32
10002f84:	47b0      	blx	r6
10002f86:	42a5      	cmp	r5, r4
10002f88:	d1f7      	bne.n	10002f7a <_ftoa+0x282>
10002f8a:	46b3      	mov	fp, r6
10002f8c:	4d34      	ldr	r5, [pc, #208]	@ (10003060 <_ftoa+0x368>)
10002f8e:	0026      	movs	r6, r4
10002f90:	1f2b      	subs	r3, r5, #4
10002f92:	4699      	mov	r9, r3
10002f94:	465b      	mov	r3, fp
10002f96:	46a3      	mov	fp, r4
10002f98:	001c      	movs	r4, r3
10002f9a:	0032      	movs	r2, r6
10002f9c:	78e8      	ldrb	r0, [r5, #3]
10002f9e:	4643      	mov	r3, r8
10002fa0:	0039      	movs	r1, r7
10002fa2:	3d01      	subs	r5, #1
10002fa4:	47a0      	blx	r4
10002fa6:	3601      	adds	r6, #1
10002fa8:	454d      	cmp	r5, r9
10002faa:	d1f6      	bne.n	10002f9a <_ftoa+0x2a2>
10002fac:	0023      	movs	r3, r4
10002fae:	465c      	mov	r4, fp
10002fb0:	469b      	mov	fp, r3
10002fb2:	9b22      	ldr	r3, [sp, #136]	@ 0x88
10002fb4:	3404      	adds	r4, #4
10002fb6:	079b      	lsls	r3, r3, #30
10002fb8:	d5a9      	bpl.n	10002f0e <_ftoa+0x216>
10002fba:	4653      	mov	r3, sl
10002fbc:	9a21      	ldr	r2, [sp, #132]	@ 0x84
10002fbe:	1ae3      	subs	r3, r4, r3
10002fc0:	429a      	cmp	r2, r3
10002fc2:	d9a4      	bls.n	10002f0e <_ftoa+0x216>
10002fc4:	465e      	mov	r6, fp
10002fc6:	0015      	movs	r5, r2
10002fc8:	0022      	movs	r2, r4
10002fca:	4643      	mov	r3, r8
10002fcc:	0039      	movs	r1, r7
10002fce:	2020      	movs	r0, #32
10002fd0:	47b0      	blx	r6
10002fd2:	4653      	mov	r3, sl
10002fd4:	3401      	adds	r4, #1
10002fd6:	1ae3      	subs	r3, r4, r3
10002fd8:	429d      	cmp	r5, r3
10002fda:	d8f5      	bhi.n	10002fc8 <_ftoa+0x2d0>
10002fdc:	e797      	b.n	10002f0e <_ftoa+0x216>
10002fde:	0028      	movs	r0, r5
10002fe0:	f7ff fbaa 	bl	10002738 <__wrap___aeabi_i2d>
10002fe4:	0002      	movs	r2, r0
10002fe6:	000b      	movs	r3, r1
10002fe8:	981e      	ldr	r0, [sp, #120]	@ 0x78
10002fea:	991f      	ldr	r1, [sp, #124]	@ 0x7c
10002fec:	f7ff fb15 	bl	1000261a <__wrap___aeabi_dsub>
10002ff0:	2200      	movs	r2, #0
10002ff2:	4b18      	ldr	r3, [pc, #96]	@ (10003054 <_ftoa+0x35c>)
10002ff4:	9006      	str	r0, [sp, #24]
10002ff6:	9107      	str	r1, [sp, #28]
10002ff8:	f7ff fb72 	bl	100026e0 <__wrap___aeabi_dcmplt>
10002ffc:	ae0c      	add	r6, sp, #48	@ 0x30
10002ffe:	2800      	cmp	r0, #0
10003000:	d000      	beq.n	10003004 <_ftoa+0x30c>
10003002:	e731      	b.n	10002e68 <_ftoa+0x170>
10003004:	9806      	ldr	r0, [sp, #24]
10003006:	9907      	ldr	r1, [sp, #28]
10003008:	2200      	movs	r2, #0
1000300a:	4b12      	ldr	r3, [pc, #72]	@ (10003054 <_ftoa+0x35c>)
1000300c:	f7ff fb7e 	bl	1000270c <__wrap___aeabi_dcmpgt>
10003010:	2800      	cmp	r0, #0
10003012:	d000      	beq.n	10003016 <_ftoa+0x31e>
10003014:	e728      	b.n	10002e68 <_ftoa+0x170>
10003016:	2301      	movs	r3, #1
10003018:	3501      	adds	r5, #1
1000301a:	439d      	bics	r5, r3
1000301c:	e724      	b.n	10002e68 <_ftoa+0x170>
1000301e:	2200      	movs	r2, #0
10003020:	9806      	ldr	r0, [sp, #24]
10003022:	9907      	ldr	r1, [sp, #28]
10003024:	4b0b      	ldr	r3, [pc, #44]	@ (10003054 <_ftoa+0x35c>)
10003026:	f7ff fb5b 	bl	100026e0 <__wrap___aeabi_dcmplt>
1000302a:	2800      	cmp	r0, #0
1000302c:	d000      	beq.n	10003030 <_ftoa+0x338>
1000302e:	e6f9      	b.n	10002e24 <_ftoa+0x12c>
10003030:	464b      	mov	r3, r9
10003032:	2b00      	cmp	r3, #0
10003034:	d15c      	bne.n	100030f0 <_ftoa+0x3f8>
10003036:	2301      	movs	r3, #1
10003038:	469c      	mov	ip, r3
1000303a:	44e1      	add	r9, ip
1000303c:	e6f2      	b.n	10002e24 <_ftoa+0x12c>
1000303e:	46c0      	nop			@ (mov r8, r8)
10003040:	ffefffff 	.word	0xffefffff
10003044:	7fefffff 	.word	0x7fefffff
10003048:	41cdcd65 	.word	0x41cdcd65
1000304c:	c1cdcd65 	.word	0xc1cdcd65
10003050:	10007bc8 	.word	0x10007bc8
10003054:	3fe00000 	.word	0x3fe00000
10003058:	10007890 	.word	0x10007890
1000305c:	10007888 	.word	0x10007888
10003060:	10007898 	.word	0x10007898
10003064:	9b06      	ldr	r3, [sp, #24]
10003066:	465e      	mov	r6, fp
10003068:	469b      	mov	fp, r3
1000306a:	2303      	movs	r3, #3
1000306c:	9a22      	ldr	r2, [sp, #136]	@ 0x88
1000306e:	4013      	ands	r3, r2
10003070:	2b01      	cmp	r3, #1
10003072:	d100      	bne.n	10003076 <_ftoa+0x37e>
10003074:	e081      	b.n	1000317a <_ftoa+0x482>
10003076:	2c20      	cmp	r4, #32
10003078:	d100      	bne.n	1000307c <_ftoa+0x384>
1000307a:	e731      	b.n	10002ee0 <_ftoa+0x1e8>
1000307c:	9b0b      	ldr	r3, [sp, #44]	@ 0x2c
1000307e:	2b00      	cmp	r3, #0
10003080:	d027      	beq.n	100030d2 <_ftoa+0x3da>
10003082:	232d      	movs	r3, #45	@ 0x2d
10003084:	5533      	strb	r3, [r6, r4]
10003086:	3401      	adds	r4, #1
10003088:	e72a      	b.n	10002ee0 <_ftoa+0x1e8>
1000308a:	464f      	mov	r7, r9
1000308c:	9d06      	ldr	r5, [sp, #24]
1000308e:	2c20      	cmp	r4, #32
10003090:	d100      	bne.n	10003094 <_ftoa+0x39c>
10003092:	e6e7      	b.n	10002e64 <_ftoa+0x16c>
10003094:	2230      	movs	r2, #48	@ 0x30
10003096:	1933      	adds	r3, r6, r4
10003098:	e007      	b.n	100030aa <_ftoa+0x3b2>
1000309a:	2017      	movs	r0, #23
1000309c:	a906      	add	r1, sp, #24
1000309e:	3401      	adds	r4, #1
100030a0:	1809      	adds	r1, r1, r0
100030a2:	550a      	strb	r2, [r1, r4]
100030a4:	2c20      	cmp	r4, #32
100030a6:	d100      	bne.n	100030aa <_ftoa+0x3b2>
100030a8:	e6dc      	b.n	10002e64 <_ftoa+0x16c>
100030aa:	42a3      	cmp	r3, r4
100030ac:	d1f5      	bne.n	1000309a <_ftoa+0x3a2>
100030ae:	222e      	movs	r2, #46	@ 0x2e
100030b0:	ae0c      	add	r6, sp, #48	@ 0x30
100030b2:	3401      	adds	r4, #1
100030b4:	54f2      	strb	r2, [r6, r3]
100030b6:	e6d7      	b.n	10002e68 <_ftoa+0x170>
100030b8:	230c      	movs	r3, #12
100030ba:	9a22      	ldr	r2, [sp, #136]	@ 0x88
100030bc:	4213      	tst	r3, r2
100030be:	d057      	beq.n	10003170 <_ftoa+0x478>
100030c0:	9b21      	ldr	r3, [sp, #132]	@ 0x84
100030c2:	3b01      	subs	r3, #1
100030c4:	9321      	str	r3, [sp, #132]	@ 0x84
100030c6:	42a3      	cmp	r3, r4
100030c8:	d900      	bls.n	100030cc <_ftoa+0x3d4>
100030ca:	e6fc      	b.n	10002ec6 <_ftoa+0x1ce>
100030cc:	2c20      	cmp	r4, #32
100030ce:	d100      	bne.n	100030d2 <_ftoa+0x3da>
100030d0:	e706      	b.n	10002ee0 <_ftoa+0x1e8>
100030d2:	9b22      	ldr	r3, [sp, #136]	@ 0x88
100030d4:	075b      	lsls	r3, r3, #29
100030d6:	d503      	bpl.n	100030e0 <_ftoa+0x3e8>
100030d8:	232b      	movs	r3, #43	@ 0x2b
100030da:	5533      	strb	r3, [r6, r4]
100030dc:	3401      	adds	r4, #1
100030de:	e6ff      	b.n	10002ee0 <_ftoa+0x1e8>
100030e0:	9b22      	ldr	r3, [sp, #136]	@ 0x88
100030e2:	071b      	lsls	r3, r3, #28
100030e4:	d400      	bmi.n	100030e8 <_ftoa+0x3f0>
100030e6:	e6fb      	b.n	10002ee0 <_ftoa+0x1e8>
100030e8:	2320      	movs	r3, #32
100030ea:	5533      	strb	r3, [r6, r4]
100030ec:	3401      	adds	r4, #1
100030ee:	e6f7      	b.n	10002ee0 <_ftoa+0x1e8>
100030f0:	07db      	lsls	r3, r3, #31
100030f2:	d400      	bmi.n	100030f6 <_ftoa+0x3fe>
100030f4:	e696      	b.n	10002e24 <_ftoa+0x12c>
100030f6:	e79e      	b.n	10003036 <_ftoa+0x33e>
100030f8:	9b22      	ldr	r3, [sp, #136]	@ 0x88
100030fa:	4655      	mov	r5, sl
100030fc:	079b      	lsls	r3, r3, #30
100030fe:	d111      	bne.n	10003124 <_ftoa+0x42c>
10003100:	9b21      	ldr	r3, [sp, #132]	@ 0x84
10003102:	2b03      	cmp	r3, #3
10003104:	d90e      	bls.n	10003124 <_ftoa+0x42c>
10003106:	9b21      	ldr	r3, [sp, #132]	@ 0x84
10003108:	4654      	mov	r4, sl
1000310a:	469c      	mov	ip, r3
1000310c:	465e      	mov	r6, fp
1000310e:	3d03      	subs	r5, #3
10003110:	4465      	add	r5, ip
10003112:	0022      	movs	r2, r4
10003114:	4643      	mov	r3, r8
10003116:	3401      	adds	r4, #1
10003118:	0039      	movs	r1, r7
1000311a:	2020      	movs	r0, #32
1000311c:	47b0      	blx	r6
1000311e:	42ac      	cmp	r4, r5
10003120:	d1f7      	bne.n	10003112 <_ftoa+0x41a>
10003122:	46b3      	mov	fp, r6
10003124:	46b9      	mov	r9, r7
10003126:	465f      	mov	r7, fp
10003128:	4e1c      	ldr	r6, [pc, #112]	@ (1000319c <_ftoa+0x4a4>)
1000312a:	1cec      	adds	r4, r5, #3
1000312c:	002a      	movs	r2, r5
1000312e:	78b0      	ldrb	r0, [r6, #2]
10003130:	4643      	mov	r3, r8
10003132:	4649      	mov	r1, r9
10003134:	3501      	adds	r5, #1
10003136:	47b8      	blx	r7
10003138:	3e01      	subs	r6, #1
1000313a:	42ac      	cmp	r4, r5
1000313c:	d1f6      	bne.n	1000312c <_ftoa+0x434>
1000313e:	9b22      	ldr	r3, [sp, #136]	@ 0x88
10003140:	46bb      	mov	fp, r7
10003142:	464f      	mov	r7, r9
10003144:	079b      	lsls	r3, r3, #30
10003146:	d400      	bmi.n	1000314a <_ftoa+0x452>
10003148:	e6e1      	b.n	10002f0e <_ftoa+0x216>
1000314a:	4653      	mov	r3, sl
1000314c:	9a21      	ldr	r2, [sp, #132]	@ 0x84
1000314e:	1ae3      	subs	r3, r4, r3
10003150:	429a      	cmp	r2, r3
10003152:	d800      	bhi.n	10003156 <_ftoa+0x45e>
10003154:	e6db      	b.n	10002f0e <_ftoa+0x216>
10003156:	465e      	mov	r6, fp
10003158:	0015      	movs	r5, r2
1000315a:	0022      	movs	r2, r4
1000315c:	4643      	mov	r3, r8
1000315e:	0039      	movs	r1, r7
10003160:	2020      	movs	r0, #32
10003162:	47b0      	blx	r6
10003164:	4653      	mov	r3, sl
10003166:	3401      	adds	r4, #1
10003168:	1ae3      	subs	r3, r4, r3
1000316a:	42ab      	cmp	r3, r5
1000316c:	d3f5      	bcc.n	1000315a <_ftoa+0x462>
1000316e:	e6ce      	b.n	10002f0e <_ftoa+0x216>
10003170:	9b21      	ldr	r3, [sp, #132]	@ 0x84
10003172:	42a3      	cmp	r3, r4
10003174:	d900      	bls.n	10003178 <_ftoa+0x480>
10003176:	e6a6      	b.n	10002ec6 <_ftoa+0x1ce>
10003178:	e6b2      	b.n	10002ee0 <_ftoa+0x1e8>
1000317a:	9b21      	ldr	r3, [sp, #132]	@ 0x84
1000317c:	2b00      	cmp	r3, #0
1000317e:	d100      	bne.n	10003182 <_ftoa+0x48a>
10003180:	e779      	b.n	10003076 <_ftoa+0x37e>
10003182:	9b0b      	ldr	r3, [sp, #44]	@ 0x2c
10003184:	2b00      	cmp	r3, #0
10003186:	d097      	beq.n	100030b8 <_ftoa+0x3c0>
10003188:	9b21      	ldr	r3, [sp, #132]	@ 0x84
1000318a:	3b01      	subs	r3, #1
1000318c:	9321      	str	r3, [sp, #132]	@ 0x84
1000318e:	429c      	cmp	r4, r3
10003190:	d200      	bcs.n	10003194 <_ftoa+0x49c>
10003192:	e698      	b.n	10002ec6 <_ftoa+0x1ce>
10003194:	2c20      	cmp	r4, #32
10003196:	d000      	beq.n	1000319a <_ftoa+0x4a2>
10003198:	e773      	b.n	10003082 <_ftoa+0x38a>
1000319a:	e6a1      	b.n	10002ee0 <_ftoa+0x1e8>
1000319c:	10007894 	.word	0x10007894

100031a0 <_etoa>:
100031a0:	b5f0      	push	{r4, r5, r6, r7, lr}
100031a2:	46de      	mov	lr, fp
100031a4:	4657      	mov	r7, sl
100031a6:	464e      	mov	r6, r9
100031a8:	4645      	mov	r5, r8
100031aa:	b5e0      	push	{r5, r6, r7, lr}
100031ac:	b099      	sub	sp, #100	@ 0x64
100031ae:	4681      	mov	r9, r0
100031b0:	468b      	mov	fp, r1
100031b2:	4692      	mov	sl, r2
100031b4:	4698      	mov	r8, r3
100031b6:	9a22      	ldr	r2, [sp, #136]	@ 0x88
100031b8:	9b23      	ldr	r3, [sp, #140]	@ 0x8c
100031ba:	0010      	movs	r0, r2
100031bc:	0019      	movs	r1, r3
100031be:	f7ff faaa 	bl	10002716 <__wrap___aeabi_dcmpun>
100031c2:	2800      	cmp	r0, #0
100031c4:	d000      	beq.n	100031c8 <_etoa+0x28>
100031c6:	e0ca      	b.n	1000335e <_etoa+0x1be>
100031c8:	9822      	ldr	r0, [sp, #136]	@ 0x88
100031ca:	9923      	ldr	r1, [sp, #140]	@ 0x8c
100031cc:	2201      	movs	r2, #1
100031ce:	4b82      	ldr	r3, [pc, #520]	@ (100033d8 <_etoa+0x238>)
100031d0:	4252      	negs	r2, r2
100031d2:	f7ff fa9b 	bl	1000270c <__wrap___aeabi_dcmpgt>
100031d6:	2800      	cmp	r0, #0
100031d8:	d000      	beq.n	100031dc <_etoa+0x3c>
100031da:	e0c0      	b.n	1000335e <_etoa+0x1be>
100031dc:	9822      	ldr	r0, [sp, #136]	@ 0x88
100031de:	9923      	ldr	r1, [sp, #140]	@ 0x8c
100031e0:	2201      	movs	r2, #1
100031e2:	4b7e      	ldr	r3, [pc, #504]	@ (100033dc <_etoa+0x23c>)
100031e4:	4252      	negs	r2, r2
100031e6:	f7ff fa7b 	bl	100026e0 <__wrap___aeabi_dcmplt>
100031ea:	2800      	cmp	r0, #0
100031ec:	d000      	beq.n	100031f0 <_etoa+0x50>
100031ee:	e0b6      	b.n	1000335e <_etoa+0x1be>
100031f0:	9822      	ldr	r0, [sp, #136]	@ 0x88
100031f2:	9923      	ldr	r1, [sp, #140]	@ 0x8c
100031f4:	2200      	movs	r2, #0
100031f6:	2300      	movs	r3, #0
100031f8:	f7ff fa72 	bl	100026e0 <__wrap___aeabi_dcmplt>
100031fc:	2800      	cmp	r0, #0
100031fe:	d000      	beq.n	10003202 <_etoa+0x62>
10003200:	e1c9      	b.n	10003596 <_etoa+0x3f6>
10003202:	9b22      	ldr	r3, [sp, #136]	@ 0x88
10003204:	9c23      	ldr	r4, [sp, #140]	@ 0x8c
10003206:	9308      	str	r3, [sp, #32]
10003208:	9409      	str	r4, [sp, #36]	@ 0x24
1000320a:	9808      	ldr	r0, [sp, #32]
1000320c:	9909      	ldr	r1, [sp, #36]	@ 0x24
1000320e:	2380      	movs	r3, #128	@ 0x80
10003210:	9a26      	ldr	r2, [sp, #152]	@ 0x98
10003212:	00db      	lsls	r3, r3, #3
10003214:	401a      	ands	r2, r3
10003216:	920d      	str	r2, [sp, #52]	@ 0x34
10003218:	2280      	movs	r2, #128	@ 0x80
1000321a:	9c26      	ldr	r4, [sp, #152]	@ 0x98
1000321c:	0112      	lsls	r2, r2, #4
1000321e:	4014      	ands	r4, r2
10003220:	0022      	movs	r2, r4
10003222:	940b      	str	r4, [sp, #44]	@ 0x2c
10003224:	9c26      	ldr	r4, [sp, #152]	@ 0x98
10003226:	0007      	movs	r7, r0
10003228:	000e      	movs	r6, r1
1000322a:	421c      	tst	r4, r3
1000322c:	d000      	beq.n	10003230 <_etoa+0x90>
1000322e:	e0ad      	b.n	1000338c <_etoa+0x1ec>
10003230:	000b      	movs	r3, r1
10003232:	4303      	orrs	r3, r0
10003234:	d000      	beq.n	10003238 <_etoa+0x98>
10003236:	e0d5      	b.n	100033e4 <_etoa+0x244>
10003238:	2a00      	cmp	r2, #0
1000323a:	d000      	beq.n	1000323e <_etoa+0x9e>
1000323c:	e20a      	b.n	10003654 <_etoa+0x4b4>
1000323e:	0022      	movs	r2, r4
10003240:	3306      	adds	r3, #6
10003242:	9324      	str	r3, [sp, #144]	@ 0x90
10003244:	2302      	movs	r3, #2
10003246:	4013      	ands	r3, r2
10003248:	930c      	str	r3, [sp, #48]	@ 0x30
1000324a:	2302      	movs	r3, #2
1000324c:	4213      	tst	r3, r2
1000324e:	d000      	beq.n	10003252 <_etoa+0xb2>
10003250:	e202      	b.n	10003658 <_etoa+0x4b8>
10003252:	9b25      	ldr	r3, [sp, #148]	@ 0x94
10003254:	2b04      	cmp	r3, #4
10003256:	d200      	bcs.n	1000325a <_etoa+0xba>
10003258:	e20f      	b.n	1000367a <_etoa+0x4da>
1000325a:	3b04      	subs	r3, #4
1000325c:	930b      	str	r3, [sp, #44]	@ 0x2c
1000325e:	2300      	movs	r3, #0
10003260:	2504      	movs	r5, #4
10003262:	930a      	str	r3, [sp, #40]	@ 0x28
10003264:	2200      	movs	r2, #0
10003266:	9822      	ldr	r0, [sp, #136]	@ 0x88
10003268:	9923      	ldr	r1, [sp, #140]	@ 0x8c
1000326a:	2300      	movs	r3, #0
1000326c:	f7ff fa38 	bl	100026e0 <__wrap___aeabi_dcmplt>
10003270:	2800      	cmp	r0, #0
10003272:	d000      	beq.n	10003276 <_etoa+0xd6>
10003274:	e203      	b.n	1000367e <_etoa+0x4de>
10003276:	4b5a      	ldr	r3, [pc, #360]	@ (100033e0 <_etoa+0x240>)
10003278:	9a26      	ldr	r2, [sp, #152]	@ 0x98
1000327a:	4013      	ands	r3, r2
1000327c:	9304      	str	r3, [sp, #16]
1000327e:	9b0b      	ldr	r3, [sp, #44]	@ 0x2c
10003280:	9303      	str	r3, [sp, #12]
10003282:	9b24      	ldr	r3, [sp, #144]	@ 0x90
10003284:	9302      	str	r3, [sp, #8]
10003286:	9b08      	ldr	r3, [sp, #32]
10003288:	9c09      	ldr	r4, [sp, #36]	@ 0x24
1000328a:	9300      	str	r3, [sp, #0]
1000328c:	9401      	str	r4, [sp, #4]
1000328e:	4659      	mov	r1, fp
10003290:	4643      	mov	r3, r8
10003292:	4652      	mov	r2, sl
10003294:	4648      	mov	r0, r9
10003296:	f7ff fd2f 	bl	10002cf8 <_ftoa>
1000329a:	0002      	movs	r2, r0
1000329c:	2020      	movs	r0, #32
1000329e:	9b26      	ldr	r3, [sp, #152]	@ 0x98
100032a0:	271f      	movs	r7, #31
100032a2:	4003      	ands	r3, r0
100032a4:	4259      	negs	r1, r3
100032a6:	414b      	adcs	r3, r1
100032a8:	425b      	negs	r3, r3
100032aa:	4018      	ands	r0, r3
100032ac:	1c53      	adds	r3, r2, #1
100032ae:	9308      	str	r3, [sp, #32]
100032b0:	4659      	mov	r1, fp
100032b2:	4643      	mov	r3, r8
100032b4:	3045      	adds	r0, #69	@ 0x45
100032b6:	47c8      	blx	r9
100032b8:	9a0a      	ldr	r2, [sp, #40]	@ 0x28
100032ba:	17d3      	asrs	r3, r2, #31
100032bc:	18d4      	adds	r4, r2, r3
100032be:	405c      	eors	r4, r3
100032c0:	0fd3      	lsrs	r3, r2, #31
100032c2:	930a      	str	r3, [sp, #40]	@ 0x28
100032c4:	1e6b      	subs	r3, r5, #1
100032c6:	930b      	str	r3, [sp, #44]	@ 0x2c
100032c8:	ab08      	add	r3, sp, #32
100032ca:	469c      	mov	ip, r3
100032cc:	2500      	movs	r5, #0
100032ce:	4467      	add	r7, ip
100032d0:	e001      	b.n	100032d6 <_etoa+0x136>
100032d2:	2d20      	cmp	r5, #32
100032d4:	d00f      	beq.n	100032f6 <_etoa+0x156>
100032d6:	0020      	movs	r0, r4
100032d8:	210a      	movs	r1, #10
100032da:	f7fe ff63 	bl	100021a4 <__wrap___aeabi_uidiv>
100032de:	3501      	adds	r5, #1
100032e0:	197e      	adds	r6, r7, r5
100032e2:	3130      	adds	r1, #48	@ 0x30
100032e4:	7031      	strb	r1, [r6, #0]
100032e6:	0020      	movs	r0, r4
100032e8:	210a      	movs	r1, #10
100032ea:	f7fe ff5b 	bl	100021a4 <__wrap___aeabi_uidiv>
100032ee:	0026      	movs	r6, r4
100032f0:	0004      	movs	r4, r0
100032f2:	2e09      	cmp	r6, #9
100032f4:	d8ed      	bhi.n	100032d2 <_etoa+0x132>
100032f6:	2305      	movs	r3, #5
100032f8:	9306      	str	r3, [sp, #24]
100032fa:	9b0b      	ldr	r3, [sp, #44]	@ 0x2c
100032fc:	4659      	mov	r1, fp
100032fe:	9305      	str	r3, [sp, #20]
10003300:	2300      	movs	r3, #0
10003302:	9304      	str	r3, [sp, #16]
10003304:	330a      	adds	r3, #10
10003306:	9303      	str	r3, [sp, #12]
10003308:	9b0a      	ldr	r3, [sp, #40]	@ 0x28
1000330a:	4648      	mov	r0, r9
1000330c:	9302      	str	r3, [sp, #8]
1000330e:	ab10      	add	r3, sp, #64	@ 0x40
10003310:	9300      	str	r3, [sp, #0]
10003312:	9a08      	ldr	r2, [sp, #32]
10003314:	4643      	mov	r3, r8
10003316:	9501      	str	r5, [sp, #4]
10003318:	f7ff fbf8 	bl	10002b0c <_ntoa_format>
1000331c:	9b0c      	ldr	r3, [sp, #48]	@ 0x30
1000331e:	2b00      	cmp	r3, #0
10003320:	d02d      	beq.n	1000337e <_etoa+0x1de>
10003322:	4653      	mov	r3, sl
10003324:	1ac4      	subs	r4, r0, r3
10003326:	9b25      	ldr	r3, [sp, #148]	@ 0x94
10003328:	42a3      	cmp	r3, r4
1000332a:	d928      	bls.n	1000337e <_etoa+0x1de>
1000332c:	464d      	mov	r5, r9
1000332e:	465f      	mov	r7, fp
10003330:	4681      	mov	r9, r0
10003332:	001e      	movs	r6, r3
10003334:	4653      	mov	r3, sl
10003336:	0039      	movs	r1, r7
10003338:	191a      	adds	r2, r3, r4
1000333a:	2020      	movs	r0, #32
1000333c:	4643      	mov	r3, r8
1000333e:	3401      	adds	r4, #1
10003340:	47a8      	blx	r5
10003342:	42a6      	cmp	r6, r4
10003344:	d8f6      	bhi.n	10003334 <_etoa+0x194>
10003346:	4653      	mov	r3, sl
10003348:	4648      	mov	r0, r9
1000334a:	9925      	ldr	r1, [sp, #148]	@ 0x94
1000334c:	1ac2      	subs	r2, r0, r3
1000334e:	3201      	adds	r2, #1
10003350:	2300      	movs	r3, #0
10003352:	4291      	cmp	r1, r2
10003354:	d300      	bcc.n	10003358 <_etoa+0x1b8>
10003356:	e186      	b.n	10003666 <_etoa+0x4c6>
10003358:	3001      	adds	r0, #1
1000335a:	1818      	adds	r0, r3, r0
1000335c:	e00f      	b.n	1000337e <_etoa+0x1de>
1000335e:	9b26      	ldr	r3, [sp, #152]	@ 0x98
10003360:	9304      	str	r3, [sp, #16]
10003362:	9b25      	ldr	r3, [sp, #148]	@ 0x94
10003364:	9303      	str	r3, [sp, #12]
10003366:	9b24      	ldr	r3, [sp, #144]	@ 0x90
10003368:	9302      	str	r3, [sp, #8]
1000336a:	9b22      	ldr	r3, [sp, #136]	@ 0x88
1000336c:	9c23      	ldr	r4, [sp, #140]	@ 0x8c
1000336e:	9300      	str	r3, [sp, #0]
10003370:	9401      	str	r4, [sp, #4]
10003372:	4643      	mov	r3, r8
10003374:	4652      	mov	r2, sl
10003376:	4659      	mov	r1, fp
10003378:	4648      	mov	r0, r9
1000337a:	f7ff fcbd 	bl	10002cf8 <_ftoa>
1000337e:	b019      	add	sp, #100	@ 0x64
10003380:	bcf0      	pop	{r4, r5, r6, r7}
10003382:	46bb      	mov	fp, r7
10003384:	46b2      	mov	sl, r6
10003386:	46a9      	mov	r9, r5
10003388:	46a0      	mov	r8, r4
1000338a:	bdf0      	pop	{r4, r5, r6, r7, pc}
1000338c:	4301      	orrs	r1, r0
1000338e:	d12b      	bne.n	100033e8 <_etoa+0x248>
10003390:	9b0b      	ldr	r3, [sp, #44]	@ 0x2c
10003392:	0022      	movs	r2, r4
10003394:	2b00      	cmp	r3, #0
10003396:	d100      	bne.n	1000339a <_etoa+0x1fa>
10003398:	e754      	b.n	10003244 <_etoa+0xa4>
1000339a:	2300      	movs	r3, #0
1000339c:	930a      	str	r3, [sp, #40]	@ 0x28
1000339e:	9b24      	ldr	r3, [sp, #144]	@ 0x90
100033a0:	9a0a      	ldr	r2, [sp, #40]	@ 0x28
100033a2:	2400      	movs	r4, #0
100033a4:	4293      	cmp	r3, r2
100033a6:	dd00      	ble.n	100033aa <_etoa+0x20a>
100033a8:	e185      	b.n	100036b6 <_etoa+0x516>
100033aa:	9822      	ldr	r0, [sp, #136]	@ 0x88
100033ac:	9923      	ldr	r1, [sp, #140]	@ 0x8c
100033ae:	2200      	movs	r2, #0
100033b0:	2300      	movs	r3, #0
100033b2:	f7ff f995 	bl	100026e0 <__wrap___aeabi_dcmplt>
100033b6:	2800      	cmp	r0, #0
100033b8:	d000      	beq.n	100033bc <_etoa+0x21c>
100033ba:	e135      	b.n	10003628 <_etoa+0x488>
100033bc:	9b26      	ldr	r3, [sp, #152]	@ 0x98
100033be:	4a08      	ldr	r2, [pc, #32]	@ (100033e0 <_etoa+0x240>)
100033c0:	9402      	str	r4, [sp, #8]
100033c2:	401a      	ands	r2, r3
100033c4:	2380      	movs	r3, #128	@ 0x80
100033c6:	00db      	lsls	r3, r3, #3
100033c8:	4313      	orrs	r3, r2
100033ca:	9304      	str	r3, [sp, #16]
100033cc:	9b25      	ldr	r3, [sp, #148]	@ 0x94
100033ce:	9303      	str	r3, [sp, #12]
100033d0:	9b08      	ldr	r3, [sp, #32]
100033d2:	9c09      	ldr	r4, [sp, #36]	@ 0x24
100033d4:	e7cb      	b.n	1000336e <_etoa+0x1ce>
100033d6:	46c0      	nop			@ (mov r8, r8)
100033d8:	7fefffff 	.word	0x7fefffff
100033dc:	ffefffff 	.word	0xffefffff
100033e0:	fffff7ff 	.word	0xfffff7ff
100033e4:	2306      	movs	r3, #6
100033e6:	9324      	str	r3, [sp, #144]	@ 0x90
100033e8:	4bb4      	ldr	r3, [pc, #720]	@ (100036bc <_etoa+0x51c>)
100033ea:	0070      	lsls	r0, r6, #1
100033ec:	469c      	mov	ip, r3
100033ee:	0d40      	lsrs	r0, r0, #21
100033f0:	4460      	add	r0, ip
100033f2:	f7ff f9a1 	bl	10002738 <__wrap___aeabi_i2d>
100033f6:	4ab2      	ldr	r2, [pc, #712]	@ (100036c0 <_etoa+0x520>)
100033f8:	4bb2      	ldr	r3, [pc, #712]	@ (100036c4 <_etoa+0x524>)
100033fa:	f7ff f932 	bl	10002662 <__wrap___aeabi_dmul>
100033fe:	4ab2      	ldr	r2, [pc, #712]	@ (100036c8 <_etoa+0x528>)
10003400:	4bb2      	ldr	r3, [pc, #712]	@ (100036cc <_etoa+0x52c>)
10003402:	f7ff f90f 	bl	10002624 <__wrap___aeabi_dadd>
10003406:	0336      	lsls	r6, r6, #12
10003408:	4bb1      	ldr	r3, [pc, #708]	@ (100036d0 <_etoa+0x530>)
1000340a:	0b36      	lsrs	r6, r6, #12
1000340c:	4333      	orrs	r3, r6
1000340e:	0004      	movs	r4, r0
10003410:	000d      	movs	r5, r1
10003412:	0038      	movs	r0, r7
10003414:	0019      	movs	r1, r3
10003416:	2200      	movs	r2, #0
10003418:	4bae      	ldr	r3, [pc, #696]	@ (100036d4 <_etoa+0x534>)
1000341a:	f7ff f8fe 	bl	1000261a <__wrap___aeabi_dsub>
1000341e:	4aae      	ldr	r2, [pc, #696]	@ (100036d8 <_etoa+0x538>)
10003420:	4bae      	ldr	r3, [pc, #696]	@ (100036dc <_etoa+0x53c>)
10003422:	f7ff f91e 	bl	10002662 <__wrap___aeabi_dmul>
10003426:	0002      	movs	r2, r0
10003428:	000b      	movs	r3, r1
1000342a:	0020      	movs	r0, r4
1000342c:	0029      	movs	r1, r5
1000342e:	f7ff f8f9 	bl	10002624 <__wrap___aeabi_dadd>
10003432:	f7ff f999 	bl	10002768 <__wrap___aeabi_d2iz>
10003436:	900a      	str	r0, [sp, #40]	@ 0x28
10003438:	f7ff f97e 	bl	10002738 <__wrap___aeabi_i2d>
1000343c:	4aa8      	ldr	r2, [pc, #672]	@ (100036e0 <_etoa+0x540>)
1000343e:	4ba9      	ldr	r3, [pc, #676]	@ (100036e4 <_etoa+0x544>)
10003440:	0004      	movs	r4, r0
10003442:	000d      	movs	r5, r1
10003444:	f7ff f90d 	bl	10002662 <__wrap___aeabi_dmul>
10003448:	2200      	movs	r2, #0
1000344a:	4ba7      	ldr	r3, [pc, #668]	@ (100036e8 <_etoa+0x548>)
1000344c:	f7ff f8ea 	bl	10002624 <__wrap___aeabi_dadd>
10003450:	f7ff f98a 	bl	10002768 <__wrap___aeabi_d2iz>
10003454:	4aa5      	ldr	r2, [pc, #660]	@ (100036ec <_etoa+0x54c>)
10003456:	0006      	movs	r6, r0
10003458:	4ba5      	ldr	r3, [pc, #660]	@ (100036f0 <_etoa+0x550>)
1000345a:	0020      	movs	r0, r4
1000345c:	0029      	movs	r1, r5
1000345e:	f7ff f900 	bl	10002662 <__wrap___aeabi_dmul>
10003462:	0004      	movs	r4, r0
10003464:	0030      	movs	r0, r6
10003466:	000d      	movs	r5, r1
10003468:	960c      	str	r6, [sp, #48]	@ 0x30
1000346a:	f7ff f965 	bl	10002738 <__wrap___aeabi_i2d>
1000346e:	4aa1      	ldr	r2, [pc, #644]	@ (100036f4 <_etoa+0x554>)
10003470:	4ba1      	ldr	r3, [pc, #644]	@ (100036f8 <_etoa+0x558>)
10003472:	f7ff f8f6 	bl	10002662 <__wrap___aeabi_dmul>
10003476:	0002      	movs	r2, r0
10003478:	000b      	movs	r3, r1
1000347a:	0020      	movs	r0, r4
1000347c:	0029      	movs	r1, r5
1000347e:	f7ff f8cc 	bl	1000261a <__wrap___aeabi_dsub>
10003482:	0002      	movs	r2, r0
10003484:	000b      	movs	r3, r1
10003486:	0006      	movs	r6, r0
10003488:	000f      	movs	r7, r1
1000348a:	f7ff f8ea 	bl	10002662 <__wrap___aeabi_dmul>
1000348e:	0032      	movs	r2, r6
10003490:	0004      	movs	r4, r0
10003492:	000d      	movs	r5, r1
10003494:	003b      	movs	r3, r7
10003496:	0030      	movs	r0, r6
10003498:	0039      	movs	r1, r7
1000349a:	f7ff f8c3 	bl	10002624 <__wrap___aeabi_dadd>
1000349e:	2200      	movs	r2, #0
100034a0:	900e      	str	r0, [sp, #56]	@ 0x38
100034a2:	910f      	str	r1, [sp, #60]	@ 0x3c
100034a4:	4b95      	ldr	r3, [pc, #596]	@ (100036fc <_etoa+0x55c>)
100034a6:	0020      	movs	r0, r4
100034a8:	0029      	movs	r1, r5
100034aa:	f7ff f8c0 	bl	1000262e <__wrap___aeabi_ddiv>
100034ae:	2200      	movs	r2, #0
100034b0:	4b93      	ldr	r3, [pc, #588]	@ (10003700 <_etoa+0x560>)
100034b2:	f7ff f8b7 	bl	10002624 <__wrap___aeabi_dadd>
100034b6:	0002      	movs	r2, r0
100034b8:	000b      	movs	r3, r1
100034ba:	0020      	movs	r0, r4
100034bc:	0029      	movs	r1, r5
100034be:	f7ff f8b6 	bl	1000262e <__wrap___aeabi_ddiv>
100034c2:	2200      	movs	r2, #0
100034c4:	4b8f      	ldr	r3, [pc, #572]	@ (10003704 <_etoa+0x564>)
100034c6:	f7ff f8ad 	bl	10002624 <__wrap___aeabi_dadd>
100034ca:	0002      	movs	r2, r0
100034cc:	000b      	movs	r3, r1
100034ce:	0020      	movs	r0, r4
100034d0:	0029      	movs	r1, r5
100034d2:	f7ff f8ac 	bl	1000262e <__wrap___aeabi_ddiv>
100034d6:	000d      	movs	r5, r1
100034d8:	2180      	movs	r1, #128	@ 0x80
100034da:	0004      	movs	r4, r0
100034dc:	0032      	movs	r2, r6
100034de:	003b      	movs	r3, r7
100034e0:	2000      	movs	r0, #0
100034e2:	05c9      	lsls	r1, r1, #23
100034e4:	f7ff f899 	bl	1000261a <__wrap___aeabi_dsub>
100034e8:	0002      	movs	r2, r0
100034ea:	000b      	movs	r3, r1
100034ec:	0020      	movs	r0, r4
100034ee:	0029      	movs	r1, r5
100034f0:	f7ff f898 	bl	10002624 <__wrap___aeabi_dadd>
100034f4:	0002      	movs	r2, r0
100034f6:	000b      	movs	r3, r1
100034f8:	980e      	ldr	r0, [sp, #56]	@ 0x38
100034fa:	990f      	ldr	r1, [sp, #60]	@ 0x3c
100034fc:	f7ff f897 	bl	1000262e <__wrap___aeabi_ddiv>
10003500:	2200      	movs	r2, #0
10003502:	4b73      	ldr	r3, [pc, #460]	@ (100036d0 <_etoa+0x530>)
10003504:	f7ff f88e 	bl	10002624 <__wrap___aeabi_dadd>
10003508:	4b7f      	ldr	r3, [pc, #508]	@ (10003708 <_etoa+0x568>)
1000350a:	9c0c      	ldr	r4, [sp, #48]	@ 0x30
1000350c:	469c      	mov	ip, r3
1000350e:	4464      	add	r4, ip
10003510:	2200      	movs	r2, #0
10003512:	0523      	lsls	r3, r4, #20
10003514:	f7ff f8a5 	bl	10002662 <__wrap___aeabi_dmul>
10003518:	0006      	movs	r6, r0
1000351a:	000f      	movs	r7, r1
1000351c:	0002      	movs	r2, r0
1000351e:	000b      	movs	r3, r1
10003520:	9808      	ldr	r0, [sp, #32]
10003522:	9909      	ldr	r1, [sp, #36]	@ 0x24
10003524:	f7ff f8dc 	bl	100026e0 <__wrap___aeabi_dcmplt>
10003528:	2800      	cmp	r0, #0
1000352a:	d00a      	beq.n	10003542 <_etoa+0x3a2>
1000352c:	9b0a      	ldr	r3, [sp, #40]	@ 0x28
1000352e:	0030      	movs	r0, r6
10003530:	3b01      	subs	r3, #1
10003532:	0039      	movs	r1, r7
10003534:	930a      	str	r3, [sp, #40]	@ 0x28
10003536:	2200      	movs	r2, #0
10003538:	4b71      	ldr	r3, [pc, #452]	@ (10003700 <_etoa+0x560>)
1000353a:	f7ff f878 	bl	1000262e <__wrap___aeabi_ddiv>
1000353e:	0006      	movs	r6, r0
10003540:	000f      	movs	r7, r1
10003542:	9a0a      	ldr	r2, [sp, #40]	@ 0x28
10003544:	0033      	movs	r3, r6
10003546:	3263      	adds	r2, #99	@ 0x63
10003548:	0039      	movs	r1, r7
1000354a:	2ac6      	cmp	r2, #198	@ 0xc6
1000354c:	d812      	bhi.n	10003574 <_etoa+0x3d4>
1000354e:	2202      	movs	r2, #2
10003550:	9826      	ldr	r0, [sp, #152]	@ 0x98
10003552:	2504      	movs	r5, #4
10003554:	4010      	ands	r0, r2
10003556:	9a0b      	ldr	r2, [sp, #44]	@ 0x2c
10003558:	900c      	str	r0, [sp, #48]	@ 0x30
1000355a:	2a00      	cmp	r2, #0
1000355c:	d125      	bne.n	100035aa <_etoa+0x40a>
1000355e:	9b25      	ldr	r3, [sp, #148]	@ 0x94
10003560:	2b04      	cmp	r3, #4
10003562:	d905      	bls.n	10003570 <_etoa+0x3d0>
10003564:	2800      	cmp	r0, #0
10003566:	d000      	beq.n	1000356a <_etoa+0x3ca>
10003568:	e0a1      	b.n	100036ae <_etoa+0x50e>
1000356a:	9b25      	ldr	r3, [sp, #148]	@ 0x94
1000356c:	3b04      	subs	r3, #4
1000356e:	930b      	str	r3, [sp, #44]	@ 0x2c
10003570:	2504      	movs	r5, #4
10003572:	e041      	b.n	100035f8 <_etoa+0x458>
10003574:	2202      	movs	r2, #2
10003576:	9826      	ldr	r0, [sp, #152]	@ 0x98
10003578:	4010      	ands	r0, r2
1000357a:	9a0b      	ldr	r2, [sp, #44]	@ 0x2c
1000357c:	900c      	str	r0, [sp, #48]	@ 0x30
1000357e:	2a00      	cmp	r2, #0
10003580:	d112      	bne.n	100035a8 <_etoa+0x408>
10003582:	9b25      	ldr	r3, [sp, #148]	@ 0x94
10003584:	2b05      	cmp	r3, #5
10003586:	d976      	bls.n	10003676 <_etoa+0x4d6>
10003588:	2800      	cmp	r0, #0
1000358a:	d172      	bne.n	10003672 <_etoa+0x4d2>
1000358c:	9b25      	ldr	r3, [sp, #148]	@ 0x94
1000358e:	2505      	movs	r5, #5
10003590:	3b05      	subs	r3, #5
10003592:	930b      	str	r3, [sp, #44]	@ 0x2c
10003594:	e034      	b.n	10003600 <_etoa+0x460>
10003596:	2280      	movs	r2, #128	@ 0x80
10003598:	0612      	lsls	r2, r2, #24
1000359a:	4694      	mov	ip, r2
1000359c:	9b22      	ldr	r3, [sp, #136]	@ 0x88
1000359e:	9308      	str	r3, [sp, #32]
100035a0:	9b23      	ldr	r3, [sp, #140]	@ 0x8c
100035a2:	4463      	add	r3, ip
100035a4:	9309      	str	r3, [sp, #36]	@ 0x24
100035a6:	e630      	b.n	1000320a <_etoa+0x6a>
100035a8:	2505      	movs	r5, #5
100035aa:	430b      	orrs	r3, r1
100035ac:	d100      	bne.n	100035b0 <_etoa+0x410>
100035ae:	e6f6      	b.n	1000339e <_etoa+0x1fe>
100035b0:	9808      	ldr	r0, [sp, #32]
100035b2:	9909      	ldr	r1, [sp, #36]	@ 0x24
100035b4:	4a55      	ldr	r2, [pc, #340]	@ (1000370c <_etoa+0x56c>)
100035b6:	4b56      	ldr	r3, [pc, #344]	@ (10003710 <_etoa+0x570>)
100035b8:	f7ff f8a0 	bl	100026fc <__wrap___aeabi_dcmpge>
100035bc:	2800      	cmp	r0, #0
100035be:	d008      	beq.n	100035d2 <_etoa+0x432>
100035c0:	9808      	ldr	r0, [sp, #32]
100035c2:	9909      	ldr	r1, [sp, #36]	@ 0x24
100035c4:	2200      	movs	r2, #0
100035c6:	4b53      	ldr	r3, [pc, #332]	@ (10003714 <_etoa+0x574>)
100035c8:	f7ff f88a 	bl	100026e0 <__wrap___aeabi_dcmplt>
100035cc:	2800      	cmp	r0, #0
100035ce:	d000      	beq.n	100035d2 <_etoa+0x432>
100035d0:	e6e5      	b.n	1000339e <_etoa+0x1fe>
100035d2:	9b24      	ldr	r3, [sp, #144]	@ 0x90
100035d4:	2b00      	cmp	r3, #0
100035d6:	d01c      	beq.n	10003612 <_etoa+0x472>
100035d8:	9b0d      	ldr	r3, [sp, #52]	@ 0x34
100035da:	2b00      	cmp	r3, #0
100035dc:	d019      	beq.n	10003612 <_etoa+0x472>
100035de:	9b24      	ldr	r3, [sp, #144]	@ 0x90
100035e0:	3b01      	subs	r3, #1
100035e2:	9324      	str	r3, [sp, #144]	@ 0x90
100035e4:	9b25      	ldr	r3, [sp, #148]	@ 0x94
100035e6:	42ab      	cmp	r3, r5
100035e8:	d904      	bls.n	100035f4 <_etoa+0x454>
100035ea:	9b0c      	ldr	r3, [sp, #48]	@ 0x30
100035ec:	2b00      	cmp	r3, #0
100035ee:	d05a      	beq.n	100036a6 <_etoa+0x506>
100035f0:	2302      	movs	r3, #2
100035f2:	930c      	str	r3, [sp, #48]	@ 0x30
100035f4:	2300      	movs	r3, #0
100035f6:	930b      	str	r3, [sp, #44]	@ 0x2c
100035f8:	9b0a      	ldr	r3, [sp, #40]	@ 0x28
100035fa:	2b00      	cmp	r3, #0
100035fc:	d100      	bne.n	10003600 <_etoa+0x460>
100035fe:	e631      	b.n	10003264 <_etoa+0xc4>
10003600:	9808      	ldr	r0, [sp, #32]
10003602:	9909      	ldr	r1, [sp, #36]	@ 0x24
10003604:	0032      	movs	r2, r6
10003606:	003b      	movs	r3, r7
10003608:	f7ff f811 	bl	1000262e <__wrap___aeabi_ddiv>
1000360c:	9008      	str	r0, [sp, #32]
1000360e:	9109      	str	r1, [sp, #36]	@ 0x24
10003610:	e628      	b.n	10003264 <_etoa+0xc4>
10003612:	9b25      	ldr	r3, [sp, #148]	@ 0x94
10003614:	42ab      	cmp	r3, r5
10003616:	d9ed      	bls.n	100035f4 <_etoa+0x454>
10003618:	9b0c      	ldr	r3, [sp, #48]	@ 0x30
1000361a:	2b00      	cmp	r3, #0
1000361c:	d043      	beq.n	100036a6 <_etoa+0x506>
1000361e:	2300      	movs	r3, #0
10003620:	930b      	str	r3, [sp, #44]	@ 0x2c
10003622:	3302      	adds	r3, #2
10003624:	930c      	str	r3, [sp, #48]	@ 0x30
10003626:	e7e7      	b.n	100035f8 <_etoa+0x458>
10003628:	2080      	movs	r0, #128	@ 0x80
1000362a:	9b26      	ldr	r3, [sp, #152]	@ 0x98
1000362c:	4a3a      	ldr	r2, [pc, #232]	@ (10003718 <_etoa+0x578>)
1000362e:	0600      	lsls	r0, r0, #24
10003630:	401a      	ands	r2, r3
10003632:	2380      	movs	r3, #128	@ 0x80
10003634:	4684      	mov	ip, r0
10003636:	9402      	str	r4, [sp, #8]
10003638:	9c08      	ldr	r4, [sp, #32]
1000363a:	9d09      	ldr	r5, [sp, #36]	@ 0x24
1000363c:	0029      	movs	r1, r5
1000363e:	00db      	lsls	r3, r3, #3
10003640:	4313      	orrs	r3, r2
10003642:	9304      	str	r3, [sp, #16]
10003644:	9b25      	ldr	r3, [sp, #148]	@ 0x94
10003646:	4461      	add	r1, ip
10003648:	0022      	movs	r2, r4
1000364a:	9303      	str	r3, [sp, #12]
1000364c:	000b      	movs	r3, r1
1000364e:	9200      	str	r2, [sp, #0]
10003650:	9301      	str	r3, [sp, #4]
10003652:	e68e      	b.n	10003372 <_etoa+0x1d2>
10003654:	2405      	movs	r4, #5
10003656:	e6a8      	b.n	100033aa <_etoa+0x20a>
10003658:	2300      	movs	r3, #0
1000365a:	930b      	str	r3, [sp, #44]	@ 0x2c
1000365c:	930a      	str	r3, [sp, #40]	@ 0x28
1000365e:	3302      	adds	r3, #2
10003660:	2504      	movs	r5, #4
10003662:	930c      	str	r3, [sp, #48]	@ 0x30
10003664:	e5fe      	b.n	10003264 <_etoa+0xc4>
10003666:	4653      	mov	r3, sl
10003668:	468c      	mov	ip, r1
1000366a:	3b01      	subs	r3, #1
1000366c:	4463      	add	r3, ip
1000366e:	1a1b      	subs	r3, r3, r0
10003670:	e672      	b.n	10003358 <_etoa+0x1b8>
10003672:	2302      	movs	r3, #2
10003674:	930c      	str	r3, [sp, #48]	@ 0x30
10003676:	2505      	movs	r5, #5
10003678:	e7c2      	b.n	10003600 <_etoa+0x460>
1000367a:	2304      	movs	r3, #4
1000367c:	e5ed      	b.n	1000325a <_etoa+0xba>
1000367e:	2080      	movs	r0, #128	@ 0x80
10003680:	9e08      	ldr	r6, [sp, #32]
10003682:	9f09      	ldr	r7, [sp, #36]	@ 0x24
10003684:	0600      	lsls	r0, r0, #24
10003686:	0039      	movs	r1, r7
10003688:	4684      	mov	ip, r0
1000368a:	9a26      	ldr	r2, [sp, #152]	@ 0x98
1000368c:	4b22      	ldr	r3, [pc, #136]	@ (10003718 <_etoa+0x578>)
1000368e:	4461      	add	r1, ip
10003690:	4013      	ands	r3, r2
10003692:	9304      	str	r3, [sp, #16]
10003694:	9b0b      	ldr	r3, [sp, #44]	@ 0x2c
10003696:	0032      	movs	r2, r6
10003698:	9303      	str	r3, [sp, #12]
1000369a:	9b24      	ldr	r3, [sp, #144]	@ 0x90
1000369c:	9302      	str	r3, [sp, #8]
1000369e:	000b      	movs	r3, r1
100036a0:	9200      	str	r2, [sp, #0]
100036a2:	9301      	str	r3, [sp, #4]
100036a4:	e5f3      	b.n	1000328e <_etoa+0xee>
100036a6:	9b25      	ldr	r3, [sp, #148]	@ 0x94
100036a8:	1b5b      	subs	r3, r3, r5
100036aa:	930b      	str	r3, [sp, #44]	@ 0x2c
100036ac:	e7a4      	b.n	100035f8 <_etoa+0x458>
100036ae:	2302      	movs	r3, #2
100036b0:	2504      	movs	r5, #4
100036b2:	930c      	str	r3, [sp, #48]	@ 0x30
100036b4:	e7a0      	b.n	100035f8 <_etoa+0x458>
100036b6:	1a9c      	subs	r4, r3, r2
100036b8:	3c01      	subs	r4, #1
100036ba:	e676      	b.n	100033aa <_etoa+0x20a>
100036bc:	fffffc01 	.word	0xfffffc01
100036c0:	509f79fb 	.word	0x509f79fb
100036c4:	3fd34413 	.word	0x3fd34413
100036c8:	8b60c8b3 	.word	0x8b60c8b3
100036cc:	3fc68a28 	.word	0x3fc68a28
100036d0:	3ff00000 	.word	0x3ff00000
100036d4:	3ff80000 	.word	0x3ff80000
100036d8:	636f4361 	.word	0x636f4361
100036dc:	3fd287a7 	.word	0x3fd287a7
100036e0:	0979a371 	.word	0x0979a371
100036e4:	400a934f 	.word	0x400a934f
100036e8:	3fe00000 	.word	0x3fe00000
100036ec:	bbb55516 	.word	0xbbb55516
100036f0:	40026bb1 	.word	0x40026bb1
100036f4:	fefa39ef 	.word	0xfefa39ef
100036f8:	3fe62e42 	.word	0x3fe62e42
100036fc:	402c0000 	.word	0x402c0000
10003700:	40240000 	.word	0x40240000
10003704:	40180000 	.word	0x40180000
10003708:	000003ff 	.word	0x000003ff
1000370c:	eb1c432d 	.word	0xeb1c432d
10003710:	3f1a36e2 	.word	0x3f1a36e2
10003714:	412e8480 	.word	0x412e8480
10003718:	fffff7ff 	.word	0xfffff7ff

1000371c <_vsnprintf>:
1000371c:	b5f0      	push	{r4, r5, r6, r7, lr}
1000371e:	46de      	mov	lr, fp
10003720:	4657      	mov	r7, sl
10003722:	464e      	mov	r6, r9
10003724:	4645      	mov	r5, r8
10003726:	b5e0      	push	{r5, r6, r7, lr}
10003728:	b0a5      	sub	sp, #148	@ 0x94
1000372a:	001e      	movs	r6, r3
1000372c:	9b2e      	ldr	r3, [sp, #184]	@ 0xb8
1000372e:	4692      	mov	sl, r2
10003730:	930c      	str	r3, [sp, #48]	@ 0x30
10003732:	4acd      	ldr	r2, [pc, #820]	@ (10003a68 <_vsnprintf+0x34c>)
10003734:	4bcd      	ldr	r3, [pc, #820]	@ (10003a6c <_vsnprintf+0x350>)
10003736:	4680      	mov	r8, r0
10003738:	468b      	mov	fp, r1
1000373a:	601a      	str	r2, [r3, #0]
1000373c:	2900      	cmp	r1, #0
1000373e:	d100      	bne.n	10003742 <_vsnprintf+0x26>
10003740:	e1ea      	b.n	10003b18 <_vsnprintf+0x3fc>
10003742:	2300      	movs	r3, #0
10003744:	7830      	ldrb	r0, [r6, #0]
10003746:	4699      	mov	r9, r3
10003748:	2800      	cmp	r0, #0
1000374a:	d100      	bne.n	1000374e <_vsnprintf+0x32>
1000374c:	e1ec      	b.n	10003b28 <_vsnprintf+0x40c>
1000374e:	4bc8      	ldr	r3, [pc, #800]	@ (10003a70 <_vsnprintf+0x354>)
10003750:	464c      	mov	r4, r9
10003752:	930b      	str	r3, [sp, #44]	@ 0x2c
10003754:	4bc7      	ldr	r3, [pc, #796]	@ (10003a74 <_vsnprintf+0x358>)
10003756:	4645      	mov	r5, r8
10003758:	4657      	mov	r7, sl
1000375a:	930e      	str	r3, [sp, #56]	@ 0x38
1000375c:	e00a      	b.n	10003774 <_vsnprintf+0x58>
1000375e:	1c63      	adds	r3, r4, #1
10003760:	4698      	mov	r8, r3
10003762:	0022      	movs	r2, r4
10003764:	003b      	movs	r3, r7
10003766:	4659      	mov	r1, fp
10003768:	47a8      	blx	r5
1000376a:	4644      	mov	r4, r8
1000376c:	7830      	ldrb	r0, [r6, #0]
1000376e:	2800      	cmp	r0, #0
10003770:	d100      	bne.n	10003774 <_vsnprintf+0x58>
10003772:	e087      	b.n	10003884 <_vsnprintf+0x168>
10003774:	3601      	adds	r6, #1
10003776:	2825      	cmp	r0, #37	@ 0x25
10003778:	d1f1      	bne.n	1000375e <_vsnprintf+0x42>
1000377a:	2308      	movs	r3, #8
1000377c:	469a      	mov	sl, r3
1000377e:	3b04      	subs	r3, #4
10003780:	4699      	mov	r9, r3
10003782:	3b02      	subs	r3, #2
10003784:	4698      	mov	r8, r3
10003786:	3b01      	subs	r3, #1
10003788:	2200      	movs	r2, #0
1000378a:	469c      	mov	ip, r3
1000378c:	940d      	str	r4, [sp, #52]	@ 0x34
1000378e:	7830      	ldrb	r0, [r6, #0]
10003790:	1c71      	adds	r1, r6, #1
10003792:	0003      	movs	r3, r0
10003794:	3b20      	subs	r3, #32
10003796:	b2db      	uxtb	r3, r3
10003798:	2b10      	cmp	r3, #16
1000379a:	d803      	bhi.n	100037a4 <_vsnprintf+0x88>
1000379c:	9c0b      	ldr	r4, [sp, #44]	@ 0x2c
1000379e:	009b      	lsls	r3, r3, #2
100037a0:	58e3      	ldr	r3, [r4, r3]
100037a2:	469f      	mov	pc, r3
100037a4:	0003      	movs	r3, r0
100037a6:	3b30      	subs	r3, #48	@ 0x30
100037a8:	4689      	mov	r9, r1
100037aa:	9c0d      	ldr	r4, [sp, #52]	@ 0x34
100037ac:	2b09      	cmp	r3, #9
100037ae:	d93a      	bls.n	10003826 <_vsnprintf+0x10a>
100037b0:	2300      	movs	r3, #0
100037b2:	4698      	mov	r8, r3
100037b4:	282a      	cmp	r0, #42	@ 0x2a
100037b6:	d100      	bne.n	100037ba <_vsnprintf+0x9e>
100037b8:	e0c1      	b.n	1000393e <_vsnprintf+0x222>
100037ba:	2300      	movs	r3, #0
100037bc:	469a      	mov	sl, r3
100037be:	282e      	cmp	r0, #46	@ 0x2e
100037c0:	d04b      	beq.n	1000385a <_vsnprintf+0x13e>
100037c2:	0003      	movs	r3, r0
100037c4:	3b68      	subs	r3, #104	@ 0x68
100037c6:	b2db      	uxtb	r3, r3
100037c8:	2b12      	cmp	r3, #18
100037ca:	d81e      	bhi.n	1000380a <_vsnprintf+0xee>
100037cc:	990e      	ldr	r1, [sp, #56]	@ 0x38
100037ce:	009b      	lsls	r3, r3, #2
100037d0:	58cb      	ldr	r3, [r1, r3]
100037d2:	469f      	mov	pc, r3
100037d4:	4663      	mov	r3, ip
100037d6:	000e      	movs	r6, r1
100037d8:	431a      	orrs	r2, r3
100037da:	e7d8      	b.n	1000378e <_vsnprintf+0x72>
100037dc:	4643      	mov	r3, r8
100037de:	000e      	movs	r6, r1
100037e0:	431a      	orrs	r2, r3
100037e2:	e7d4      	b.n	1000378e <_vsnprintf+0x72>
100037e4:	464b      	mov	r3, r9
100037e6:	000e      	movs	r6, r1
100037e8:	431a      	orrs	r2, r3
100037ea:	e7d0      	b.n	1000378e <_vsnprintf+0x72>
100037ec:	2310      	movs	r3, #16
100037ee:	000e      	movs	r6, r1
100037f0:	431a      	orrs	r2, r3
100037f2:	e7cc      	b.n	1000378e <_vsnprintf+0x72>
100037f4:	4653      	mov	r3, sl
100037f6:	000e      	movs	r6, r1
100037f8:	431a      	orrs	r2, r3
100037fa:	e7c8      	b.n	1000378e <_vsnprintf+0x72>
100037fc:	2380      	movs	r3, #128	@ 0x80
100037fe:	005b      	lsls	r3, r3, #1
10003800:	431a      	orrs	r2, r3
10003802:	3bff      	subs	r3, #255	@ 0xff
10003804:	469c      	mov	ip, r3
10003806:	7870      	ldrb	r0, [r6, #1]
10003808:	44e1      	add	r9, ip
1000380a:	464e      	mov	r6, r9
1000380c:	2867      	cmp	r0, #103	@ 0x67
1000380e:	d84f      	bhi.n	100038b0 <_vsnprintf+0x194>
10003810:	2824      	cmp	r0, #36	@ 0x24
10003812:	d9a4      	bls.n	1000375e <_vsnprintf+0x42>
10003814:	0003      	movs	r3, r0
10003816:	3b25      	subs	r3, #37	@ 0x25
10003818:	b2db      	uxtb	r3, r3
1000381a:	2b42      	cmp	r3, #66	@ 0x42
1000381c:	d89f      	bhi.n	1000375e <_vsnprintf+0x42>
1000381e:	4996      	ldr	r1, [pc, #600]	@ (10003a78 <_vsnprintf+0x35c>)
10003820:	009b      	lsls	r3, r3, #2
10003822:	58cb      	ldr	r3, [r1, r3]
10003824:	469f      	mov	pc, r3
10003826:	2300      	movs	r3, #0
10003828:	4694      	mov	ip, r2
1000382a:	001e      	movs	r6, r3
1000382c:	e000      	b.n	10003830 <_vsnprintf+0x114>
1000382e:	3101      	adds	r1, #1
10003830:	00b3      	lsls	r3, r6, #2
10003832:	199b      	adds	r3, r3, r6
10003834:	005b      	lsls	r3, r3, #1
10003836:	181e      	adds	r6, r3, r0
10003838:	7808      	ldrb	r0, [r1, #0]
1000383a:	3e30      	subs	r6, #48	@ 0x30
1000383c:	0003      	movs	r3, r0
1000383e:	3b30      	subs	r3, #48	@ 0x30
10003840:	2b09      	cmp	r3, #9
10003842:	d9f4      	bls.n	1000382e <_vsnprintf+0x112>
10003844:	2301      	movs	r3, #1
10003846:	4662      	mov	r2, ip
10003848:	4689      	mov	r9, r1
1000384a:	469c      	mov	ip, r3
1000384c:	2300      	movs	r3, #0
1000384e:	46b0      	mov	r8, r6
10003850:	469a      	mov	sl, r3
10003852:	000e      	movs	r6, r1
10003854:	44e1      	add	r9, ip
10003856:	282e      	cmp	r0, #46	@ 0x2e
10003858:	d1b3      	bne.n	100037c2 <_vsnprintf+0xa6>
1000385a:	2130      	movs	r1, #48	@ 0x30
1000385c:	2080      	movs	r0, #128	@ 0x80
1000385e:	4249      	negs	r1, r1
10003860:	468c      	mov	ip, r1
10003862:	00c0      	lsls	r0, r0, #3
10003864:	4302      	orrs	r2, r0
10003866:	7870      	ldrb	r0, [r6, #1]
10003868:	464b      	mov	r3, r9
1000386a:	4484      	add	ip, r0
1000386c:	4661      	mov	r1, ip
1000386e:	2909      	cmp	r1, #9
10003870:	d800      	bhi.n	10003874 <_vsnprintf+0x158>
10003872:	e16c      	b.n	10003b4e <_vsnprintf+0x432>
10003874:	282a      	cmp	r0, #42	@ 0x2a
10003876:	d100      	bne.n	1000387a <_vsnprintf+0x15e>
10003878:	e17a      	b.n	10003b70 <_vsnprintf+0x454>
1000387a:	2301      	movs	r3, #1
1000387c:	469c      	mov	ip, r3
1000387e:	464e      	mov	r6, r9
10003880:	44e1      	add	r9, ip
10003882:	e79e      	b.n	100037c2 <_vsnprintf+0xa6>
10003884:	46a1      	mov	r9, r4
10003886:	46a8      	mov	r8, r5
10003888:	46ba      	mov	sl, r7
1000388a:	45ca      	cmp	sl, r9
1000388c:	d803      	bhi.n	10003896 <_vsnprintf+0x17a>
1000388e:	2301      	movs	r3, #1
10003890:	425b      	negs	r3, r3
10003892:	4453      	add	r3, sl
10003894:	4699      	mov	r9, r3
10003896:	4653      	mov	r3, sl
10003898:	464a      	mov	r2, r9
1000389a:	4659      	mov	r1, fp
1000389c:	2000      	movs	r0, #0
1000389e:	47c0      	blx	r8
100038a0:	0020      	movs	r0, r4
100038a2:	b025      	add	sp, #148	@ 0x94
100038a4:	bcf0      	pop	{r4, r5, r6, r7}
100038a6:	46bb      	mov	fp, r7
100038a8:	46b2      	mov	sl, r6
100038aa:	46a9      	mov	r9, r5
100038ac:	46a0      	mov	r8, r4
100038ae:	bdf0      	pop	{r4, r5, r6, r7, pc}
100038b0:	0003      	movs	r3, r0
100038b2:	3b69      	subs	r3, #105	@ 0x69
100038b4:	b2db      	uxtb	r3, r3
100038b6:	930d      	str	r3, [sp, #52]	@ 0x34
100038b8:	2b0f      	cmp	r3, #15
100038ba:	d900      	bls.n	100038be <_vsnprintf+0x1a2>
100038bc:	e74f      	b.n	1000375e <_vsnprintf+0x42>
100038be:	2101      	movs	r1, #1
100038c0:	4099      	lsls	r1, r3
100038c2:	468c      	mov	ip, r1
100038c4:	496d      	ldr	r1, [pc, #436]	@ (10003a7c <_vsnprintf+0x360>)
100038c6:	4689      	mov	r9, r1
100038c8:	4661      	mov	r1, ip
100038ca:	464b      	mov	r3, r9
100038cc:	4019      	ands	r1, r3
100038ce:	910f      	str	r1, [sp, #60]	@ 0x3c
100038d0:	4663      	mov	r3, ip
100038d2:	4649      	mov	r1, r9
100038d4:	420b      	tst	r3, r1
100038d6:	d000      	beq.n	100038da <_vsnprintf+0x1be>
100038d8:	e128      	b.n	10003b2c <_vsnprintf+0x410>
100038da:	9b0d      	ldr	r3, [sp, #52]	@ 0x34
100038dc:	2b0a      	cmp	r3, #10
100038de:	d03a      	beq.n	10003956 <_vsnprintf+0x23a>
100038e0:	2b07      	cmp	r3, #7
100038e2:	d000      	beq.n	100038e6 <_vsnprintf+0x1ca>
100038e4:	e73b      	b.n	1000375e <_vsnprintf+0x42>
100038e6:	9b0c      	ldr	r3, [sp, #48]	@ 0x30
100038e8:	0019      	movs	r1, r3
100038ea:	c908      	ldmia	r1!, {r3}
100038ec:	4688      	mov	r8, r1
100038ee:	2b00      	cmp	r3, #0
100038f0:	d100      	bne.n	100038f4 <_vsnprintf+0x1d8>
100038f2:	e14b      	b.n	10003b8c <_vsnprintf+0x470>
100038f4:	2021      	movs	r0, #33	@ 0x21
100038f6:	4302      	orrs	r2, r0
100038f8:	4691      	mov	r9, r2
100038fa:	a914      	add	r1, sp, #80	@ 0x50
100038fc:	468c      	mov	ip, r1
100038fe:	221f      	movs	r2, #31
10003900:	210f      	movs	r1, #15
10003902:	4462      	add	r2, ip
10003904:	468c      	mov	ip, r1
10003906:	4651      	mov	r1, sl
10003908:	950d      	str	r5, [sp, #52]	@ 0x34
1000390a:	910c      	str	r1, [sp, #48]	@ 0x30
1000390c:	46a2      	mov	sl, r4
1000390e:	0015      	movs	r5, r2
10003910:	990f      	ldr	r1, [sp, #60]	@ 0x3c
10003912:	e002      	b.n	1000391a <_vsnprintf+0x1fe>
10003914:	2920      	cmp	r1, #32
10003916:	d00c      	beq.n	10003932 <_vsnprintf+0x216>
10003918:	0013      	movs	r3, r2
1000391a:	4664      	mov	r4, ip
1000391c:	401c      	ands	r4, r3
1000391e:	0020      	movs	r0, r4
10003920:	3037      	adds	r0, #55	@ 0x37
10003922:	2c09      	cmp	r4, #9
10003924:	d800      	bhi.n	10003928 <_vsnprintf+0x20c>
10003926:	3807      	subs	r0, #7
10003928:	3101      	adds	r1, #1
1000392a:	5468      	strb	r0, [r5, r1]
1000392c:	091a      	lsrs	r2, r3, #4
1000392e:	2b0f      	cmp	r3, #15
10003930:	d8f0      	bhi.n	10003914 <_vsnprintf+0x1f8>
10003932:	9b0c      	ldr	r3, [sp, #48]	@ 0x30
10003934:	4654      	mov	r4, sl
10003936:	9d0d      	ldr	r5, [sp, #52]	@ 0x34
10003938:	469a      	mov	sl, r3
1000393a:	910f      	str	r1, [sp, #60]	@ 0x3c
1000393c:	e133      	b.n	10003ba6 <_vsnprintf+0x48a>
1000393e:	9b0c      	ldr	r3, [sp, #48]	@ 0x30
10003940:	cb02      	ldmia	r3!, {r1}
10003942:	4688      	mov	r8, r1
10003944:	2900      	cmp	r1, #0
10003946:	db47      	blt.n	100039d8 <_vsnprintf+0x2bc>
10003948:	930c      	str	r3, [sp, #48]	@ 0x30
1000394a:	2301      	movs	r3, #1
1000394c:	469c      	mov	ip, r3
1000394e:	7870      	ldrb	r0, [r6, #1]
10003950:	464e      	mov	r6, r9
10003952:	44e1      	add	r9, ip
10003954:	e731      	b.n	100037ba <_vsnprintf+0x9e>
10003956:	9b0c      	ldr	r3, [sp, #48]	@ 0x30
10003958:	cb02      	ldmia	r3!, {r1}
1000395a:	9314      	str	r3, [sp, #80]	@ 0x50
1000395c:	4653      	mov	r3, sl
1000395e:	2b00      	cmp	r3, #0
10003960:	d100      	bne.n	10003964 <_vsnprintf+0x248>
10003962:	e138      	b.n	10003bd6 <_vsnprintf+0x4ba>
10003964:	469c      	mov	ip, r3
10003966:	7808      	ldrb	r0, [r1, #0]
10003968:	000b      	movs	r3, r1
1000396a:	900c      	str	r0, [sp, #48]	@ 0x30
1000396c:	448c      	add	ip, r1
1000396e:	2800      	cmp	r0, #0
10003970:	d101      	bne.n	10003976 <_vsnprintf+0x25a>
10003972:	f000 fc98 	bl	100042a6 <_vsnprintf+0xb8a>
10003976:	4689      	mov	r9, r1
10003978:	4661      	mov	r1, ip
1000397a:	4694      	mov	ip, r2
1000397c:	e003      	b.n	10003986 <_vsnprintf+0x26a>
1000397e:	785a      	ldrb	r2, [r3, #1]
10003980:	3301      	adds	r3, #1
10003982:	2a00      	cmp	r2, #0
10003984:	d001      	beq.n	1000398a <_vsnprintf+0x26e>
10003986:	428b      	cmp	r3, r1
10003988:	d1f9      	bne.n	1000397e <_vsnprintf+0x262>
1000398a:	4649      	mov	r1, r9
1000398c:	4662      	mov	r2, ip
1000398e:	1a5b      	subs	r3, r3, r1
10003990:	900c      	str	r0, [sp, #48]	@ 0x30
10003992:	930f      	str	r3, [sp, #60]	@ 0x3c
10003994:	0553      	lsls	r3, r2, #21
10003996:	d500      	bpl.n	1000399a <_vsnprintf+0x27e>
10003998:	e120      	b.n	10003bdc <_vsnprintf+0x4c0>
1000399a:	2302      	movs	r3, #2
1000399c:	0018      	movs	r0, r3
1000399e:	4010      	ands	r0, r2
100039a0:	900d      	str	r0, [sp, #52]	@ 0x34
100039a2:	4213      	tst	r3, r2
100039a4:	d100      	bne.n	100039a8 <_vsnprintf+0x28c>
100039a6:	e3cb      	b.n	10004140 <_vsnprintf+0xa24>
100039a8:	930d      	str	r3, [sp, #52]	@ 0x34
100039aa:	1b0b      	subs	r3, r1, r4
100039ac:	46b1      	mov	r9, r6
100039ae:	469a      	mov	sl, r3
100039b0:	465e      	mov	r6, fp
100039b2:	980c      	ldr	r0, [sp, #48]	@ 0x30
100039b4:	0022      	movs	r2, r4
100039b6:	003b      	movs	r3, r7
100039b8:	0031      	movs	r1, r6
100039ba:	47a8      	blx	r5
100039bc:	4653      	mov	r3, sl
100039be:	3401      	adds	r4, #1
100039c0:	5d18      	ldrb	r0, [r3, r4]
100039c2:	2800      	cmp	r0, #0
100039c4:	d1f6      	bne.n	100039b4 <_vsnprintf+0x298>
100039c6:	46b3      	mov	fp, r6
100039c8:	464e      	mov	r6, r9
100039ca:	9b0d      	ldr	r3, [sp, #52]	@ 0x34
100039cc:	2b00      	cmp	r3, #0
100039ce:	d000      	beq.n	100039d2 <_vsnprintf+0x2b6>
100039d0:	e1c7      	b.n	10003d62 <_vsnprintf+0x646>
100039d2:	9b14      	ldr	r3, [sp, #80]	@ 0x50
100039d4:	930c      	str	r3, [sp, #48]	@ 0x30
100039d6:	e6c9      	b.n	1000376c <_vsnprintf+0x50>
100039d8:	930c      	str	r3, [sp, #48]	@ 0x30
100039da:	2301      	movs	r3, #1
100039dc:	469c      	mov	ip, r3
100039de:	3828      	subs	r0, #40	@ 0x28
100039e0:	4249      	negs	r1, r1
100039e2:	4302      	orrs	r2, r0
100039e4:	4688      	mov	r8, r1
100039e6:	7870      	ldrb	r0, [r6, #1]
100039e8:	464e      	mov	r6, r9
100039ea:	44e1      	add	r9, ip
100039ec:	e6e5      	b.n	100037ba <_vsnprintf+0x9e>
100039ee:	7870      	ldrb	r0, [r6, #1]
100039f0:	286c      	cmp	r0, #108	@ 0x6c
100039f2:	d100      	bne.n	100039f6 <_vsnprintf+0x2da>
100039f4:	e17f      	b.n	10003cf6 <_vsnprintf+0x5da>
100039f6:	2380      	movs	r3, #128	@ 0x80
100039f8:	005b      	lsls	r3, r3, #1
100039fa:	431a      	orrs	r2, r3
100039fc:	3bff      	subs	r3, #255	@ 0xff
100039fe:	469c      	mov	ip, r3
10003a00:	44e1      	add	r9, ip
10003a02:	e702      	b.n	1000380a <_vsnprintf+0xee>
10003a04:	2380      	movs	r3, #128	@ 0x80
10003a06:	009b      	lsls	r3, r3, #2
10003a08:	431a      	orrs	r2, r3
10003a0a:	2301      	movs	r3, #1
10003a0c:	469c      	mov	ip, r3
10003a0e:	7870      	ldrb	r0, [r6, #1]
10003a10:	44e1      	add	r9, ip
10003a12:	e6fa      	b.n	1000380a <_vsnprintf+0xee>
10003a14:	7870      	ldrb	r0, [r6, #1]
10003a16:	2868      	cmp	r0, #104	@ 0x68
10003a18:	d100      	bne.n	10003a1c <_vsnprintf+0x300>
10003a1a:	e173      	b.n	10003d04 <_vsnprintf+0x5e8>
10003a1c:	2380      	movs	r3, #128	@ 0x80
10003a1e:	431a      	orrs	r2, r3
10003a20:	3b7f      	subs	r3, #127	@ 0x7f
10003a22:	469c      	mov	ip, r3
10003a24:	44e1      	add	r9, ip
10003a26:	e6f0      	b.n	1000380a <_vsnprintf+0xee>
10003a28:	2867      	cmp	r0, #103	@ 0x67
10003a2a:	d100      	bne.n	10003a2e <_vsnprintf+0x312>
10003a2c:	e103      	b.n	10003c36 <_vsnprintf+0x51a>
10003a2e:	2847      	cmp	r0, #71	@ 0x47
10003a30:	d100      	bne.n	10003a34 <_vsnprintf+0x318>
10003a32:	e15a      	b.n	10003cea <_vsnprintf+0x5ce>
10003a34:	2845      	cmp	r0, #69	@ 0x45
10003a36:	d100      	bne.n	10003a3a <_vsnprintf+0x31e>
10003a38:	e15a      	b.n	10003cf0 <_vsnprintf+0x5d4>
10003a3a:	9204      	str	r2, [sp, #16]
10003a3c:	2107      	movs	r1, #7
10003a3e:	4642      	mov	r2, r8
10003a40:	9b0c      	ldr	r3, [sp, #48]	@ 0x30
10003a42:	9203      	str	r2, [sp, #12]
10003a44:	3307      	adds	r3, #7
10003a46:	4652      	mov	r2, sl
10003a48:	438b      	bics	r3, r1
10003a4a:	0019      	movs	r1, r3
10003a4c:	9202      	str	r2, [sp, #8]
10003a4e:	c90c      	ldmia	r1!, {r2, r3}
10003a50:	0028      	movs	r0, r5
10003a52:	9200      	str	r2, [sp, #0]
10003a54:	9301      	str	r3, [sp, #4]
10003a56:	910c      	str	r1, [sp, #48]	@ 0x30
10003a58:	0022      	movs	r2, r4
10003a5a:	003b      	movs	r3, r7
10003a5c:	4659      	mov	r1, fp
10003a5e:	f7ff fb9f 	bl	100031a0 <_etoa>
10003a62:	0004      	movs	r4, r0
10003a64:	e682      	b.n	1000376c <_vsnprintf+0x50>
10003a66:	46c0      	nop			@ (mov r8, r8)
10003a68:	1000371d 	.word	0x1000371d
10003a6c:	20001e64 	.word	0x20001e64
10003a70:	10007a28 	.word	0x10007a28
10003a74:	10007a6c 	.word	0x10007a6c
10003a78:	10007ab8 	.word	0x10007ab8
10003a7c:	00009041 	.word	0x00009041
10003a80:	2846      	cmp	r0, #70	@ 0x46
10003a82:	d100      	bne.n	10003a86 <_vsnprintf+0x36a>
10003a84:	e0db      	b.n	10003c3e <_vsnprintf+0x522>
10003a86:	9204      	str	r2, [sp, #16]
10003a88:	2107      	movs	r1, #7
10003a8a:	4642      	mov	r2, r8
10003a8c:	9b0c      	ldr	r3, [sp, #48]	@ 0x30
10003a8e:	9203      	str	r2, [sp, #12]
10003a90:	3307      	adds	r3, #7
10003a92:	4652      	mov	r2, sl
10003a94:	438b      	bics	r3, r1
10003a96:	0019      	movs	r1, r3
10003a98:	9202      	str	r2, [sp, #8]
10003a9a:	c90c      	ldmia	r1!, {r2, r3}
10003a9c:	0028      	movs	r0, r5
10003a9e:	9200      	str	r2, [sp, #0]
10003aa0:	9301      	str	r3, [sp, #4]
10003aa2:	910c      	str	r1, [sp, #48]	@ 0x30
10003aa4:	0022      	movs	r2, r4
10003aa6:	003b      	movs	r3, r7
10003aa8:	4659      	mov	r1, fp
10003aaa:	f7ff f925 	bl	10002cf8 <_ftoa>
10003aae:	0004      	movs	r4, r0
10003ab0:	e65c      	b.n	1000376c <_vsnprintf+0x50>
10003ab2:	1c63      	adds	r3, r4, #1
10003ab4:	4698      	mov	r8, r3
10003ab6:	0022      	movs	r2, r4
10003ab8:	003b      	movs	r3, r7
10003aba:	4659      	mov	r1, fp
10003abc:	2025      	movs	r0, #37	@ 0x25
10003abe:	47a8      	blx	r5
10003ac0:	4644      	mov	r4, r8
10003ac2:	e653      	b.n	1000376c <_vsnprintf+0x50>
10003ac4:	9b0c      	ldr	r3, [sp, #48]	@ 0x30
10003ac6:	3304      	adds	r3, #4
10003ac8:	930d      	str	r3, [sp, #52]	@ 0x34
10003aca:	1c63      	adds	r3, r4, #1
10003acc:	4699      	mov	r9, r3
10003ace:	0792      	lsls	r2, r2, #30
10003ad0:	d400      	bmi.n	10003ad4 <_vsnprintf+0x3b8>
10003ad2:	e122      	b.n	10003d1a <_vsnprintf+0x5fe>
10003ad4:	9b0c      	ldr	r3, [sp, #48]	@ 0x30
10003ad6:	0022      	movs	r2, r4
10003ad8:	7818      	ldrb	r0, [r3, #0]
10003ada:	4659      	mov	r1, fp
10003adc:	003b      	movs	r3, r7
10003ade:	47a8      	blx	r5
10003ae0:	4643      	mov	r3, r8
10003ae2:	4444      	add	r4, r8
10003ae4:	2b01      	cmp	r3, #1
10003ae6:	d800      	bhi.n	10003aea <_vsnprintf+0x3ce>
10003ae8:	e285      	b.n	10003ff6 <_vsnprintf+0x8da>
10003aea:	0033      	movs	r3, r6
10003aec:	46b8      	mov	r8, r7
10003aee:	002e      	movs	r6, r5
10003af0:	465f      	mov	r7, fp
10003af2:	0025      	movs	r5, r4
10003af4:	464c      	mov	r4, r9
10003af6:	4699      	mov	r9, r3
10003af8:	0022      	movs	r2, r4
10003afa:	4643      	mov	r3, r8
10003afc:	3401      	adds	r4, #1
10003afe:	0039      	movs	r1, r7
10003b00:	2020      	movs	r0, #32
10003b02:	47b0      	blx	r6
10003b04:	42ac      	cmp	r4, r5
10003b06:	d1f7      	bne.n	10003af8 <_vsnprintf+0x3dc>
10003b08:	002c      	movs	r4, r5
10003b0a:	46bb      	mov	fp, r7
10003b0c:	0035      	movs	r5, r6
10003b0e:	4647      	mov	r7, r8
10003b10:	464e      	mov	r6, r9
10003b12:	9b0d      	ldr	r3, [sp, #52]	@ 0x34
10003b14:	930c      	str	r3, [sp, #48]	@ 0x30
10003b16:	e629      	b.n	1000376c <_vsnprintf+0x50>
10003b18:	4bdb      	ldr	r3, [pc, #876]	@ (10003e88 <_vsnprintf+0x76c>)
10003b1a:	7830      	ldrb	r0, [r6, #0]
10003b1c:	4698      	mov	r8, r3
10003b1e:	2300      	movs	r3, #0
10003b20:	4699      	mov	r9, r3
10003b22:	2800      	cmp	r0, #0
10003b24:	d000      	beq.n	10003b28 <_vsnprintf+0x40c>
10003b26:	e612      	b.n	1000374e <_vsnprintf+0x32>
10003b28:	2400      	movs	r4, #0
10003b2a:	e6ae      	b.n	1000388a <_vsnprintf+0x16e>
10003b2c:	286f      	cmp	r0, #111	@ 0x6f
10003b2e:	d100      	bne.n	10003b32 <_vsnprintf+0x416>
10003b30:	e088      	b.n	10003c44 <_vsnprintf+0x528>
10003b32:	d800      	bhi.n	10003b36 <_vsnprintf+0x41a>
10003b34:	e30b      	b.n	1000414e <_vsnprintf+0xa32>
10003b36:	2310      	movs	r3, #16
10003b38:	2878      	cmp	r0, #120	@ 0x78
10003b3a:	d100      	bne.n	10003b3e <_vsnprintf+0x422>
10003b3c:	e0cf      	b.n	10003cde <_vsnprintf+0x5c2>
10003b3e:	439a      	bics	r2, r3
10003b40:	230a      	movs	r3, #10
10003b42:	469c      	mov	ip, r3
10003b44:	2300      	movs	r3, #0
10003b46:	930f      	str	r3, [sp, #60]	@ 0x3c
10003b48:	330a      	adds	r3, #10
10003b4a:	930d      	str	r3, [sp, #52]	@ 0x34
10003b4c:	e080      	b.n	10003c50 <_vsnprintf+0x534>
10003b4e:	4656      	mov	r6, sl
10003b50:	00b1      	lsls	r1, r6, #2
10003b52:	1989      	adds	r1, r1, r6
10003b54:	0049      	lsls	r1, r1, #1
10003b56:	3301      	adds	r3, #1
10003b58:	180e      	adds	r6, r1, r0
10003b5a:	7818      	ldrb	r0, [r3, #0]
10003b5c:	3e30      	subs	r6, #48	@ 0x30
10003b5e:	0001      	movs	r1, r0
10003b60:	3930      	subs	r1, #48	@ 0x30
10003b62:	2909      	cmp	r1, #9
10003b64:	d9f4      	bls.n	10003b50 <_vsnprintf+0x434>
10003b66:	46b2      	mov	sl, r6
10003b68:	001e      	movs	r6, r3
10003b6a:	3301      	adds	r3, #1
10003b6c:	4699      	mov	r9, r3
10003b6e:	e628      	b.n	100037c2 <_vsnprintf+0xa6>
10003b70:	9b0c      	ldr	r3, [sp, #48]	@ 0x30
10003b72:	3602      	adds	r6, #2
10003b74:	cb02      	ldmia	r3!, {r1}
10003b76:	468a      	mov	sl, r1
10003b78:	43c9      	mvns	r1, r1
10003b7a:	4650      	mov	r0, sl
10003b7c:	17c9      	asrs	r1, r1, #31
10003b7e:	4008      	ands	r0, r1
10003b80:	4682      	mov	sl, r0
10003b82:	930c      	str	r3, [sp, #48]	@ 0x30
10003b84:	7830      	ldrb	r0, [r6, #0]
10003b86:	1c73      	adds	r3, r6, #1
10003b88:	4699      	mov	r9, r3
10003b8a:	e61a      	b.n	100037c2 <_vsnprintf+0xa6>
10003b8c:	2310      	movs	r3, #16
10003b8e:	0010      	movs	r0, r2
10003b90:	4398      	bics	r0, r3
10003b92:	3311      	adds	r3, #17
10003b94:	4318      	orrs	r0, r3
10003b96:	4681      	mov	r9, r0
10003b98:	2080      	movs	r0, #128	@ 0x80
10003b9a:	0013      	movs	r3, r2
10003b9c:	00c0      	lsls	r0, r0, #3
10003b9e:	4003      	ands	r3, r0
10003ba0:	4202      	tst	r2, r0
10003ba2:	d100      	bne.n	10003ba6 <_vsnprintf+0x48a>
10003ba4:	e6a9      	b.n	100038fa <_vsnprintf+0x1de>
10003ba6:	464b      	mov	r3, r9
10003ba8:	9306      	str	r3, [sp, #24]
10003baa:	2308      	movs	r3, #8
10003bac:	9305      	str	r3, [sp, #20]
10003bae:	4653      	mov	r3, sl
10003bb0:	9304      	str	r3, [sp, #16]
10003bb2:	2310      	movs	r3, #16
10003bb4:	9303      	str	r3, [sp, #12]
10003bb6:	2300      	movs	r3, #0
10003bb8:	9302      	str	r3, [sp, #8]
10003bba:	9b0f      	ldr	r3, [sp, #60]	@ 0x3c
10003bbc:	0022      	movs	r2, r4
10003bbe:	9301      	str	r3, [sp, #4]
10003bc0:	ab1c      	add	r3, sp, #112	@ 0x70
10003bc2:	9300      	str	r3, [sp, #0]
10003bc4:	4659      	mov	r1, fp
10003bc6:	003b      	movs	r3, r7
10003bc8:	0028      	movs	r0, r5
10003bca:	f7fe ff9f 	bl	10002b0c <_ntoa_format>
10003bce:	4643      	mov	r3, r8
10003bd0:	0004      	movs	r4, r0
10003bd2:	930c      	str	r3, [sp, #48]	@ 0x30
10003bd4:	e5ca      	b.n	1000376c <_vsnprintf+0x50>
10003bd6:	2301      	movs	r3, #1
10003bd8:	425b      	negs	r3, r3
10003bda:	e6c3      	b.n	10003964 <_vsnprintf+0x248>
10003bdc:	9b0f      	ldr	r3, [sp, #60]	@ 0x3c
10003bde:	4553      	cmp	r3, sl
10003be0:	d901      	bls.n	10003be6 <_vsnprintf+0x4ca>
10003be2:	4653      	mov	r3, sl
10003be4:	930f      	str	r3, [sp, #60]	@ 0x3c
10003be6:	2302      	movs	r3, #2
10003be8:	0018      	movs	r0, r3
10003bea:	4010      	ands	r0, r2
10003bec:	900d      	str	r0, [sp, #52]	@ 0x34
10003bee:	4213      	tst	r3, r2
10003bf0:	d100      	bne.n	10003bf4 <_vsnprintf+0x4d8>
10003bf2:	e1b7      	b.n	10003f64 <_vsnprintf+0x848>
10003bf4:	930d      	str	r3, [sp, #52]	@ 0x34
10003bf6:	46d1      	mov	r9, sl
10003bf8:	1b0b      	subs	r3, r1, r4
10003bfa:	469a      	mov	sl, r3
10003bfc:	0033      	movs	r3, r6
10003bfe:	44a1      	add	r9, r4
10003c00:	002e      	movs	r6, r5
10003c02:	0022      	movs	r2, r4
10003c04:	464d      	mov	r5, r9
10003c06:	980c      	ldr	r0, [sp, #48]	@ 0x30
10003c08:	46b9      	mov	r9, r7
10003c0a:	465f      	mov	r7, fp
10003c0c:	469b      	mov	fp, r3
10003c0e:	e008      	b.n	10003c22 <_vsnprintf+0x506>
10003c10:	464b      	mov	r3, r9
10003c12:	0039      	movs	r1, r7
10003c14:	1c54      	adds	r4, r2, #1
10003c16:	47b0      	blx	r6
10003c18:	4653      	mov	r3, sl
10003c1a:	5d18      	ldrb	r0, [r3, r4]
10003c1c:	2800      	cmp	r0, #0
10003c1e:	d077      	beq.n	10003d10 <_vsnprintf+0x5f4>
10003c20:	0022      	movs	r2, r4
10003c22:	4295      	cmp	r5, r2
10003c24:	d1f4      	bne.n	10003c10 <_vsnprintf+0x4f4>
10003c26:	465b      	mov	r3, fp
10003c28:	46bb      	mov	fp, r7
10003c2a:	464f      	mov	r7, r9
10003c2c:	46a9      	mov	r9, r5
10003c2e:	0035      	movs	r5, r6
10003c30:	464c      	mov	r4, r9
10003c32:	001e      	movs	r6, r3
10003c34:	e6c9      	b.n	100039ca <_vsnprintf+0x2ae>
10003c36:	2380      	movs	r3, #128	@ 0x80
10003c38:	011b      	lsls	r3, r3, #4
10003c3a:	431a      	orrs	r2, r3
10003c3c:	e6fd      	b.n	10003a3a <_vsnprintf+0x31e>
10003c3e:	2320      	movs	r3, #32
10003c40:	431a      	orrs	r2, r3
10003c42:	e720      	b.n	10003a86 <_vsnprintf+0x36a>
10003c44:	2308      	movs	r3, #8
10003c46:	469c      	mov	ip, r3
10003c48:	2300      	movs	r3, #0
10003c4a:	930f      	str	r3, [sp, #60]	@ 0x3c
10003c4c:	3308      	adds	r3, #8
10003c4e:	930d      	str	r3, [sp, #52]	@ 0x34
10003c50:	2380      	movs	r3, #128	@ 0x80
10003c52:	0011      	movs	r1, r2
10003c54:	00db      	lsls	r3, r3, #3
10003c56:	4019      	ands	r1, r3
10003c58:	421a      	tst	r2, r3
10003c5a:	d100      	bne.n	10003c5e <_vsnprintf+0x542>
10003c5c:	e116      	b.n	10003e8c <_vsnprintf+0x770>
10003c5e:	230d      	movs	r3, #13
10003c60:	439a      	bics	r2, r3
10003c62:	0010      	movs	r0, r2
10003c64:	2380      	movs	r3, #128	@ 0x80
10003c66:	0002      	movs	r2, r0
10003c68:	009b      	lsls	r3, r3, #2
10003c6a:	401a      	ands	r2, r3
10003c6c:	9214      	str	r2, [sp, #80]	@ 0x50
10003c6e:	4218      	tst	r0, r3
10003c70:	d000      	beq.n	10003c74 <_vsnprintf+0x558>
10003c72:	e1c2      	b.n	10003ffa <_vsnprintf+0x8de>
10003c74:	2380      	movs	r3, #128	@ 0x80
10003c76:	0002      	movs	r2, r0
10003c78:	005b      	lsls	r3, r3, #1
10003c7a:	401a      	ands	r2, r3
10003c7c:	4691      	mov	r9, r2
10003c7e:	9a0c      	ldr	r2, [sp, #48]	@ 0x30
10003c80:	3204      	adds	r2, #4
10003c82:	920f      	str	r2, [sp, #60]	@ 0x3c
10003c84:	4218      	tst	r0, r3
10003c86:	d000      	beq.n	10003c8a <_vsnprintf+0x56e>
10003c88:	e2b7      	b.n	100041fa <_vsnprintf+0xade>
10003c8a:	0643      	lsls	r3, r0, #25
10003c8c:	d500      	bpl.n	10003c90 <_vsnprintf+0x574>
10003c8e:	e19f      	b.n	10003fd0 <_vsnprintf+0x8b4>
10003c90:	0603      	lsls	r3, r0, #24
10003c92:	d400      	bmi.n	10003c96 <_vsnprintf+0x57a>
10003c94:	e319      	b.n	100042ca <_vsnprintf+0xbae>
10003c96:	9b0c      	ldr	r3, [sp, #48]	@ 0x30
10003c98:	881b      	ldrh	r3, [r3, #0]
10003c9a:	9309      	str	r3, [sp, #36]	@ 0x24
10003c9c:	2b00      	cmp	r3, #0
10003c9e:	d000      	beq.n	10003ca2 <_vsnprintf+0x586>
10003ca0:	e1fc      	b.n	1000409c <_vsnprintf+0x980>
10003ca2:	3310      	adds	r3, #16
10003ca4:	4398      	bics	r0, r3
10003ca6:	2900      	cmp	r1, #0
10003ca8:	d100      	bne.n	10003cac <_vsnprintf+0x590>
10003caa:	e1f7      	b.n	1000409c <_vsnprintf+0x980>
10003cac:	2300      	movs	r3, #0
10003cae:	4699      	mov	r9, r3
10003cb0:	4643      	mov	r3, r8
10003cb2:	9305      	str	r3, [sp, #20]
10003cb4:	4653      	mov	r3, sl
10003cb6:	9304      	str	r3, [sp, #16]
10003cb8:	9b0d      	ldr	r3, [sp, #52]	@ 0x34
10003cba:	9006      	str	r0, [sp, #24]
10003cbc:	9303      	str	r3, [sp, #12]
10003cbe:	2300      	movs	r3, #0
10003cc0:	e0d2      	b.n	10003e68 <_vsnprintf+0x74c>
10003cc2:	2858      	cmp	r0, #88	@ 0x58
10003cc4:	d008      	beq.n	10003cd8 <_vsnprintf+0x5bc>
10003cc6:	2862      	cmp	r0, #98	@ 0x62
10003cc8:	d167      	bne.n	10003d9a <_vsnprintf+0x67e>
10003cca:	2302      	movs	r3, #2
10003ccc:	469c      	mov	ip, r3
10003cce:	2300      	movs	r3, #0
10003cd0:	930f      	str	r3, [sp, #60]	@ 0x3c
10003cd2:	3302      	adds	r3, #2
10003cd4:	930d      	str	r3, [sp, #52]	@ 0x34
10003cd6:	e7bb      	b.n	10003c50 <_vsnprintf+0x534>
10003cd8:	2320      	movs	r3, #32
10003cda:	431a      	orrs	r2, r3
10003cdc:	3b10      	subs	r3, #16
10003cde:	469c      	mov	ip, r3
10003ce0:	2300      	movs	r3, #0
10003ce2:	930f      	str	r3, [sp, #60]	@ 0x3c
10003ce4:	3310      	adds	r3, #16
10003ce6:	930d      	str	r3, [sp, #52]	@ 0x34
10003ce8:	e7b2      	b.n	10003c50 <_vsnprintf+0x534>
10003cea:	2380      	movs	r3, #128	@ 0x80
10003cec:	011b      	lsls	r3, r3, #4
10003cee:	431a      	orrs	r2, r3
10003cf0:	2320      	movs	r3, #32
10003cf2:	431a      	orrs	r2, r3
10003cf4:	e6a1      	b.n	10003a3a <_vsnprintf+0x31e>
10003cf6:	23c0      	movs	r3, #192	@ 0xc0
10003cf8:	009b      	lsls	r3, r3, #2
10003cfa:	431a      	orrs	r2, r3
10003cfc:	1cf3      	adds	r3, r6, #3
10003cfe:	4699      	mov	r9, r3
10003d00:	78b0      	ldrb	r0, [r6, #2]
10003d02:	e582      	b.n	1000380a <_vsnprintf+0xee>
10003d04:	23c0      	movs	r3, #192	@ 0xc0
10003d06:	431a      	orrs	r2, r3
10003d08:	1cf3      	adds	r3, r6, #3
10003d0a:	4699      	mov	r9, r3
10003d0c:	78b0      	ldrb	r0, [r6, #2]
10003d0e:	e57c      	b.n	1000380a <_vsnprintf+0xee>
10003d10:	0035      	movs	r5, r6
10003d12:	465e      	mov	r6, fp
10003d14:	46bb      	mov	fp, r7
10003d16:	464f      	mov	r7, r9
10003d18:	e657      	b.n	100039ca <_vsnprintf+0x2ae>
10003d1a:	4643      	mov	r3, r8
10003d1c:	2b01      	cmp	r3, #1
10003d1e:	d800      	bhi.n	10003d22 <_vsnprintf+0x606>
10003d20:	e163      	b.n	10003fea <_vsnprintf+0x8ce>
10003d22:	1e63      	subs	r3, r4, #1
10003d24:	4443      	add	r3, r8
10003d26:	469a      	mov	sl, r3
10003d28:	0033      	movs	r3, r6
10003d2a:	46b9      	mov	r9, r7
10003d2c:	002e      	movs	r6, r5
10003d2e:	465f      	mov	r7, fp
10003d30:	4655      	mov	r5, sl
10003d32:	469b      	mov	fp, r3
10003d34:	46a2      	mov	sl, r4
10003d36:	0022      	movs	r2, r4
10003d38:	464b      	mov	r3, r9
10003d3a:	3401      	adds	r4, #1
10003d3c:	0039      	movs	r1, r7
10003d3e:	2020      	movs	r0, #32
10003d40:	47b0      	blx	r6
10003d42:	42ac      	cmp	r4, r5
10003d44:	d1f7      	bne.n	10003d36 <_vsnprintf+0x61a>
10003d46:	0035      	movs	r5, r6
10003d48:	465e      	mov	r6, fp
10003d4a:	46bb      	mov	fp, r7
10003d4c:	464f      	mov	r7, r9
10003d4e:	46a1      	mov	r9, r4
10003d50:	4654      	mov	r4, sl
10003d52:	9b0c      	ldr	r3, [sp, #48]	@ 0x30
10003d54:	464a      	mov	r2, r9
10003d56:	7818      	ldrb	r0, [r3, #0]
10003d58:	4659      	mov	r1, fp
10003d5a:	003b      	movs	r3, r7
10003d5c:	4444      	add	r4, r8
10003d5e:	47a8      	blx	r5
10003d60:	e6d7      	b.n	10003b12 <_vsnprintf+0x3f6>
10003d62:	46a1      	mov	r9, r4
10003d64:	9b0f      	ldr	r3, [sp, #60]	@ 0x3c
10003d66:	4598      	cmp	r8, r3
10003d68:	d800      	bhi.n	10003d6c <_vsnprintf+0x650>
10003d6a:	e632      	b.n	100039d2 <_vsnprintf+0x2b6>
10003d6c:	4444      	add	r4, r8
10003d6e:	1ae4      	subs	r4, r4, r3
10003d70:	0033      	movs	r3, r6
10003d72:	46b8      	mov	r8, r7
10003d74:	002e      	movs	r6, r5
10003d76:	465f      	mov	r7, fp
10003d78:	0025      	movs	r5, r4
10003d7a:	464c      	mov	r4, r9
10003d7c:	4699      	mov	r9, r3
10003d7e:	0022      	movs	r2, r4
10003d80:	4643      	mov	r3, r8
10003d82:	3401      	adds	r4, #1
10003d84:	0039      	movs	r1, r7
10003d86:	2020      	movs	r0, #32
10003d88:	47b0      	blx	r6
10003d8a:	42ac      	cmp	r4, r5
10003d8c:	d1f7      	bne.n	10003d7e <_vsnprintf+0x662>
10003d8e:	002c      	movs	r4, r5
10003d90:	46bb      	mov	fp, r7
10003d92:	0035      	movs	r5, r6
10003d94:	4647      	mov	r7, r8
10003d96:	464e      	mov	r6, r9
10003d98:	e61b      	b.n	100039d2 <_vsnprintf+0x2b6>
10003d9a:	2380      	movs	r3, #128	@ 0x80
10003d9c:	0010      	movs	r0, r2
10003d9e:	00db      	lsls	r3, r3, #3
10003da0:	4018      	ands	r0, r3
10003da2:	421a      	tst	r2, r3
10003da4:	d100      	bne.n	10003da8 <_vsnprintf+0x68c>
10003da6:	e10f      	b.n	10003fc8 <_vsnprintf+0x8ac>
10003da8:	2111      	movs	r1, #17
10003daa:	0018      	movs	r0, r3
10003dac:	438a      	bics	r2, r1
10003dae:	920d      	str	r2, [sp, #52]	@ 0x34
10003db0:	9a0d      	ldr	r2, [sp, #52]	@ 0x34
10003db2:	2380      	movs	r3, #128	@ 0x80
10003db4:	0011      	movs	r1, r2
10003db6:	009b      	lsls	r3, r3, #2
10003db8:	4019      	ands	r1, r3
10003dba:	468c      	mov	ip, r1
10003dbc:	421a      	tst	r2, r3
10003dbe:	d169      	bne.n	10003e94 <_vsnprintf+0x778>
10003dc0:	2380      	movs	r3, #128	@ 0x80
10003dc2:	0011      	movs	r1, r2
10003dc4:	005b      	lsls	r3, r3, #1
10003dc6:	4019      	ands	r1, r3
10003dc8:	4689      	mov	r9, r1
10003dca:	990c      	ldr	r1, [sp, #48]	@ 0x30
10003dcc:	3104      	adds	r1, #4
10003dce:	910f      	str	r1, [sp, #60]	@ 0x3c
10003dd0:	421a      	tst	r2, r3
10003dd2:	d000      	beq.n	10003dd6 <_vsnprintf+0x6ba>
10003dd4:	e1ca      	b.n	1000416c <_vsnprintf+0xa50>
10003dd6:	0013      	movs	r3, r2
10003dd8:	065b      	lsls	r3, r3, #25
10003dda:	d500      	bpl.n	10003dde <_vsnprintf+0x6c2>
10003ddc:	e0f0      	b.n	10003fc0 <_vsnprintf+0x8a4>
10003dde:	0013      	movs	r3, r2
10003de0:	061b      	lsls	r3, r3, #24
10003de2:	d400      	bmi.n	10003de6 <_vsnprintf+0x6ca>
10003de4:	e259      	b.n	1000429a <_vsnprintf+0xb7e>
10003de6:	9b0c      	ldr	r3, [sp, #48]	@ 0x30
10003de8:	2200      	movs	r2, #0
10003dea:	5e9b      	ldrsh	r3, [r3, r2]
10003dec:	17d9      	asrs	r1, r3, #31
10003dee:	185a      	adds	r2, r3, r1
10003df0:	404a      	eors	r2, r1
10003df2:	b292      	uxth	r2, r2
10003df4:	0fd9      	lsrs	r1, r3, #31
10003df6:	910c      	str	r1, [sp, #48]	@ 0x30
10003df8:	2b00      	cmp	r3, #0
10003dfa:	d100      	bne.n	10003dfe <_vsnprintf+0x6e2>
10003dfc:	e1f9      	b.n	100041f2 <_vsnprintf+0xad6>
10003dfe:	0010      	movs	r0, r2
10003e00:	aa14      	add	r2, sp, #80	@ 0x50
10003e02:	4694      	mov	ip, r2
10003e04:	4642      	mov	r2, r8
10003e06:	231f      	movs	r3, #31
10003e08:	9214      	str	r2, [sp, #80]	@ 0x50
10003e0a:	4652      	mov	r2, sl
10003e0c:	4463      	add	r3, ip
10003e0e:	46a8      	mov	r8, r5
10003e10:	9416      	str	r4, [sp, #88]	@ 0x58
10003e12:	464d      	mov	r5, r9
10003e14:	0004      	movs	r4, r0
10003e16:	46b9      	mov	r9, r7
10003e18:	46b2      	mov	sl, r6
10003e1a:	001f      	movs	r7, r3
10003e1c:	9215      	str	r2, [sp, #84]	@ 0x54
10003e1e:	e001      	b.n	10003e24 <_vsnprintf+0x708>
10003e20:	2d20      	cmp	r5, #32
10003e22:	d00f      	beq.n	10003e44 <_vsnprintf+0x728>
10003e24:	0020      	movs	r0, r4
10003e26:	210a      	movs	r1, #10
10003e28:	f7fe f9bc 	bl	100021a4 <__wrap___aeabi_uidiv>
10003e2c:	3501      	adds	r5, #1
10003e2e:	197e      	adds	r6, r7, r5
10003e30:	3130      	adds	r1, #48	@ 0x30
10003e32:	7031      	strb	r1, [r6, #0]
10003e34:	0020      	movs	r0, r4
10003e36:	210a      	movs	r1, #10
10003e38:	f7fe f9b4 	bl	100021a4 <__wrap___aeabi_uidiv>
10003e3c:	0026      	movs	r6, r4
10003e3e:	0004      	movs	r4, r0
10003e40:	2e09      	cmp	r6, #9
10003e42:	d8ed      	bhi.n	10003e20 <_vsnprintf+0x704>
10003e44:	9b14      	ldr	r3, [sp, #80]	@ 0x50
10003e46:	464f      	mov	r7, r9
10003e48:	46a9      	mov	r9, r5
10003e4a:	4645      	mov	r5, r8
10003e4c:	4698      	mov	r8, r3
10003e4e:	9b15      	ldr	r3, [sp, #84]	@ 0x54
10003e50:	4656      	mov	r6, sl
10003e52:	469a      	mov	sl, r3
10003e54:	9c16      	ldr	r4, [sp, #88]	@ 0x58
10003e56:	9b0d      	ldr	r3, [sp, #52]	@ 0x34
10003e58:	9306      	str	r3, [sp, #24]
10003e5a:	4643      	mov	r3, r8
10003e5c:	9305      	str	r3, [sp, #20]
10003e5e:	4653      	mov	r3, sl
10003e60:	9304      	str	r3, [sp, #16]
10003e62:	230a      	movs	r3, #10
10003e64:	9303      	str	r3, [sp, #12]
10003e66:	9b0c      	ldr	r3, [sp, #48]	@ 0x30
10003e68:	9302      	str	r3, [sp, #8]
10003e6a:	464b      	mov	r3, r9
10003e6c:	9301      	str	r3, [sp, #4]
10003e6e:	ab1c      	add	r3, sp, #112	@ 0x70
10003e70:	0022      	movs	r2, r4
10003e72:	9300      	str	r3, [sp, #0]
10003e74:	4659      	mov	r1, fp
10003e76:	003b      	movs	r3, r7
10003e78:	0028      	movs	r0, r5
10003e7a:	f7fe fe47 	bl	10002b0c <_ntoa_format>
10003e7e:	9b0f      	ldr	r3, [sp, #60]	@ 0x3c
10003e80:	0004      	movs	r4, r0
10003e82:	930c      	str	r3, [sp, #48]	@ 0x30
10003e84:	e472      	b.n	1000376c <_vsnprintf+0x50>
10003e86:	46c0      	nop			@ (mov r8, r8)
10003e88:	10002a5d 	.word	0x10002a5d
10003e8c:	230c      	movs	r3, #12
10003e8e:	439a      	bics	r2, r3
10003e90:	0010      	movs	r0, r2
10003e92:	e6e7      	b.n	10003c64 <_vsnprintf+0x548>
10003e94:	2207      	movs	r2, #7
10003e96:	9b0c      	ldr	r3, [sp, #48]	@ 0x30
10003e98:	3307      	adds	r3, #7
10003e9a:	4393      	bics	r3, r2
10003e9c:	3201      	adds	r2, #1
10003e9e:	4694      	mov	ip, r2
10003ea0:	449c      	add	ip, r3
10003ea2:	4662      	mov	r2, ip
10003ea4:	920c      	str	r2, [sp, #48]	@ 0x30
10003ea6:	cb0c      	ldmia	r3, {r2, r3}
10003ea8:	0fd9      	lsrs	r1, r3, #31
10003eaa:	910f      	str	r1, [sp, #60]	@ 0x3c
10003eac:	0011      	movs	r1, r2
10003eae:	4319      	orrs	r1, r3
10003eb0:	d100      	bne.n	10003eb4 <_vsnprintf+0x798>
10003eb2:	e091      	b.n	10003fd8 <_vsnprintf+0x8bc>
10003eb4:	17d9      	asrs	r1, r3, #31
10003eb6:	9113      	str	r1, [sp, #76]	@ 0x4c
10003eb8:	9112      	str	r1, [sp, #72]	@ 0x48
10003eba:	4051      	eors	r1, r2
10003ebc:	9110      	str	r1, [sp, #64]	@ 0x40
10003ebe:	9913      	ldr	r1, [sp, #76]	@ 0x4c
10003ec0:	4059      	eors	r1, r3
10003ec2:	9111      	str	r1, [sp, #68]	@ 0x44
10003ec4:	9810      	ldr	r0, [sp, #64]	@ 0x40
10003ec6:	9911      	ldr	r1, [sp, #68]	@ 0x44
10003ec8:	9a12      	ldr	r2, [sp, #72]	@ 0x48
10003eca:	9b13      	ldr	r3, [sp, #76]	@ 0x4c
10003ecc:	1a80      	subs	r0, r0, r2
10003ece:	4199      	sbcs	r1, r3
10003ed0:	9010      	str	r0, [sp, #64]	@ 0x40
10003ed2:	9111      	str	r1, [sp, #68]	@ 0x44
10003ed4:	aa14      	add	r2, sp, #80	@ 0x50
10003ed6:	2300      	movs	r3, #0
10003ed8:	4694      	mov	ip, r2
10003eda:	4642      	mov	r2, r8
10003edc:	4699      	mov	r9, r3
10003ede:	9214      	str	r2, [sp, #80]	@ 0x50
10003ee0:	4652      	mov	r2, sl
10003ee2:	331f      	adds	r3, #31
10003ee4:	4463      	add	r3, ip
10003ee6:	46a8      	mov	r8, r5
10003ee8:	46b2      	mov	sl, r6
10003eea:	9416      	str	r4, [sp, #88]	@ 0x58
10003eec:	464e      	mov	r6, r9
10003eee:	9c10      	ldr	r4, [sp, #64]	@ 0x40
10003ef0:	9d11      	ldr	r5, [sp, #68]	@ 0x44
10003ef2:	46b9      	mov	r9, r7
10003ef4:	9215      	str	r2, [sp, #84]	@ 0x54
10003ef6:	001f      	movs	r7, r3
10003ef8:	e001      	b.n	10003efe <_vsnprintf+0x7e2>
10003efa:	2e20      	cmp	r6, #32
10003efc:	d010      	beq.n	10003f20 <_vsnprintf+0x804>
10003efe:	0020      	movs	r0, r4
10003f00:	0029      	movs	r1, r5
10003f02:	220a      	movs	r2, #10
10003f04:	2300      	movs	r3, #0
10003f06:	f7fe f98b 	bl	10002220 <__wrap___aeabi_uldivmod>
10003f0a:	3601      	adds	r6, #1
10003f0c:	3230      	adds	r2, #48	@ 0x30
10003f0e:	002b      	movs	r3, r5
10003f10:	55ba      	strb	r2, [r7, r6]
10003f12:	000d      	movs	r5, r1
10003f14:	0022      	movs	r2, r4
10003f16:	0004      	movs	r4, r0
10003f18:	2b00      	cmp	r3, #0
10003f1a:	d1ee      	bne.n	10003efa <_vsnprintf+0x7de>
10003f1c:	2a09      	cmp	r2, #9
10003f1e:	d8ec      	bhi.n	10003efa <_vsnprintf+0x7de>
10003f20:	9b14      	ldr	r3, [sp, #80]	@ 0x50
10003f22:	9410      	str	r4, [sp, #64]	@ 0x40
10003f24:	9511      	str	r5, [sp, #68]	@ 0x44
10003f26:	4645      	mov	r5, r8
10003f28:	4698      	mov	r8, r3
10003f2a:	9b15      	ldr	r3, [sp, #84]	@ 0x54
10003f2c:	464f      	mov	r7, r9
10003f2e:	46b1      	mov	r9, r6
10003f30:	4656      	mov	r6, sl
10003f32:	469a      	mov	sl, r3
10003f34:	9c16      	ldr	r4, [sp, #88]	@ 0x58
10003f36:	9b0d      	ldr	r3, [sp, #52]	@ 0x34
10003f38:	9306      	str	r3, [sp, #24]
10003f3a:	4643      	mov	r3, r8
10003f3c:	9305      	str	r3, [sp, #20]
10003f3e:	4653      	mov	r3, sl
10003f40:	9304      	str	r3, [sp, #16]
10003f42:	230a      	movs	r3, #10
10003f44:	9303      	str	r3, [sp, #12]
10003f46:	9b0f      	ldr	r3, [sp, #60]	@ 0x3c
10003f48:	9302      	str	r3, [sp, #8]
10003f4a:	464b      	mov	r3, r9
10003f4c:	9301      	str	r3, [sp, #4]
10003f4e:	ab1c      	add	r3, sp, #112	@ 0x70
10003f50:	0022      	movs	r2, r4
10003f52:	9300      	str	r3, [sp, #0]
10003f54:	4659      	mov	r1, fp
10003f56:	003b      	movs	r3, r7
10003f58:	0028      	movs	r0, r5
10003f5a:	f7fe fdd7 	bl	10002b0c <_ntoa_format>
10003f5e:	0004      	movs	r4, r0
10003f60:	f7ff fc04 	bl	1000376c <_vsnprintf+0x50>
10003f64:	9b0f      	ldr	r3, [sp, #60]	@ 0x3c
10003f66:	4598      	cmp	r8, r3
10003f68:	d800      	bhi.n	10003f6c <_vsnprintf+0x850>
10003f6a:	e1c1      	b.n	100042f0 <_vsnprintf+0xbd4>
10003f6c:	2380      	movs	r3, #128	@ 0x80
10003f6e:	00db      	lsls	r3, r3, #3
10003f70:	930d      	str	r3, [sp, #52]	@ 0x34
10003f72:	4643      	mov	r3, r8
10003f74:	9a0f      	ldr	r2, [sp, #60]	@ 0x3c
10003f76:	191b      	adds	r3, r3, r4
10003f78:	1a9b      	subs	r3, r3, r2
10003f7a:	4699      	mov	r9, r3
10003f7c:	0033      	movs	r3, r6
10003f7e:	002e      	movs	r6, r5
10003f80:	464d      	mov	r5, r9
10003f82:	46b9      	mov	r9, r7
10003f84:	465f      	mov	r7, fp
10003f86:	469b      	mov	fp, r3
10003f88:	910c      	str	r1, [sp, #48]	@ 0x30
10003f8a:	0022      	movs	r2, r4
10003f8c:	464b      	mov	r3, r9
10003f8e:	3401      	adds	r4, #1
10003f90:	0039      	movs	r1, r7
10003f92:	2020      	movs	r0, #32
10003f94:	47b0      	blx	r6
10003f96:	42ac      	cmp	r4, r5
10003f98:	d1f7      	bne.n	10003f8a <_vsnprintf+0x86e>
10003f9a:	4643      	mov	r3, r8
10003f9c:	990c      	ldr	r1, [sp, #48]	@ 0x30
10003f9e:	3301      	adds	r3, #1
10003fa0:	930f      	str	r3, [sp, #60]	@ 0x3c
10003fa2:	780b      	ldrb	r3, [r1, #0]
10003fa4:	0035      	movs	r5, r6
10003fa6:	930c      	str	r3, [sp, #48]	@ 0x30
10003fa8:	465e      	mov	r6, fp
10003faa:	46bb      	mov	fp, r7
10003fac:	464f      	mov	r7, r9
10003fae:	2b00      	cmp	r3, #0
10003fb0:	d100      	bne.n	10003fb4 <_vsnprintf+0x898>
10003fb2:	e50e      	b.n	100039d2 <_vsnprintf+0x2b6>
10003fb4:	9b0d      	ldr	r3, [sp, #52]	@ 0x34
10003fb6:	2b00      	cmp	r3, #0
10003fb8:	d100      	bne.n	10003fbc <_vsnprintf+0x8a0>
10003fba:	e4f6      	b.n	100039aa <_vsnprintf+0x28e>
10003fbc:	2300      	movs	r3, #0
10003fbe:	e619      	b.n	10003bf4 <_vsnprintf+0x4d8>
10003fc0:	9b0c      	ldr	r3, [sp, #48]	@ 0x30
10003fc2:	781b      	ldrb	r3, [r3, #0]
10003fc4:	001a      	movs	r2, r3
10003fc6:	e715      	b.n	10003df4 <_vsnprintf+0x6d8>
10003fc8:	2310      	movs	r3, #16
10003fca:	439a      	bics	r2, r3
10003fcc:	920d      	str	r2, [sp, #52]	@ 0x34
10003fce:	e6ef      	b.n	10003db0 <_vsnprintf+0x694>
10003fd0:	9b0c      	ldr	r3, [sp, #48]	@ 0x30
10003fd2:	781b      	ldrb	r3, [r3, #0]
10003fd4:	9309      	str	r3, [sp, #36]	@ 0x24
10003fd6:	e661      	b.n	10003c9c <_vsnprintf+0x580>
10003fd8:	2300      	movs	r3, #0
10003fda:	4699      	mov	r9, r3
10003fdc:	2800      	cmp	r0, #0
10003fde:	d1aa      	bne.n	10003f36 <_vsnprintf+0x81a>
10003fe0:	2200      	movs	r2, #0
10003fe2:	2300      	movs	r3, #0
10003fe4:	9210      	str	r2, [sp, #64]	@ 0x40
10003fe6:	9311      	str	r3, [sp, #68]	@ 0x44
10003fe8:	e774      	b.n	10003ed4 <_vsnprintf+0x7b8>
10003fea:	9b0c      	ldr	r3, [sp, #48]	@ 0x30
10003fec:	0022      	movs	r2, r4
10003fee:	7818      	ldrb	r0, [r3, #0]
10003ff0:	4659      	mov	r1, fp
10003ff2:	003b      	movs	r3, r7
10003ff4:	47a8      	blx	r5
10003ff6:	464c      	mov	r4, r9
10003ff8:	e58b      	b.n	10003b12 <_vsnprintf+0x3f6>
10003ffa:	9a0c      	ldr	r2, [sp, #48]	@ 0x30
10003ffc:	3bfa      	subs	r3, #250	@ 0xfa
10003ffe:	3bff      	subs	r3, #255	@ 0xff
10004000:	3207      	adds	r2, #7
10004002:	439a      	bics	r2, r3
10004004:	3301      	adds	r3, #1
10004006:	4699      	mov	r9, r3
10004008:	4491      	add	r9, r2
1000400a:	464b      	mov	r3, r9
1000400c:	930c      	str	r3, [sp, #48]	@ 0x30
1000400e:	6813      	ldr	r3, [r2, #0]
10004010:	6852      	ldr	r2, [r2, #4]
10004012:	9215      	str	r2, [sp, #84]	@ 0x54
10004014:	431a      	orrs	r2, r3
10004016:	d106      	bne.n	10004026 <_vsnprintf+0x90a>
10004018:	3210      	adds	r2, #16
1000401a:	4390      	bics	r0, r2
1000401c:	2200      	movs	r2, #0
1000401e:	9209      	str	r2, [sp, #36]	@ 0x24
10004020:	2900      	cmp	r1, #0
10004022:	d000      	beq.n	10004026 <_vsnprintf+0x90a>
10004024:	e081      	b.n	1000412a <_vsnprintf+0xa0e>
10004026:	2261      	movs	r2, #97	@ 0x61
10004028:	0681      	lsls	r1, r0, #26
1000402a:	d500      	bpl.n	1000402e <_vsnprintf+0x912>
1000402c:	2241      	movs	r2, #65	@ 0x41
1000402e:	b2d2      	uxtb	r2, r2
10004030:	920a      	str	r2, [sp, #40]	@ 0x28
10004032:	aa14      	add	r2, sp, #80	@ 0x50
10004034:	4691      	mov	r9, r2
10004036:	9a0a      	ldr	r2, [sp, #40]	@ 0x28
10004038:	2100      	movs	r1, #0
1000403a:	3a0a      	subs	r2, #10
1000403c:	9214      	str	r2, [sp, #80]	@ 0x50
1000403e:	4642      	mov	r2, r8
10004040:	9217      	str	r2, [sp, #92]	@ 0x5c
10004042:	4652      	mov	r2, sl
10004044:	9218      	str	r2, [sp, #96]	@ 0x60
10004046:	465a      	mov	r2, fp
10004048:	9109      	str	r1, [sp, #36]	@ 0x24
1000404a:	46b3      	mov	fp, r6
1000404c:	311f      	adds	r1, #31
1000404e:	001e      	movs	r6, r3
10004050:	9b0f      	ldr	r3, [sp, #60]	@ 0x3c
10004052:	4449      	add	r1, r9
10004054:	46ba      	mov	sl, r7
10004056:	9419      	str	r4, [sp, #100]	@ 0x64
10004058:	951a      	str	r5, [sp, #104]	@ 0x68
1000405a:	2400      	movs	r4, #0
1000405c:	4667      	mov	r7, ip
1000405e:	4698      	mov	r8, r3
10004060:	4689      	mov	r9, r1
10004062:	9d15      	ldr	r5, [sp, #84]	@ 0x54
10004064:	9016      	str	r0, [sp, #88]	@ 0x58
10004066:	921b      	str	r2, [sp, #108]	@ 0x6c
10004068:	e00a      	b.n	10004080 <_vsnprintf+0x964>
1000406a:	3230      	adds	r2, #48	@ 0x30
1000406c:	b2d2      	uxtb	r2, r2
1000406e:	464b      	mov	r3, r9
10004070:	3401      	adds	r4, #1
10004072:	551a      	strb	r2, [r3, r4]
10004074:	45a8      	cmp	r8, r5
10004076:	d04a      	beq.n	1000410e <_vsnprintf+0x9f2>
10004078:	2c20      	cmp	r4, #32
1000407a:	d04a      	beq.n	10004112 <_vsnprintf+0x9f6>
1000407c:	0006      	movs	r6, r0
1000407e:	000d      	movs	r5, r1
10004080:	003a      	movs	r2, r7
10004082:	2300      	movs	r3, #0
10004084:	0030      	movs	r0, r6
10004086:	0029      	movs	r1, r5
10004088:	f7fe f8ca 	bl	10002220 <__wrap___aeabi_uldivmod>
1000408c:	b2d2      	uxtb	r2, r2
1000408e:	2a09      	cmp	r2, #9
10004090:	d9eb      	bls.n	1000406a <_vsnprintf+0x94e>
10004092:	9b14      	ldr	r3, [sp, #80]	@ 0x50
10004094:	469c      	mov	ip, r3
10004096:	4462      	add	r2, ip
10004098:	b2d2      	uxtb	r2, r2
1000409a:	e7e8      	b.n	1000406e <_vsnprintf+0x952>
1000409c:	2361      	movs	r3, #97	@ 0x61
1000409e:	0682      	lsls	r2, r0, #26
100040a0:	d500      	bpl.n	100040a4 <_vsnprintf+0x988>
100040a2:	2341      	movs	r3, #65	@ 0x41
100040a4:	b2db      	uxtb	r3, r3
100040a6:	3b0a      	subs	r3, #10
100040a8:	930c      	str	r3, [sp, #48]	@ 0x30
100040aa:	4643      	mov	r3, r8
100040ac:	a914      	add	r1, sp, #80	@ 0x50
100040ae:	221f      	movs	r2, #31
100040b0:	468c      	mov	ip, r1
100040b2:	9315      	str	r3, [sp, #84]	@ 0x54
100040b4:	4653      	mov	r3, sl
100040b6:	4462      	add	r2, ip
100040b8:	46a0      	mov	r8, r4
100040ba:	46b2      	mov	sl, r6
100040bc:	464c      	mov	r4, r9
100040be:	9717      	str	r7, [sp, #92]	@ 0x5c
100040c0:	46a9      	mov	r9, r5
100040c2:	0017      	movs	r7, r2
100040c4:	9d09      	ldr	r5, [sp, #36]	@ 0x24
100040c6:	9e0d      	ldr	r6, [sp, #52]	@ 0x34
100040c8:	9014      	str	r0, [sp, #80]	@ 0x50
100040ca:	9316      	str	r3, [sp, #88]	@ 0x58
100040cc:	e008      	b.n	100040e0 <_vsnprintf+0x9c4>
100040ce:	3330      	adds	r3, #48	@ 0x30
100040d0:	b2db      	uxtb	r3, r3
100040d2:	3401      	adds	r4, #1
100040d4:	553b      	strb	r3, [r7, r4]
100040d6:	42b5      	cmp	r5, r6
100040d8:	d30e      	bcc.n	100040f8 <_vsnprintf+0x9dc>
100040da:	2c20      	cmp	r4, #32
100040dc:	d00c      	beq.n	100040f8 <_vsnprintf+0x9dc>
100040de:	0005      	movs	r5, r0
100040e0:	0031      	movs	r1, r6
100040e2:	0028      	movs	r0, r5
100040e4:	f7fe f85e 	bl	100021a4 <__wrap___aeabi_uidiv>
100040e8:	b2cb      	uxtb	r3, r1
100040ea:	2909      	cmp	r1, #9
100040ec:	d9ef      	bls.n	100040ce <_vsnprintf+0x9b2>
100040ee:	9a0c      	ldr	r2, [sp, #48]	@ 0x30
100040f0:	4694      	mov	ip, r2
100040f2:	4463      	add	r3, ip
100040f4:	b2db      	uxtb	r3, r3
100040f6:	e7ec      	b.n	100040d2 <_vsnprintf+0x9b6>
100040f8:	9b15      	ldr	r3, [sp, #84]	@ 0x54
100040fa:	464d      	mov	r5, r9
100040fc:	46a1      	mov	r9, r4
100040fe:	4644      	mov	r4, r8
10004100:	4698      	mov	r8, r3
10004102:	9b16      	ldr	r3, [sp, #88]	@ 0x58
10004104:	4656      	mov	r6, sl
10004106:	9814      	ldr	r0, [sp, #80]	@ 0x50
10004108:	469a      	mov	sl, r3
1000410a:	9f17      	ldr	r7, [sp, #92]	@ 0x5c
1000410c:	e5d0      	b.n	10003cb0 <_vsnprintf+0x594>
1000410e:	42b7      	cmp	r7, r6
10004110:	d9b2      	bls.n	10004078 <_vsnprintf+0x95c>
10004112:	9b17      	ldr	r3, [sp, #92]	@ 0x5c
10004114:	4657      	mov	r7, sl
10004116:	4698      	mov	r8, r3
10004118:	9b18      	ldr	r3, [sp, #96]	@ 0x60
1000411a:	465e      	mov	r6, fp
1000411c:	469a      	mov	sl, r3
1000411e:	9b1b      	ldr	r3, [sp, #108]	@ 0x6c
10004120:	9409      	str	r4, [sp, #36]	@ 0x24
10004122:	469b      	mov	fp, r3
10004124:	9816      	ldr	r0, [sp, #88]	@ 0x58
10004126:	9c19      	ldr	r4, [sp, #100]	@ 0x64
10004128:	9d1a      	ldr	r5, [sp, #104]	@ 0x68
1000412a:	4643      	mov	r3, r8
1000412c:	9305      	str	r3, [sp, #20]
1000412e:	4653      	mov	r3, sl
10004130:	9304      	str	r3, [sp, #16]
10004132:	9b0d      	ldr	r3, [sp, #52]	@ 0x34
10004134:	9006      	str	r0, [sp, #24]
10004136:	9303      	str	r3, [sp, #12]
10004138:	2300      	movs	r3, #0
1000413a:	9302      	str	r3, [sp, #8]
1000413c:	9b09      	ldr	r3, [sp, #36]	@ 0x24
1000413e:	e705      	b.n	10003f4c <_vsnprintf+0x830>
10004140:	9b0f      	ldr	r3, [sp, #60]	@ 0x3c
10004142:	4598      	cmp	r8, r3
10004144:	d900      	bls.n	10004148 <_vsnprintf+0xa2c>
10004146:	e714      	b.n	10003f72 <_vsnprintf+0x856>
10004148:	3301      	adds	r3, #1
1000414a:	930f      	str	r3, [sp, #60]	@ 0x3c
1000414c:	e42d      	b.n	100039aa <_vsnprintf+0x28e>
1000414e:	2310      	movs	r3, #16
10004150:	0011      	movs	r1, r2
10004152:	4399      	bics	r1, r3
10004154:	910d      	str	r1, [sp, #52]	@ 0x34
10004156:	2869      	cmp	r0, #105	@ 0x69
10004158:	d000      	beq.n	1000415c <_vsnprintf+0xa40>
1000415a:	e0ba      	b.n	100042d2 <_vsnprintf+0xbb6>
1000415c:	2380      	movs	r3, #128	@ 0x80
1000415e:	0010      	movs	r0, r2
10004160:	00db      	lsls	r3, r3, #3
10004162:	4018      	ands	r0, r3
10004164:	421a      	tst	r2, r3
10004166:	d100      	bne.n	1000416a <_vsnprintf+0xa4e>
10004168:	e622      	b.n	10003db0 <_vsnprintf+0x694>
1000416a:	e61d      	b.n	10003da8 <_vsnprintf+0x68c>
1000416c:	9b0c      	ldr	r3, [sp, #48]	@ 0x30
1000416e:	681b      	ldr	r3, [r3, #0]
10004170:	0fda      	lsrs	r2, r3, #31
10004172:	0011      	movs	r1, r2
10004174:	2b00      	cmp	r3, #0
10004176:	d100      	bne.n	1000417a <_vsnprintf+0xa5e>
10004178:	e08c      	b.n	10004294 <_vsnprintf+0xb78>
1000417a:	17da      	asrs	r2, r3, #31
1000417c:	1898      	adds	r0, r3, r2
1000417e:	4050      	eors	r0, r2
10004180:	aa14      	add	r2, sp, #80	@ 0x50
10004182:	4691      	mov	r9, r2
10004184:	4642      	mov	r2, r8
10004186:	231f      	movs	r3, #31
10004188:	9214      	str	r2, [sp, #80]	@ 0x50
1000418a:	4652      	mov	r2, sl
1000418c:	444b      	add	r3, r9
1000418e:	46a0      	mov	r8, r4
10004190:	46a9      	mov	r9, r5
10004192:	9716      	str	r7, [sp, #88]	@ 0x58
10004194:	0004      	movs	r4, r0
10004196:	4665      	mov	r5, ip
10004198:	46b2      	mov	sl, r6
1000419a:	001f      	movs	r7, r3
1000419c:	910c      	str	r1, [sp, #48]	@ 0x30
1000419e:	9215      	str	r2, [sp, #84]	@ 0x54
100041a0:	e001      	b.n	100041a6 <_vsnprintf+0xa8a>
100041a2:	2d20      	cmp	r5, #32
100041a4:	d00f      	beq.n	100041c6 <_vsnprintf+0xaaa>
100041a6:	0020      	movs	r0, r4
100041a8:	210a      	movs	r1, #10
100041aa:	f7fd fffb 	bl	100021a4 <__wrap___aeabi_uidiv>
100041ae:	3501      	adds	r5, #1
100041b0:	197e      	adds	r6, r7, r5
100041b2:	3130      	adds	r1, #48	@ 0x30
100041b4:	7031      	strb	r1, [r6, #0]
100041b6:	0020      	movs	r0, r4
100041b8:	210a      	movs	r1, #10
100041ba:	f7fd fff3 	bl	100021a4 <__wrap___aeabi_uidiv>
100041be:	0026      	movs	r6, r4
100041c0:	0004      	movs	r4, r0
100041c2:	2e09      	cmp	r6, #9
100041c4:	d8ed      	bhi.n	100041a2 <_vsnprintf+0xa86>
100041c6:	9b14      	ldr	r3, [sp, #80]	@ 0x50
100041c8:	4644      	mov	r4, r8
100041ca:	4698      	mov	r8, r3
100041cc:	9b0c      	ldr	r3, [sp, #48]	@ 0x30
100041ce:	46ac      	mov	ip, r5
100041d0:	0019      	movs	r1, r3
100041d2:	9b15      	ldr	r3, [sp, #84]	@ 0x54
100041d4:	4656      	mov	r6, sl
100041d6:	464d      	mov	r5, r9
100041d8:	469a      	mov	sl, r3
100041da:	9f16      	ldr	r7, [sp, #88]	@ 0x58
100041dc:	9b0d      	ldr	r3, [sp, #52]	@ 0x34
100041de:	9102      	str	r1, [sp, #8]
100041e0:	9306      	str	r3, [sp, #24]
100041e2:	4643      	mov	r3, r8
100041e4:	9305      	str	r3, [sp, #20]
100041e6:	4653      	mov	r3, sl
100041e8:	9304      	str	r3, [sp, #16]
100041ea:	230a      	movs	r3, #10
100041ec:	9303      	str	r3, [sp, #12]
100041ee:	4663      	mov	r3, ip
100041f0:	e63c      	b.n	10003e6c <_vsnprintf+0x750>
100041f2:	2800      	cmp	r0, #0
100041f4:	d000      	beq.n	100041f8 <_vsnprintf+0xadc>
100041f6:	e62e      	b.n	10003e56 <_vsnprintf+0x73a>
100041f8:	e602      	b.n	10003e00 <_vsnprintf+0x6e4>
100041fa:	9b0c      	ldr	r3, [sp, #48]	@ 0x30
100041fc:	681b      	ldr	r3, [r3, #0]
100041fe:	4699      	mov	r9, r3
10004200:	2b00      	cmp	r3, #0
10004202:	d103      	bne.n	1000420c <_vsnprintf+0xaf0>
10004204:	3310      	adds	r3, #16
10004206:	4398      	bics	r0, r3
10004208:	2900      	cmp	r1, #0
1000420a:	d138      	bne.n	1000427e <_vsnprintf+0xb62>
1000420c:	2361      	movs	r3, #97	@ 0x61
1000420e:	0682      	lsls	r2, r0, #26
10004210:	d500      	bpl.n	10004214 <_vsnprintf+0xaf8>
10004212:	2341      	movs	r3, #65	@ 0x41
10004214:	b2db      	uxtb	r3, r3
10004216:	3b0a      	subs	r3, #10
10004218:	930c      	str	r3, [sp, #48]	@ 0x30
1000421a:	4643      	mov	r3, r8
1000421c:	9316      	str	r3, [sp, #88]	@ 0x58
1000421e:	4653      	mov	r3, sl
10004220:	a914      	add	r1, sp, #80	@ 0x50
10004222:	221f      	movs	r2, #31
10004224:	468c      	mov	ip, r1
10004226:	9317      	str	r3, [sp, #92]	@ 0x5c
10004228:	002b      	movs	r3, r5
1000422a:	4462      	add	r2, ip
1000422c:	46a0      	mov	r8, r4
1000422e:	464d      	mov	r5, r9
10004230:	46b2      	mov	sl, r6
10004232:	9718      	str	r7, [sp, #96]	@ 0x60
10004234:	4699      	mov	r9, r3
10004236:	0017      	movs	r7, r2
10004238:	9c14      	ldr	r4, [sp, #80]	@ 0x50
1000423a:	9e0d      	ldr	r6, [sp, #52]	@ 0x34
1000423c:	9015      	str	r0, [sp, #84]	@ 0x54
1000423e:	e008      	b.n	10004252 <_vsnprintf+0xb36>
10004240:	3330      	adds	r3, #48	@ 0x30
10004242:	b2db      	uxtb	r3, r3
10004244:	3401      	adds	r4, #1
10004246:	553b      	strb	r3, [r7, r4]
10004248:	42b5      	cmp	r5, r6
1000424a:	d30e      	bcc.n	1000426a <_vsnprintf+0xb4e>
1000424c:	2c20      	cmp	r4, #32
1000424e:	d00c      	beq.n	1000426a <_vsnprintf+0xb4e>
10004250:	0005      	movs	r5, r0
10004252:	0031      	movs	r1, r6
10004254:	0028      	movs	r0, r5
10004256:	f7fd ffa5 	bl	100021a4 <__wrap___aeabi_uidiv>
1000425a:	b2cb      	uxtb	r3, r1
1000425c:	2909      	cmp	r1, #9
1000425e:	d9ef      	bls.n	10004240 <_vsnprintf+0xb24>
10004260:	9a0c      	ldr	r2, [sp, #48]	@ 0x30
10004262:	4694      	mov	ip, r2
10004264:	4463      	add	r3, ip
10004266:	b2db      	uxtb	r3, r3
10004268:	e7ec      	b.n	10004244 <_vsnprintf+0xb28>
1000426a:	9b16      	ldr	r3, [sp, #88]	@ 0x58
1000426c:	9414      	str	r4, [sp, #80]	@ 0x50
1000426e:	4644      	mov	r4, r8
10004270:	4698      	mov	r8, r3
10004272:	9b17      	ldr	r3, [sp, #92]	@ 0x5c
10004274:	4656      	mov	r6, sl
10004276:	464d      	mov	r5, r9
10004278:	469a      	mov	sl, r3
1000427a:	9815      	ldr	r0, [sp, #84]	@ 0x54
1000427c:	9f18      	ldr	r7, [sp, #96]	@ 0x60
1000427e:	4643      	mov	r3, r8
10004280:	9305      	str	r3, [sp, #20]
10004282:	4653      	mov	r3, sl
10004284:	9304      	str	r3, [sp, #16]
10004286:	9b0d      	ldr	r3, [sp, #52]	@ 0x34
10004288:	9006      	str	r0, [sp, #24]
1000428a:	9303      	str	r3, [sp, #12]
1000428c:	2300      	movs	r3, #0
1000428e:	9302      	str	r3, [sp, #8]
10004290:	9b14      	ldr	r3, [sp, #80]	@ 0x50
10004292:	e5eb      	b.n	10003e6c <_vsnprintf+0x750>
10004294:	2800      	cmp	r0, #0
10004296:	d1a1      	bne.n	100041dc <_vsnprintf+0xac0>
10004298:	e772      	b.n	10004180 <_vsnprintf+0xa64>
1000429a:	9b0c      	ldr	r3, [sp, #48]	@ 0x30
1000429c:	681b      	ldr	r3, [r3, #0]
1000429e:	17d9      	asrs	r1, r3, #31
100042a0:	185a      	adds	r2, r3, r1
100042a2:	404a      	eors	r2, r1
100042a4:	e5a6      	b.n	10003df4 <_vsnprintf+0x6d8>
100042a6:	2380      	movs	r3, #128	@ 0x80
100042a8:	0010      	movs	r0, r2
100042aa:	00db      	lsls	r3, r3, #3
100042ac:	4018      	ands	r0, r3
100042ae:	469c      	mov	ip, r3
100042b0:	900f      	str	r0, [sp, #60]	@ 0x3c
100042b2:	421a      	tst	r2, r3
100042b4:	d00f      	beq.n	100042d6 <_vsnprintf+0xbba>
100042b6:	2002      	movs	r0, #2
100042b8:	0003      	movs	r3, r0
100042ba:	4013      	ands	r3, r2
100042bc:	930f      	str	r3, [sp, #60]	@ 0x3c
100042be:	4210      	tst	r0, r2
100042c0:	d019      	beq.n	100042f6 <_vsnprintf+0xbda>
100042c2:	2300      	movs	r3, #0
100042c4:	46a1      	mov	r9, r4
100042c6:	930f      	str	r3, [sp, #60]	@ 0x3c
100042c8:	e54c      	b.n	10003d64 <_vsnprintf+0x648>
100042ca:	9b0c      	ldr	r3, [sp, #48]	@ 0x30
100042cc:	681b      	ldr	r3, [r3, #0]
100042ce:	9309      	str	r3, [sp, #36]	@ 0x24
100042d0:	e4e4      	b.n	10003c9c <_vsnprintf+0x580>
100042d2:	000a      	movs	r2, r1
100042d4:	e434      	b.n	10003b40 <_vsnprintf+0x424>
100042d6:	2302      	movs	r3, #2
100042d8:	0018      	movs	r0, r3
100042da:	4010      	ands	r0, r2
100042dc:	900d      	str	r0, [sp, #52]	@ 0x34
100042de:	4213      	tst	r3, r2
100042e0:	d000      	beq.n	100042e4 <_vsnprintf+0xbc8>
100042e2:	e53e      	b.n	10003d62 <_vsnprintf+0x646>
100042e4:	4643      	mov	r3, r8
100042e6:	2b00      	cmp	r3, #0
100042e8:	d000      	beq.n	100042ec <_vsnprintf+0xbd0>
100042ea:	e642      	b.n	10003f72 <_vsnprintf+0x856>
100042ec:	f7ff fb71 	bl	100039d2 <_vsnprintf+0x2b6>
100042f0:	3301      	adds	r3, #1
100042f2:	930f      	str	r3, [sp, #60]	@ 0x3c
100042f4:	e47f      	b.n	10003bf6 <_vsnprintf+0x4da>
100042f6:	4663      	mov	r3, ip
100042f8:	930d      	str	r3, [sp, #52]	@ 0x34
100042fa:	e7f3      	b.n	100042e4 <_vsnprintf+0xbc8>

100042fc <vfctprintf>:
100042fc:	b510      	push	{r4, lr}
100042fe:	000c      	movs	r4, r1
10004300:	b084      	sub	sp, #16
10004302:	9403      	str	r4, [sp, #12]
10004304:	2401      	movs	r4, #1
10004306:	a902      	add	r1, sp, #8
10004308:	9002      	str	r0, [sp, #8]
1000430a:	9300      	str	r3, [sp, #0]
1000430c:	4803      	ldr	r0, [pc, #12]	@ (1000431c <vfctprintf+0x20>)
1000430e:	0013      	movs	r3, r2
10004310:	4262      	negs	r2, r4
10004312:	f7ff fa03 	bl	1000371c <_vsnprintf>
10004316:	b004      	add	sp, #16
10004318:	bd10      	pop	{r4, pc}
1000431a:	46c0      	nop			@ (mov r8, r8)
1000431c:	10002ce9 	.word	0x10002ce9

10004320 <weak_raw_vprintf>:
10004320:	b510      	push	{r4, lr}
10004322:	4a09      	ldr	r2, [pc, #36]	@ (10004348 <weak_raw_vprintf+0x28>)
10004324:	0003      	movs	r3, r0
10004326:	6814      	ldr	r4, [r2, #0]
10004328:	b084      	sub	sp, #16
1000432a:	2c00      	cmp	r4, #0
1000432c:	d008      	beq.n	10004340 <weak_raw_vprintf+0x20>
1000432e:	2201      	movs	r2, #1
10004330:	9100      	str	r1, [sp, #0]
10004332:	4806      	ldr	r0, [pc, #24]	@ (1000434c <weak_raw_vprintf+0x2c>)
10004334:	4252      	negs	r2, r2
10004336:	a903      	add	r1, sp, #12
10004338:	47a0      	blx	r4
1000433a:	2001      	movs	r0, #1
1000433c:	b004      	add	sp, #16
1000433e:	bd10      	pop	{r4, pc}
10004340:	f000 f99c 	bl	1000467c <__wrap_puts>
10004344:	2000      	movs	r0, #0
10004346:	e7f9      	b.n	1000433c <weak_raw_vprintf+0x1c>
10004348:	20001e64 	.word	0x20001e64
1000434c:	10002cd9 	.word	0x10002cd9

10004350 <_exit>:
10004350:	be00      	bkpt	0x0000
10004352:	e7fd      	b.n	10004350 <_exit>

10004354 <exit>:
10004354:	b510      	push	{r4, lr}
10004356:	f7ff fffb 	bl	10004350 <_exit>
1000435a:	46c0      	nop			@ (mov r8, r8)

1000435c <runtime_init>:
1000435c:	b570      	push	{r4, r5, r6, lr}
1000435e:	f7fd fdd5 	bl	10001f0c <runtime_run_initializers>
10004362:	4d07      	ldr	r5, [pc, #28]	@ (10004380 <runtime_init+0x24>)
10004364:	4e07      	ldr	r6, [pc, #28]	@ (10004384 <runtime_init+0x28>)
10004366:	42b5      	cmp	r5, r6
10004368:	d209      	bcs.n	1000437e <runtime_init+0x22>
1000436a:	2400      	movs	r4, #0
1000436c:	3e01      	subs	r6, #1
1000436e:	1b76      	subs	r6, r6, r5
10004370:	08b6      	lsrs	r6, r6, #2
10004372:	cd08      	ldmia	r5!, {r3}
10004374:	4798      	blx	r3
10004376:	0023      	movs	r3, r4
10004378:	3401      	adds	r4, #1
1000437a:	42b3      	cmp	r3, r6
1000437c:	d1f9      	bne.n	10004372 <runtime_init+0x16>
1000437e:	bd70      	pop	{r4, r5, r6, pc}
10004380:	10007554 	.word	0x10007554
10004384:	1000755c 	.word	0x1000755c

10004388 <stdio_out_chars_no_crlf>:
10004388:	0003      	movs	r3, r0
1000438a:	b510      	push	{r4, lr}
1000438c:	0008      	movs	r0, r1
1000438e:	0011      	movs	r1, r2
10004390:	681b      	ldr	r3, [r3, #0]
10004392:	4798      	blx	r3
10004394:	bd10      	pop	{r4, pc}
10004396:	46c0      	nop			@ (mov r8, r8)

10004398 <stdio_out_chars_crlf>:
10004398:	b5f0      	push	{r4, r5, r6, r7, lr}
1000439a:	46c6      	mov	lr, r8
1000439c:	b500      	push	{lr}
1000439e:	7d43      	ldrb	r3, [r0, #21]
100043a0:	0007      	movs	r7, r0
100043a2:	000c      	movs	r4, r1
100043a4:	0016      	movs	r6, r2
100043a6:	2b00      	cmp	r3, #0
100043a8:	d046      	beq.n	10004438 <stdio_out_chars_crlf+0xa0>
100043aa:	2a00      	cmp	r2, #0
100043ac:	dd17      	ble.n	100043de <stdio_out_chars_crlf+0x46>
100043ae:	780b      	ldrb	r3, [r1, #0]
100043b0:	2b0a      	cmp	r3, #10
100043b2:	d024      	beq.n	100043fe <stdio_out_chars_crlf+0x66>
100043b4:	2300      	movs	r3, #0
100043b6:	4698      	mov	r8, r3
100043b8:	2e01      	cmp	r6, #1
100043ba:	d013      	beq.n	100043e4 <stdio_out_chars_crlf+0x4c>
100043bc:	2501      	movs	r5, #1
100043be:	0029      	movs	r1, r5
100043c0:	5c63      	ldrb	r3, [r4, r1]
100043c2:	3501      	adds	r5, #1
100043c4:	2b0a      	cmp	r3, #10
100043c6:	d026      	beq.n	10004416 <stdio_out_chars_crlf+0x7e>
100043c8:	42b5      	cmp	r5, r6
100043ca:	d1f8      	bne.n	100043be <stdio_out_chars_crlf+0x26>
100043cc:	4546      	cmp	r6, r8
100043ce:	dc09      	bgt.n	100043e4 <stdio_out_chars_crlf+0x4c>
100043d0:	19a4      	adds	r4, r4, r6
100043d2:	3c01      	subs	r4, #1
100043d4:	7823      	ldrb	r3, [r4, #0]
100043d6:	3b0d      	subs	r3, #13
100043d8:	425a      	negs	r2, r3
100043da:	4153      	adcs	r3, r2
100043dc:	753b      	strb	r3, [r7, #20]
100043de:	bc80      	pop	{r7}
100043e0:	46b8      	mov	r8, r7
100043e2:	bdf0      	pop	{r4, r5, r6, r7, pc}
100043e4:	4643      	mov	r3, r8
100043e6:	18e0      	adds	r0, r4, r3
100043e8:	19a4      	adds	r4, r4, r6
100043ea:	1af1      	subs	r1, r6, r3
100043ec:	3c01      	subs	r4, #1
100043ee:	683b      	ldr	r3, [r7, #0]
100043f0:	4798      	blx	r3
100043f2:	7823      	ldrb	r3, [r4, #0]
100043f4:	3b0d      	subs	r3, #13
100043f6:	425a      	negs	r2, r3
100043f8:	4153      	adcs	r3, r2
100043fa:	753b      	strb	r3, [r7, #20]
100043fc:	e7ef      	b.n	100043de <stdio_out_chars_crlf+0x46>
100043fe:	7d03      	ldrb	r3, [r0, #20]
10004400:	2b00      	cmp	r3, #0
10004402:	d1d7      	bne.n	100043b4 <stdio_out_chars_crlf+0x1c>
10004404:	2102      	movs	r1, #2
10004406:	480f      	ldr	r0, [pc, #60]	@ (10004444 <stdio_out_chars_crlf+0xac>)
10004408:	683b      	ldr	r3, [r7, #0]
1000440a:	4798      	blx	r3
1000440c:	2e01      	cmp	r6, #1
1000440e:	d0df      	beq.n	100043d0 <stdio_out_chars_crlf+0x38>
10004410:	2301      	movs	r3, #1
10004412:	4698      	mov	r8, r3
10004414:	e7d2      	b.n	100043bc <stdio_out_chars_crlf+0x24>
10004416:	1e63      	subs	r3, r4, #1
10004418:	5c5b      	ldrb	r3, [r3, r1]
1000441a:	2b0d      	cmp	r3, #13
1000441c:	d0d4      	beq.n	100043c8 <stdio_out_chars_crlf+0x30>
1000441e:	4588      	cmp	r8, r1
10004420:	da04      	bge.n	1000442c <stdio_out_chars_crlf+0x94>
10004422:	4643      	mov	r3, r8
10004424:	1ac9      	subs	r1, r1, r3
10004426:	18e0      	adds	r0, r4, r3
10004428:	683b      	ldr	r3, [r7, #0]
1000442a:	4798      	blx	r3
1000442c:	2102      	movs	r1, #2
1000442e:	4805      	ldr	r0, [pc, #20]	@ (10004444 <stdio_out_chars_crlf+0xac>)
10004430:	683b      	ldr	r3, [r7, #0]
10004432:	46a8      	mov	r8, r5
10004434:	4798      	blx	r3
10004436:	e7c7      	b.n	100043c8 <stdio_out_chars_crlf+0x30>
10004438:	6803      	ldr	r3, [r0, #0]
1000443a:	0011      	movs	r1, r2
1000443c:	0020      	movs	r0, r4
1000443e:	4798      	blx	r3
10004440:	e7cd      	b.n	100043de <stdio_out_chars_crlf+0x46>
10004442:	46c0      	nop			@ (mov r8, r8)
10004444:	10007c18 	.word	0x10007c18

10004448 <stdio_buffered_printer>:
10004448:	b5f0      	push	{r4, r5, r6, r7, lr}
1000444a:	46c6      	mov	lr, r8
1000444c:	680b      	ldr	r3, [r1, #0]
1000444e:	0006      	movs	r6, r0
10004450:	000c      	movs	r4, r1
10004452:	b500      	push	{lr}
10004454:	2b80      	cmp	r3, #128	@ 0x80
10004456:	d006      	beq.n	10004466 <stdio_buffered_printer+0x1e>
10004458:	1c5a      	adds	r2, r3, #1
1000445a:	6022      	str	r2, [r4, #0]
1000445c:	18e4      	adds	r4, r4, r3
1000445e:	7126      	strb	r6, [r4, #4]
10004460:	bc80      	pop	{r7}
10004462:	46b8      	mov	r8, r7
10004464:	bdf0      	pop	{r4, r5, r6, r7, pc}
10004466:	4b0f      	ldr	r3, [pc, #60]	@ (100044a4 <stdio_buffered_printer+0x5c>)
10004468:	681d      	ldr	r5, [r3, #0]
1000446a:	2d00      	cmp	r5, #0
1000446c:	d016      	beq.n	1000449c <stdio_buffered_printer+0x54>
1000446e:	1d0b      	adds	r3, r1, #4
10004470:	4698      	mov	r8, r3
10004472:	4f0d      	ldr	r7, [pc, #52]	@ (100044a8 <stdio_buffered_printer+0x60>)
10004474:	e002      	b.n	1000447c <stdio_buffered_printer+0x34>
10004476:	692d      	ldr	r5, [r5, #16]
10004478:	2d00      	cmp	r5, #0
1000447a:	d00f      	beq.n	1000449c <stdio_buffered_printer+0x54>
1000447c:	682b      	ldr	r3, [r5, #0]
1000447e:	2b00      	cmp	r3, #0
10004480:	d0f9      	beq.n	10004476 <stdio_buffered_printer+0x2e>
10004482:	683b      	ldr	r3, [r7, #0]
10004484:	2b00      	cmp	r3, #0
10004486:	d001      	beq.n	1000448c <stdio_buffered_printer+0x44>
10004488:	42ab      	cmp	r3, r5
1000448a:	d1f4      	bne.n	10004476 <stdio_buffered_printer+0x2e>
1000448c:	0028      	movs	r0, r5
1000448e:	4641      	mov	r1, r8
10004490:	6822      	ldr	r2, [r4, #0]
10004492:	f7ff ff81 	bl	10004398 <stdio_out_chars_crlf>
10004496:	692d      	ldr	r5, [r5, #16]
10004498:	2d00      	cmp	r5, #0
1000449a:	d1ef      	bne.n	1000447c <stdio_buffered_printer+0x34>
1000449c:	2201      	movs	r2, #1
1000449e:	2300      	movs	r3, #0
100044a0:	e7db      	b.n	1000445a <stdio_buffered_printer+0x12>
100044a2:	46c0      	nop			@ (mov r8, r8)
100044a4:	20001a58 	.word	0x20001a58
100044a8:	20001a60 	.word	0x20001a60

100044ac <stdio_put_string>:
100044ac:	b5f0      	push	{r4, r5, r6, r7, lr}
100044ae:	4645      	mov	r5, r8
100044b0:	46de      	mov	lr, fp
100044b2:	464e      	mov	r6, r9
100044b4:	4657      	mov	r7, sl
100044b6:	b5e0      	push	{r5, r6, r7, lr}
100044b8:	b083      	sub	sp, #12
100044ba:	4691      	mov	r9, r2
100044bc:	001c      	movs	r4, r3
100044be:	4680      	mov	r8, r0
100044c0:	000d      	movs	r5, r1
100044c2:	f7fd fa49 	bl	10001958 <time_us_64>
100044c6:	2300      	movs	r3, #0
100044c8:	4a30      	ldr	r2, [pc, #192]	@ (1000458c <stdio_put_string+0xe0>)
100044ca:	1812      	adds	r2, r2, r0
100044cc:	414b      	adcs	r3, r1
100044ce:	2b00      	cmp	r3, #0
100044d0:	da02      	bge.n	100044d8 <stdio_put_string+0x2c>
100044d2:	2201      	movs	r2, #1
100044d4:	4b2e      	ldr	r3, [pc, #184]	@ (10004590 <stdio_put_string+0xe4>)
100044d6:	4252      	negs	r2, r2
100044d8:	492e      	ldr	r1, [pc, #184]	@ (10004594 <stdio_put_string+0xe8>)
100044da:	0008      	movs	r0, r1
100044dc:	468a      	mov	sl, r1
100044de:	f002 fffb 	bl	100074d8 <__mutex_try_enter_block_until_veneer>
100044e2:	0007      	movs	r7, r0
100044e4:	1c6b      	adds	r3, r5, #1
100044e6:	d103      	bne.n	100044f0 <stdio_put_string+0x44>
100044e8:	4640      	mov	r0, r8
100044ea:	f002 ff85 	bl	100073f8 <strlen>
100044ee:	0005      	movs	r5, r0
100044f0:	2c00      	cmp	r4, #0
100044f2:	d027      	beq.n	10004544 <stdio_put_string+0x98>
100044f4:	4e28      	ldr	r6, [pc, #160]	@ (10004598 <stdio_put_string+0xec>)
100044f6:	4b29      	ldr	r3, [pc, #164]	@ (1000459c <stdio_put_string+0xf0>)
100044f8:	681c      	ldr	r4, [r3, #0]
100044fa:	2c00      	cmp	r4, #0
100044fc:	d018      	beq.n	10004530 <stdio_put_string+0x84>
100044fe:	464b      	mov	r3, r9
10004500:	2b00      	cmp	r3, #0
10004502:	d121      	bne.n	10004548 <stdio_put_string+0x9c>
10004504:	4b26      	ldr	r3, [pc, #152]	@ (100045a0 <stdio_put_string+0xf4>)
10004506:	4699      	mov	r9, r3
10004508:	e002      	b.n	10004510 <stdio_put_string+0x64>
1000450a:	6924      	ldr	r4, [r4, #16]
1000450c:	2c00      	cmp	r4, #0
1000450e:	d00f      	beq.n	10004530 <stdio_put_string+0x84>
10004510:	6823      	ldr	r3, [r4, #0]
10004512:	2b00      	cmp	r3, #0
10004514:	d0f9      	beq.n	1000450a <stdio_put_string+0x5e>
10004516:	464b      	mov	r3, r9
10004518:	681b      	ldr	r3, [r3, #0]
1000451a:	2b00      	cmp	r3, #0
1000451c:	d001      	beq.n	10004522 <stdio_put_string+0x76>
1000451e:	429c      	cmp	r4, r3
10004520:	d1f3      	bne.n	1000450a <stdio_put_string+0x5e>
10004522:	0020      	movs	r0, r4
10004524:	002a      	movs	r2, r5
10004526:	4641      	mov	r1, r8
10004528:	47b0      	blx	r6
1000452a:	6924      	ldr	r4, [r4, #16]
1000452c:	2c00      	cmp	r4, #0
1000452e:	d1ef      	bne.n	10004510 <stdio_put_string+0x64>
10004530:	2f00      	cmp	r7, #0
10004532:	d126      	bne.n	10004582 <stdio_put_string+0xd6>
10004534:	0028      	movs	r0, r5
10004536:	b003      	add	sp, #12
10004538:	bcf0      	pop	{r4, r5, r6, r7}
1000453a:	46bb      	mov	fp, r7
1000453c:	46b2      	mov	sl, r6
1000453e:	46a9      	mov	r9, r5
10004540:	46a0      	mov	r8, r4
10004542:	bdf0      	pop	{r4, r5, r6, r7, pc}
10004544:	4e17      	ldr	r6, [pc, #92]	@ (100045a4 <stdio_put_string+0xf8>)
10004546:	e7d6      	b.n	100044f6 <stdio_put_string+0x4a>
10004548:	4b15      	ldr	r3, [pc, #84]	@ (100045a0 <stdio_put_string+0xf4>)
1000454a:	4699      	mov	r9, r3
1000454c:	230a      	movs	r3, #10
1000454e:	469b      	mov	fp, r3
10004550:	e002      	b.n	10004558 <stdio_put_string+0xac>
10004552:	6924      	ldr	r4, [r4, #16]
10004554:	2c00      	cmp	r4, #0
10004556:	d0eb      	beq.n	10004530 <stdio_put_string+0x84>
10004558:	6823      	ldr	r3, [r4, #0]
1000455a:	2b00      	cmp	r3, #0
1000455c:	d0f9      	beq.n	10004552 <stdio_put_string+0xa6>
1000455e:	464b      	mov	r3, r9
10004560:	681b      	ldr	r3, [r3, #0]
10004562:	2b00      	cmp	r3, #0
10004564:	d001      	beq.n	1000456a <stdio_put_string+0xbe>
10004566:	42a3      	cmp	r3, r4
10004568:	d1f3      	bne.n	10004552 <stdio_put_string+0xa6>
1000456a:	002a      	movs	r2, r5
1000456c:	4641      	mov	r1, r8
1000456e:	0020      	movs	r0, r4
10004570:	47b0      	blx	r6
10004572:	466b      	mov	r3, sp
10004574:	465a      	mov	r2, fp
10004576:	0020      	movs	r0, r4
10004578:	71da      	strb	r2, [r3, #7]
1000457a:	1dd9      	adds	r1, r3, #7
1000457c:	2201      	movs	r2, #1
1000457e:	47b0      	blx	r6
10004580:	e7e7      	b.n	10004552 <stdio_put_string+0xa6>
10004582:	4650      	mov	r0, sl
10004584:	f002 ff70 	bl	10007468 <__mutex_exit_veneer>
10004588:	e7d4      	b.n	10004534 <stdio_put_string+0x88>
1000458a:	46c0      	nop			@ (mov r8, r8)
1000458c:	000f4240 	.word	0x000f4240
10004590:	7fffffff 	.word	0x7fffffff
10004594:	200010c8 	.word	0x200010c8
10004598:	10004399 	.word	0x10004399
1000459c:	20001a58 	.word	0x20001a58
100045a0:	20001a60 	.word	0x20001a60
100045a4:	10004389 	.word	0x10004389

100045a8 <stdio_set_driver_enabled>:
100045a8:	4a0a      	ldr	r2, [pc, #40]	@ (100045d4 <stdio_set_driver_enabled+0x2c>)
100045aa:	6813      	ldr	r3, [r2, #0]
100045ac:	2b00      	cmp	r3, #0
100045ae:	d105      	bne.n	100045bc <stdio_set_driver_enabled+0x14>
100045b0:	e00c      	b.n	100045cc <stdio_set_driver_enabled+0x24>
100045b2:	001a      	movs	r2, r3
100045b4:	691b      	ldr	r3, [r3, #16]
100045b6:	3210      	adds	r2, #16
100045b8:	2b00      	cmp	r3, #0
100045ba:	d007      	beq.n	100045cc <stdio_set_driver_enabled+0x24>
100045bc:	4283      	cmp	r3, r0
100045be:	d1f8      	bne.n	100045b2 <stdio_set_driver_enabled+0xa>
100045c0:	2900      	cmp	r1, #0
100045c2:	d102      	bne.n	100045ca <stdio_set_driver_enabled+0x22>
100045c4:	6918      	ldr	r0, [r3, #16]
100045c6:	6010      	str	r0, [r2, #0]
100045c8:	6119      	str	r1, [r3, #16]
100045ca:	4770      	bx	lr
100045cc:	2900      	cmp	r1, #0
100045ce:	d0fc      	beq.n	100045ca <stdio_set_driver_enabled+0x22>
100045d0:	6010      	str	r0, [r2, #0]
100045d2:	e7fa      	b.n	100045ca <stdio_set_driver_enabled+0x22>
100045d4:	20001a58 	.word	0x20001a58

100045d8 <stdio_init_all>:
100045d8:	b510      	push	{r4, lr}
100045da:	f000 f9ad 	bl	10004938 <stdio_uart_init>
100045de:	f000 fbe9 	bl	10004db4 <stdio_usb_init>
100045e2:	2001      	movs	r0, #1
100045e4:	bd10      	pop	{r4, pc}
100045e6:	46c0      	nop			@ (mov r8, r8)

100045e8 <__wrap_putchar>:
100045e8:	b5f0      	push	{r4, r5, r6, r7, lr}
100045ea:	46ce      	mov	lr, r9
100045ec:	4647      	mov	r7, r8
100045ee:	b580      	push	{r7, lr}
100045f0:	b083      	sub	sp, #12
100045f2:	466b      	mov	r3, sp
100045f4:	0006      	movs	r6, r0
100045f6:	1ddd      	adds	r5, r3, #7
100045f8:	7028      	strb	r0, [r5, #0]
100045fa:	f7fd f9ad 	bl	10001958 <time_us_64>
100045fe:	2300      	movs	r3, #0
10004600:	4a19      	ldr	r2, [pc, #100]	@ (10004668 <__wrap_putchar+0x80>)
10004602:	1812      	adds	r2, r2, r0
10004604:	414b      	adcs	r3, r1
10004606:	2b00      	cmp	r3, #0
10004608:	da02      	bge.n	10004610 <__wrap_putchar+0x28>
1000460a:	2201      	movs	r2, #1
1000460c:	4b17      	ldr	r3, [pc, #92]	@ (1000466c <__wrap_putchar+0x84>)
1000460e:	4252      	negs	r2, r2
10004610:	4917      	ldr	r1, [pc, #92]	@ (10004670 <__wrap_putchar+0x88>)
10004612:	0008      	movs	r0, r1
10004614:	4688      	mov	r8, r1
10004616:	f002 ff5f 	bl	100074d8 <__mutex_try_enter_block_until_veneer>
1000461a:	4b16      	ldr	r3, [pc, #88]	@ (10004674 <__wrap_putchar+0x8c>)
1000461c:	4681      	mov	r9, r0
1000461e:	681c      	ldr	r4, [r3, #0]
10004620:	2c00      	cmp	r4, #0
10004622:	d014      	beq.n	1000464e <__wrap_putchar+0x66>
10004624:	4f14      	ldr	r7, [pc, #80]	@ (10004678 <__wrap_putchar+0x90>)
10004626:	e002      	b.n	1000462e <__wrap_putchar+0x46>
10004628:	6924      	ldr	r4, [r4, #16]
1000462a:	2c00      	cmp	r4, #0
1000462c:	d00f      	beq.n	1000464e <__wrap_putchar+0x66>
1000462e:	6823      	ldr	r3, [r4, #0]
10004630:	2b00      	cmp	r3, #0
10004632:	d0f9      	beq.n	10004628 <__wrap_putchar+0x40>
10004634:	683b      	ldr	r3, [r7, #0]
10004636:	2b00      	cmp	r3, #0
10004638:	d001      	beq.n	1000463e <__wrap_putchar+0x56>
1000463a:	429c      	cmp	r4, r3
1000463c:	d1f4      	bne.n	10004628 <__wrap_putchar+0x40>
1000463e:	0020      	movs	r0, r4
10004640:	2201      	movs	r2, #1
10004642:	0029      	movs	r1, r5
10004644:	f7ff fea8 	bl	10004398 <stdio_out_chars_crlf>
10004648:	6924      	ldr	r4, [r4, #16]
1000464a:	2c00      	cmp	r4, #0
1000464c:	d1ef      	bne.n	1000462e <__wrap_putchar+0x46>
1000464e:	464b      	mov	r3, r9
10004650:	2b00      	cmp	r3, #0
10004652:	d105      	bne.n	10004660 <__wrap_putchar+0x78>
10004654:	0030      	movs	r0, r6
10004656:	b003      	add	sp, #12
10004658:	bcc0      	pop	{r6, r7}
1000465a:	46b9      	mov	r9, r7
1000465c:	46b0      	mov	r8, r6
1000465e:	bdf0      	pop	{r4, r5, r6, r7, pc}
10004660:	4640      	mov	r0, r8
10004662:	f002 ff01 	bl	10007468 <__mutex_exit_veneer>
10004666:	e7f5      	b.n	10004654 <__wrap_putchar+0x6c>
10004668:	000f4240 	.word	0x000f4240
1000466c:	7fffffff 	.word	0x7fffffff
10004670:	200010c8 	.word	0x200010c8
10004674:	20001a58 	.word	0x20001a58
10004678:	20001a60 	.word	0x20001a60

1000467c <__wrap_puts>:
1000467c:	b570      	push	{r4, r5, r6, lr}
1000467e:	0004      	movs	r4, r0
10004680:	f002 feba 	bl	100073f8 <strlen>
10004684:	2301      	movs	r3, #1
10004686:	0001      	movs	r1, r0
10004688:	0005      	movs	r5, r0
1000468a:	2201      	movs	r2, #1
1000468c:	0020      	movs	r0, r4
1000468e:	f7ff ff0d 	bl	100044ac <stdio_put_string>
10004692:	4b08      	ldr	r3, [pc, #32]	@ (100046b4 <__wrap_puts+0x38>)
10004694:	681c      	ldr	r4, [r3, #0]
10004696:	2c00      	cmp	r4, #0
10004698:	d006      	beq.n	100046a8 <__wrap_puts+0x2c>
1000469a:	6863      	ldr	r3, [r4, #4]
1000469c:	2b00      	cmp	r3, #0
1000469e:	d005      	beq.n	100046ac <__wrap_puts+0x30>
100046a0:	4798      	blx	r3
100046a2:	6924      	ldr	r4, [r4, #16]
100046a4:	2c00      	cmp	r4, #0
100046a6:	d1f8      	bne.n	1000469a <__wrap_puts+0x1e>
100046a8:	0028      	movs	r0, r5
100046aa:	bd70      	pop	{r4, r5, r6, pc}
100046ac:	6924      	ldr	r4, [r4, #16]
100046ae:	2c00      	cmp	r4, #0
100046b0:	d1f3      	bne.n	1000469a <__wrap_puts+0x1e>
100046b2:	e7f9      	b.n	100046a8 <__wrap_puts+0x2c>
100046b4:	20001a58 	.word	0x20001a58

100046b8 <__wrap_vprintf>:
100046b8:	b5f0      	push	{r4, r5, r6, r7, lr}
100046ba:	46ce      	mov	lr, r9
100046bc:	4647      	mov	r7, r8
100046be:	b580      	push	{r7, lr}
100046c0:	b0a3      	sub	sp, #140	@ 0x8c
100046c2:	0004      	movs	r4, r0
100046c4:	000d      	movs	r5, r1
100046c6:	f7fd f947 	bl	10001958 <time_us_64>
100046ca:	2300      	movs	r3, #0
100046cc:	4a27      	ldr	r2, [pc, #156]	@ (1000476c <__wrap_vprintf+0xb4>)
100046ce:	1812      	adds	r2, r2, r0
100046d0:	414b      	adcs	r3, r1
100046d2:	2b00      	cmp	r3, #0
100046d4:	da02      	bge.n	100046dc <__wrap_vprintf+0x24>
100046d6:	2201      	movs	r2, #1
100046d8:	4b25      	ldr	r3, [pc, #148]	@ (10004770 <__wrap_vprintf+0xb8>)
100046da:	4252      	negs	r2, r2
100046dc:	4e25      	ldr	r6, [pc, #148]	@ (10004774 <__wrap_vprintf+0xbc>)
100046de:	0030      	movs	r0, r6
100046e0:	f002 fefa 	bl	100074d8 <__mutex_try_enter_block_until_veneer>
100046e4:	2300      	movs	r3, #0
100046e6:	0022      	movs	r2, r4
100046e8:	9301      	str	r3, [sp, #4]
100046ea:	0007      	movs	r7, r0
100046ec:	002b      	movs	r3, r5
100046ee:	4822      	ldr	r0, [pc, #136]	@ (10004778 <__wrap_vprintf+0xc0>)
100046f0:	a901      	add	r1, sp, #4
100046f2:	f7ff fe03 	bl	100042fc <vfctprintf>
100046f6:	4b21      	ldr	r3, [pc, #132]	@ (1000477c <__wrap_vprintf+0xc4>)
100046f8:	4680      	mov	r8, r0
100046fa:	4699      	mov	r9, r3
100046fc:	681c      	ldr	r4, [r3, #0]
100046fe:	9b01      	ldr	r3, [sp, #4]
10004700:	2b00      	cmp	r3, #0
10004702:	d01a      	beq.n	1000473a <__wrap_vprintf+0x82>
10004704:	2c00      	cmp	r4, #0
10004706:	d02f      	beq.n	10004768 <__wrap_vprintf+0xb0>
10004708:	4d1d      	ldr	r5, [pc, #116]	@ (10004780 <__wrap_vprintf+0xc8>)
1000470a:	e002      	b.n	10004712 <__wrap_vprintf+0x5a>
1000470c:	6924      	ldr	r4, [r4, #16]
1000470e:	2c00      	cmp	r4, #0
10004710:	d00f      	beq.n	10004732 <__wrap_vprintf+0x7a>
10004712:	6823      	ldr	r3, [r4, #0]
10004714:	2b00      	cmp	r3, #0
10004716:	d0f9      	beq.n	1000470c <__wrap_vprintf+0x54>
10004718:	682b      	ldr	r3, [r5, #0]
1000471a:	2b00      	cmp	r3, #0
1000471c:	d001      	beq.n	10004722 <__wrap_vprintf+0x6a>
1000471e:	42a3      	cmp	r3, r4
10004720:	d1f4      	bne.n	1000470c <__wrap_vprintf+0x54>
10004722:	0020      	movs	r0, r4
10004724:	9a01      	ldr	r2, [sp, #4]
10004726:	a902      	add	r1, sp, #8
10004728:	f7ff fe36 	bl	10004398 <stdio_out_chars_crlf>
1000472c:	6924      	ldr	r4, [r4, #16]
1000472e:	2c00      	cmp	r4, #0
10004730:	d1ef      	bne.n	10004712 <__wrap_vprintf+0x5a>
10004732:	464b      	mov	r3, r9
10004734:	681c      	ldr	r4, [r3, #0]
10004736:	2300      	movs	r3, #0
10004738:	9301      	str	r3, [sp, #4]
1000473a:	2c00      	cmp	r4, #0
1000473c:	d006      	beq.n	1000474c <__wrap_vprintf+0x94>
1000473e:	6863      	ldr	r3, [r4, #4]
10004740:	2b00      	cmp	r3, #0
10004742:	d00b      	beq.n	1000475c <__wrap_vprintf+0xa4>
10004744:	4798      	blx	r3
10004746:	6924      	ldr	r4, [r4, #16]
10004748:	2c00      	cmp	r4, #0
1000474a:	d1f8      	bne.n	1000473e <__wrap_vprintf+0x86>
1000474c:	2f00      	cmp	r7, #0
1000474e:	d107      	bne.n	10004760 <__wrap_vprintf+0xa8>
10004750:	4640      	mov	r0, r8
10004752:	b023      	add	sp, #140	@ 0x8c
10004754:	bcc0      	pop	{r6, r7}
10004756:	46b9      	mov	r9, r7
10004758:	46b0      	mov	r8, r6
1000475a:	bdf0      	pop	{r4, r5, r6, r7, pc}
1000475c:	6924      	ldr	r4, [r4, #16]
1000475e:	e7ec      	b.n	1000473a <__wrap_vprintf+0x82>
10004760:	0030      	movs	r0, r6
10004762:	f002 fe81 	bl	10007468 <__mutex_exit_veneer>
10004766:	e7f3      	b.n	10004750 <__wrap_vprintf+0x98>
10004768:	9401      	str	r4, [sp, #4]
1000476a:	e7ef      	b.n	1000474c <__wrap_vprintf+0x94>
1000476c:	000f4240 	.word	0x000f4240
10004770:	7fffffff 	.word	0x7fffffff
10004774:	200010c8 	.word	0x200010c8
10004778:	10004449 	.word	0x10004449
1000477c:	20001a58 	.word	0x20001a58
10004780:	20001a60 	.word	0x20001a60

10004784 <__wrap_printf>:
10004784:	b40f      	push	{r0, r1, r2, r3}
10004786:	b500      	push	{lr}
10004788:	b083      	sub	sp, #12
1000478a:	a904      	add	r1, sp, #16
1000478c:	c901      	ldmia	r1!, {r0}
1000478e:	9101      	str	r1, [sp, #4]
10004790:	f7ff ff92 	bl	100046b8 <__wrap_vprintf>
10004794:	b003      	add	sp, #12
10004796:	bc08      	pop	{r3}
10004798:	b004      	add	sp, #16
1000479a:	4718      	bx	r3

1000479c <stdio_uart_out_chars>:
1000479c:	b5f0      	push	{r4, r5, r6, r7, lr}
1000479e:	2900      	cmp	r1, #0
100047a0:	dd15      	ble.n	100047ce <stdio_uart_out_chars+0x32>
100047a2:	4b0e      	ldr	r3, [pc, #56]	@ (100047dc <stdio_uart_out_chars+0x40>)
100047a4:	270d      	movs	r7, #13
100047a6:	681a      	ldr	r2, [r3, #0]
100047a8:	4b0d      	ldr	r3, [pc, #52]	@ (100047e0 <stdio_uart_out_chars+0x44>)
100047aa:	4c0e      	ldr	r4, [pc, #56]	@ (100047e4 <stdio_uart_out_chars+0x48>)
100047ac:	18d3      	adds	r3, r2, r3
100047ae:	425d      	negs	r5, r3
100047b0:	416b      	adcs	r3, r5
100047b2:	1845      	adds	r5, r0, r1
100047b4:	2120      	movs	r1, #32
100047b6:	005b      	lsls	r3, r3, #1
100047b8:	5f1e      	ldrsh	r6, [r3, r4]
100047ba:	7804      	ldrb	r4, [r0, #0]
100047bc:	42a6      	cmp	r6, r4
100047be:	d007      	beq.n	100047d0 <stdio_uart_out_chars+0x34>
100047c0:	6993      	ldr	r3, [r2, #24]
100047c2:	4219      	tst	r1, r3
100047c4:	d1fc      	bne.n	100047c0 <stdio_uart_out_chars+0x24>
100047c6:	3001      	adds	r0, #1
100047c8:	6014      	str	r4, [r2, #0]
100047ca:	42a8      	cmp	r0, r5
100047cc:	d1f5      	bne.n	100047ba <stdio_uart_out_chars+0x1e>
100047ce:	bdf0      	pop	{r4, r5, r6, r7, pc}
100047d0:	6993      	ldr	r3, [r2, #24]
100047d2:	4219      	tst	r1, r3
100047d4:	d1fc      	bne.n	100047d0 <stdio_uart_out_chars+0x34>
100047d6:	6017      	str	r7, [r2, #0]
100047d8:	e7f2      	b.n	100047c0 <stdio_uart_out_chars+0x24>
100047da:	46c0      	nop			@ (mov r8, r8)
100047dc:	20001fc0 	.word	0x20001fc0
100047e0:	bffc8000 	.word	0xbffc8000
100047e4:	20001fbc 	.word	0x20001fbc

100047e8 <stdio_uart_in_chars>:
100047e8:	4b20      	ldr	r3, [pc, #128]	@ (1000486c <stdio_uart_in_chars+0x84>)
100047ea:	b570      	push	{r4, r5, r6, lr}
100047ec:	0004      	movs	r4, r0
100047ee:	1e0d      	subs	r5, r1, #0
100047f0:	681e      	ldr	r6, [r3, #0]
100047f2:	dd2a      	ble.n	1000484a <stdio_uart_in_chars+0x62>
100047f4:	2000      	movs	r0, #0
100047f6:	2110      	movs	r1, #16
100047f8:	4b1d      	ldr	r3, [pc, #116]	@ (10004870 <stdio_uart_in_chars+0x88>)
100047fa:	3c01      	subs	r4, #1
100047fc:	681a      	ldr	r2, [r3, #0]
100047fe:	6993      	ldr	r3, [r2, #24]
10004800:	4219      	tst	r1, r3
10004802:	d114      	bne.n	1000482e <stdio_uart_in_chars+0x46>
10004804:	3001      	adds	r0, #1
10004806:	6993      	ldr	r3, [r2, #24]
10004808:	4219      	tst	r1, r3
1000480a:	d1fc      	bne.n	10004806 <stdio_uart_in_chars+0x1e>
1000480c:	6813      	ldr	r3, [r2, #0]
1000480e:	5423      	strb	r3, [r4, r0]
10004810:	4285      	cmp	r5, r0
10004812:	d1f4      	bne.n	100047fe <stdio_uart_in_chars+0x16>
10004814:	2e00      	cmp	r6, #0
10004816:	d008      	beq.n	1000482a <stdio_uart_in_chars+0x42>
10004818:	2350      	movs	r3, #80	@ 0x50
1000481a:	6393      	str	r3, [r2, #56]	@ 0x38
1000481c:	6b51      	ldr	r1, [r2, #52]	@ 0x34
1000481e:	3b18      	subs	r3, #24
10004820:	400b      	ands	r3, r1
10004822:	4914      	ldr	r1, [pc, #80]	@ (10004874 <stdio_uart_in_chars+0x8c>)
10004824:	468c      	mov	ip, r1
10004826:	4462      	add	r2, ip
10004828:	6013      	str	r3, [r2, #0]
1000482a:	0028      	movs	r0, r5
1000482c:	bd70      	pop	{r4, r5, r6, pc}
1000482e:	2e00      	cmp	r6, #0
10004830:	d008      	beq.n	10004844 <stdio_uart_in_chars+0x5c>
10004832:	2350      	movs	r3, #80	@ 0x50
10004834:	6393      	str	r3, [r2, #56]	@ 0x38
10004836:	6b51      	ldr	r1, [r2, #52]	@ 0x34
10004838:	3b18      	subs	r3, #24
1000483a:	400b      	ands	r3, r1
1000483c:	490d      	ldr	r1, [pc, #52]	@ (10004874 <stdio_uart_in_chars+0x8c>)
1000483e:	468c      	mov	ip, r1
10004840:	4462      	add	r2, ip
10004842:	6013      	str	r3, [r2, #0]
10004844:	2800      	cmp	r0, #0
10004846:	d1f1      	bne.n	1000482c <stdio_uart_in_chars+0x44>
10004848:	e00c      	b.n	10004864 <stdio_uart_in_chars+0x7c>
1000484a:	2e00      	cmp	r6, #0
1000484c:	d00a      	beq.n	10004864 <stdio_uart_in_chars+0x7c>
1000484e:	2250      	movs	r2, #80	@ 0x50
10004850:	4b07      	ldr	r3, [pc, #28]	@ (10004870 <stdio_uart_in_chars+0x88>)
10004852:	681b      	ldr	r3, [r3, #0]
10004854:	639a      	str	r2, [r3, #56]	@ 0x38
10004856:	6b59      	ldr	r1, [r3, #52]	@ 0x34
10004858:	3a18      	subs	r2, #24
1000485a:	400a      	ands	r2, r1
1000485c:	4905      	ldr	r1, [pc, #20]	@ (10004874 <stdio_uart_in_chars+0x8c>)
1000485e:	468c      	mov	ip, r1
10004860:	4463      	add	r3, ip
10004862:	601a      	str	r2, [r3, #0]
10004864:	2003      	movs	r0, #3
10004866:	4240      	negs	r0, r0
10004868:	e7e0      	b.n	1000482c <stdio_uart_in_chars+0x44>
1000486a:	46c0      	nop			@ (mov r8, r8)
1000486c:	200019f0 	.word	0x200019f0
10004870:	20001fc0 	.word	0x20001fc0
10004874:	00001034 	.word	0x00001034

10004878 <on_uart_rx>:
10004878:	4b06      	ldr	r3, [pc, #24]	@ (10004894 <on_uart_rx+0x1c>)
1000487a:	b510      	push	{r4, lr}
1000487c:	681b      	ldr	r3, [r3, #0]
1000487e:	2b00      	cmp	r3, #0
10004880:	d006      	beq.n	10004890 <on_uart_rx+0x18>
10004882:	2100      	movs	r1, #0
10004884:	4a04      	ldr	r2, [pc, #16]	@ (10004898 <on_uart_rx+0x20>)
10004886:	6812      	ldr	r2, [r2, #0]
10004888:	6391      	str	r1, [r2, #56]	@ 0x38
1000488a:	4a04      	ldr	r2, [pc, #16]	@ (1000489c <on_uart_rx+0x24>)
1000488c:	6810      	ldr	r0, [r2, #0]
1000488e:	4798      	blx	r3
10004890:	bd10      	pop	{r4, pc}
10004892:	46c0      	nop			@ (mov r8, r8)
10004894:	200019f0 	.word	0x200019f0
10004898:	20001fc0 	.word	0x20001fc0
1000489c:	200019f8 	.word	0x200019f8

100048a0 <stdio_uart_out_flush>:
100048a0:	2208      	movs	r2, #8
100048a2:	4b03      	ldr	r3, [pc, #12]	@ (100048b0 <stdio_uart_out_flush+0x10>)
100048a4:	6819      	ldr	r1, [r3, #0]
100048a6:	698b      	ldr	r3, [r1, #24]
100048a8:	421a      	tst	r2, r3
100048aa:	d1fc      	bne.n	100048a6 <stdio_uart_out_flush+0x6>
100048ac:	4770      	bx	lr
100048ae:	46c0      	nop			@ (mov r8, r8)
100048b0:	20001fc0 	.word	0x20001fc0

100048b4 <stdio_uart_set_chars_available_callback>:
100048b4:	b5f8      	push	{r3, r4, r5, r6, r7, lr}
100048b6:	4f1a      	ldr	r7, [pc, #104]	@ (10004920 <stdio_uart_set_chars_available_callback+0x6c>)
100048b8:	4b1a      	ldr	r3, [pc, #104]	@ (10004924 <stdio_uart_set_chars_available_callback+0x70>)
100048ba:	683a      	ldr	r2, [r7, #0]
100048bc:	0005      	movs	r5, r0
100048be:	18d3      	adds	r3, r2, r3
100048c0:	4258      	negs	r0, r3
100048c2:	4143      	adcs	r3, r0
100048c4:	4e18      	ldr	r6, [pc, #96]	@ (10004928 <stdio_uart_set_chars_available_callback+0x74>)
100048c6:	3314      	adds	r3, #20
100048c8:	001c      	movs	r4, r3
100048ca:	6833      	ldr	r3, [r6, #0]
100048cc:	2d00      	cmp	r5, #0
100048ce:	d002      	beq.n	100048d6 <stdio_uart_set_chars_available_callback+0x22>
100048d0:	2b00      	cmp	r3, #0
100048d2:	d00f      	beq.n	100048f4 <stdio_uart_set_chars_available_callback+0x40>
100048d4:	bdf8      	pop	{r3, r4, r5, r6, r7, pc}
100048d6:	2b00      	cmp	r3, #0
100048d8:	d0fc      	beq.n	100048d4 <stdio_uart_set_chars_available_callback+0x20>
100048da:	2100      	movs	r1, #0
100048dc:	0020      	movs	r0, r4
100048de:	6395      	str	r5, [r2, #56]	@ 0x38
100048e0:	f7fc f912 	bl	10000b08 <irq_set_enabled>
100048e4:	0020      	movs	r0, r4
100048e6:	4911      	ldr	r1, [pc, #68]	@ (1000492c <stdio_uart_set_chars_available_callback+0x78>)
100048e8:	f7fc fa6a 	bl	10000dc0 <irq_remove_handler>
100048ec:	4b10      	ldr	r3, [pc, #64]	@ (10004930 <stdio_uart_set_chars_available_callback+0x7c>)
100048ee:	6035      	str	r5, [r6, #0]
100048f0:	601d      	str	r5, [r3, #0]
100048f2:	e7ef      	b.n	100048d4 <stdio_uart_set_chars_available_callback+0x20>
100048f4:	4b0e      	ldr	r3, [pc, #56]	@ (10004930 <stdio_uart_set_chars_available_callback+0x7c>)
100048f6:	0020      	movs	r0, r4
100048f8:	6019      	str	r1, [r3, #0]
100048fa:	490c      	ldr	r1, [pc, #48]	@ (1000492c <stdio_uart_set_chars_available_callback+0x78>)
100048fc:	6035      	str	r5, [r6, #0]
100048fe:	f7fc f93b 	bl	10000b78 <irq_set_exclusive_handler>
10004902:	2101      	movs	r1, #1
10004904:	0020      	movs	r0, r4
10004906:	f7fc f8ff 	bl	10000b08 <irq_set_enabled>
1000490a:	2250      	movs	r2, #80	@ 0x50
1000490c:	683b      	ldr	r3, [r7, #0]
1000490e:	639a      	str	r2, [r3, #56]	@ 0x38
10004910:	6b59      	ldr	r1, [r3, #52]	@ 0x34
10004912:	3a18      	subs	r2, #24
10004914:	400a      	ands	r2, r1
10004916:	4907      	ldr	r1, [pc, #28]	@ (10004934 <stdio_uart_set_chars_available_callback+0x80>)
10004918:	468c      	mov	ip, r1
1000491a:	4463      	add	r3, ip
1000491c:	601a      	str	r2, [r3, #0]
1000491e:	e7d9      	b.n	100048d4 <stdio_uart_set_chars_available_callback+0x20>
10004920:	20001fc0 	.word	0x20001fc0
10004924:	bffc8000 	.word	0xbffc8000
10004928:	200019f0 	.word	0x200019f0
1000492c:	10004879 	.word	0x10004879
10004930:	200019f8 	.word	0x200019f8
10004934:	00001034 	.word	0x00001034

10004938 <stdio_uart_init>:
10004938:	4b0d      	ldr	r3, [pc, #52]	@ (10004970 <stdio_uart_init+0x38>)
1000493a:	b510      	push	{r4, lr}
1000493c:	781b      	ldrb	r3, [r3, #0]
1000493e:	4b0d      	ldr	r3, [pc, #52]	@ (10004974 <stdio_uart_init+0x3c>)
10004940:	4c0d      	ldr	r4, [pc, #52]	@ (10004978 <stdio_uart_init+0x40>)
10004942:	781b      	ldrb	r3, [r3, #0]
10004944:	4b0d      	ldr	r3, [pc, #52]	@ (1000497c <stdio_uart_init+0x44>)
10004946:	2102      	movs	r1, #2
10004948:	781b      	ldrb	r3, [r3, #0]
1000494a:	4b0d      	ldr	r3, [pc, #52]	@ (10004980 <stdio_uart_init+0x48>)
1000494c:	2000      	movs	r0, #0
1000494e:	6023      	str	r3, [r4, #0]
10004950:	f7fb ffca 	bl	100008e8 <gpio_set_function>
10004954:	2102      	movs	r1, #2
10004956:	2001      	movs	r0, #1
10004958:	f7fb ffc6 	bl	100008e8 <gpio_set_function>
1000495c:	21e1      	movs	r1, #225	@ 0xe1
1000495e:	6820      	ldr	r0, [r4, #0]
10004960:	0249      	lsls	r1, r1, #9
10004962:	f7fd f847 	bl	100019f4 <uart_init>
10004966:	2101      	movs	r1, #1
10004968:	4806      	ldr	r0, [pc, #24]	@ (10004984 <stdio_uart_init+0x4c>)
1000496a:	f7ff fe1d 	bl	100045a8 <stdio_set_driver_enabled>
1000496e:	bd10      	pop	{r4, pc}
10004970:	10007ec0 	.word	0x10007ec0
10004974:	10007ebc 	.word	0x10007ebc
10004978:	20001fc0 	.word	0x20001fc0
1000497c:	10007eb8 	.word	0x10007eb8
10004980:	40034000 	.word	0x40034000
10004984:	20001070 	.word	0x20001070

10004988 <resetd_init>:
10004988:	4770      	bx	lr
1000498a:	46c0      	nop			@ (mov r8, r8)

1000498c <resetd_reset>:
1000498c:	2200      	movs	r2, #0
1000498e:	4b01      	ldr	r3, [pc, #4]	@ (10004994 <resetd_reset+0x8>)
10004990:	701a      	strb	r2, [r3, #0]
10004992:	4770      	bx	lr
10004994:	20001fdb 	.word	0x20001fdb

10004998 <resetd_open>:
10004998:	794b      	ldrb	r3, [r1, #5]
1000499a:	2000      	movs	r0, #0
1000499c:	2bff      	cmp	r3, #255	@ 0xff
1000499e:	d10b      	bne.n	100049b8 <resetd_open+0x20>
100049a0:	798b      	ldrb	r3, [r1, #6]
100049a2:	2b00      	cmp	r3, #0
100049a4:	d108      	bne.n	100049b8 <resetd_open+0x20>
100049a6:	79cb      	ldrb	r3, [r1, #7]
100049a8:	2b01      	cmp	r3, #1
100049aa:	d105      	bne.n	100049b8 <resetd_open+0x20>
100049ac:	2a08      	cmp	r2, #8
100049ae:	d903      	bls.n	100049b8 <resetd_open+0x20>
100049b0:	4b02      	ldr	r3, [pc, #8]	@ (100049bc <resetd_open+0x24>)
100049b2:	788a      	ldrb	r2, [r1, #2]
100049b4:	3009      	adds	r0, #9
100049b6:	701a      	strb	r2, [r3, #0]
100049b8:	4770      	bx	lr
100049ba:	46c0      	nop			@ (mov r8, r8)
100049bc:	20001fdb 	.word	0x20001fdb

100049c0 <resetd_xfer_cb>:
100049c0:	2001      	movs	r0, #1
100049c2:	4770      	bx	lr

100049c4 <resetd_control_xfer_cb>:
100049c4:	b510      	push	{r4, lr}
100049c6:	2901      	cmp	r1, #1
100049c8:	d113      	bne.n	100049f2 <resetd_control_xfer_cb+0x2e>
100049ca:	4912      	ldr	r1, [pc, #72]	@ (10004a14 <resetd_control_xfer_cb+0x50>)
100049cc:	7953      	ldrb	r3, [r2, #5]
100049ce:	7910      	ldrb	r0, [r2, #4]
100049d0:	7809      	ldrb	r1, [r1, #0]
100049d2:	021b      	lsls	r3, r3, #8
100049d4:	4303      	orrs	r3, r0
100049d6:	2000      	movs	r0, #0
100049d8:	4299      	cmp	r1, r3
100049da:	d000      	beq.n	100049de <resetd_control_xfer_cb+0x1a>
100049dc:	bd10      	pop	{r4, pc}
100049de:	7853      	ldrb	r3, [r2, #1]
100049e0:	2b01      	cmp	r3, #1
100049e2:	d008      	beq.n	100049f6 <resetd_control_xfer_cb+0x32>
100049e4:	2b02      	cmp	r3, #2
100049e6:	d1f9      	bne.n	100049dc <resetd_control_xfer_cb+0x18>
100049e8:	2264      	movs	r2, #100	@ 0x64
100049ea:	2100      	movs	r1, #0
100049ec:	2000      	movs	r0, #0
100049ee:	f7fd f9d7 	bl	10001da0 <watchdog_reboot>
100049f2:	2001      	movs	r0, #1
100049f4:	e7f2      	b.n	100049dc <resetd_control_xfer_cb+0x18>
100049f6:	78d3      	ldrb	r3, [r2, #3]
100049f8:	7891      	ldrb	r1, [r2, #2]
100049fa:	021b      	lsls	r3, r3, #8
100049fc:	4319      	orrs	r1, r3
100049fe:	0a48      	lsrs	r0, r1, #9
10004a00:	05db      	lsls	r3, r3, #23
10004a02:	d401      	bmi.n	10004a08 <resetd_control_xfer_cb+0x44>
10004a04:	2001      	movs	r0, #1
10004a06:	4240      	negs	r0, r0
10004a08:	237f      	movs	r3, #127	@ 0x7f
10004a0a:	058a      	lsls	r2, r1, #22
10004a0c:	0fd2      	lsrs	r2, r2, #31
10004a0e:	4019      	ands	r1, r3
10004a10:	f7fd fa4e 	bl	10001eb0 <rom_reset_usb_boot_extra>
10004a14:	20001fdb 	.word	0x20001fdb

10004a18 <tud_descriptor_bos_cb>:
10004a18:	4800      	ldr	r0, [pc, #0]	@ (10004a1c <tud_descriptor_bos_cb+0x4>)
10004a1a:	4770      	bx	lr
10004a1c:	10007d00 	.word	0x10007d00

10004a20 <tud_vendor_control_xfer_cb>:
10004a20:	b570      	push	{r4, r5, r6, lr}
10004a22:	0005      	movs	r5, r0
10004a24:	0014      	movs	r4, r2
10004a26:	2001      	movs	r0, #1
10004a28:	2901      	cmp	r1, #1
10004a2a:	d109      	bne.n	10004a40 <tud_vendor_control_xfer_cb+0x20>
10004a2c:	7853      	ldrb	r3, [r2, #1]
10004a2e:	2000      	movs	r0, #0
10004a30:	2b01      	cmp	r3, #1
10004a32:	d105      	bne.n	10004a40 <tud_vendor_control_xfer_cb+0x20>
10004a34:	7963      	ldrb	r3, [r4, #5]
10004a36:	7912      	ldrb	r2, [r2, #4]
10004a38:	021b      	lsls	r3, r3, #8
10004a3a:	4313      	orrs	r3, r2
10004a3c:	2b07      	cmp	r3, #7
10004a3e:	d000      	beq.n	10004a42 <tud_vendor_control_xfer_cb+0x22>
10004a40:	bd70      	pop	{r4, r5, r6, pc}
10004a42:	0021      	movs	r1, r4
10004a44:	0028      	movs	r0, r5
10004a46:	4a02      	ldr	r2, [pc, #8]	@ (10004a50 <tud_vendor_control_xfer_cb+0x30>)
10004a48:	339f      	adds	r3, #159	@ 0x9f
10004a4a:	f001 fa55 	bl	10005ef8 <tud_control_xfer>
10004a4e:	e7f7      	b.n	10004a40 <tud_vendor_control_xfer_cb+0x20>
10004a50:	10007c58 	.word	0x10007c58

10004a54 <usbd_app_driver_get_cb>:
10004a54:	2301      	movs	r3, #1
10004a56:	7003      	strb	r3, [r0, #0]
10004a58:	4800      	ldr	r0, [pc, #0]	@ (10004a5c <usbd_app_driver_get_cb+0x8>)
10004a5a:	4770      	bx	lr
10004a5c:	10007c38 	.word	0x10007c38

10004a60 <tud_cdc_line_coding_cb>:
10004a60:	784b      	ldrb	r3, [r1, #1]
10004a62:	780a      	ldrb	r2, [r1, #0]
10004a64:	021b      	lsls	r3, r3, #8
10004a66:	4313      	orrs	r3, r2
10004a68:	788a      	ldrb	r2, [r1, #2]
10004a6a:	b510      	push	{r4, lr}
10004a6c:	0412      	lsls	r2, r2, #16
10004a6e:	431a      	orrs	r2, r3
10004a70:	78cb      	ldrb	r3, [r1, #3]
10004a72:	061b      	lsls	r3, r3, #24
10004a74:	4313      	orrs	r3, r2
10004a76:	2296      	movs	r2, #150	@ 0x96
10004a78:	00d2      	lsls	r2, r2, #3
10004a7a:	4293      	cmp	r3, r2
10004a7c:	d000      	beq.n	10004a80 <tud_cdc_line_coding_cb+0x20>
10004a7e:	bd10      	pop	{r4, pc}
10004a80:	2200      	movs	r2, #0
10004a82:	2001      	movs	r0, #1
10004a84:	0011      	movs	r1, r2
10004a86:	4240      	negs	r0, r0
10004a88:	f7fd fa12 	bl	10001eb0 <rom_reset_usb_boot_extra>

10004a8c <stdio_usb_set_chars_available_callback>:
10004a8c:	4b02      	ldr	r3, [pc, #8]	@ (10004a98 <stdio_usb_set_chars_available_callback+0xc>)
10004a8e:	6018      	str	r0, [r3, #0]
10004a90:	4b02      	ldr	r3, [pc, #8]	@ (10004a9c <stdio_usb_set_chars_available_callback+0x10>)
10004a92:	6019      	str	r1, [r3, #0]
10004a94:	4770      	bx	lr
10004a96:	46c0      	nop			@ (mov r8, r8)
10004a98:	200019f4 	.word	0x200019f4
10004a9c:	200019fc 	.word	0x200019fc

10004aa0 <usb_irq>:
10004aa0:	b510      	push	{r4, lr}
10004aa2:	4b02      	ldr	r3, [pc, #8]	@ (10004aac <usb_irq+0xc>)
10004aa4:	7818      	ldrb	r0, [r3, #0]
10004aa6:	f7fc f84d 	bl	10000b44 <irq_set_pending>
10004aaa:	bd10      	pop	{r4, pc}
10004aac:	20001fdc 	.word	0x20001fdc

10004ab0 <timer_task>:
10004ab0:	4b15      	ldr	r3, [pc, #84]	@ (10004b08 <timer_task+0x58>)
10004ab2:	b570      	push	{r4, r5, r6, lr}
10004ab4:	681a      	ldr	r2, [r3, #0]
10004ab6:	2a00      	cmp	r2, #0
10004ab8:	d022      	beq.n	10004b00 <timer_task+0x50>
10004aba:	f3ef 8110 	mrs	r1, PRIMASK
10004abe:	b672      	cpsid	i
10004ac0:	6810      	ldr	r0, [r2, #0]
10004ac2:	2800      	cmp	r0, #0
10004ac4:	d0fc      	beq.n	10004ac0 <timer_task+0x10>
10004ac6:	f3bf 8f5f 	dmb	sy
10004aca:	2000      	movs	r0, #0
10004acc:	4a0f      	ldr	r2, [pc, #60]	@ (10004b0c <timer_task+0x5c>)
10004ace:	6059      	str	r1, [r3, #4]
10004ad0:	7010      	strb	r0, [r2, #0]
10004ad2:	681b      	ldr	r3, [r3, #0]
10004ad4:	f3bf 8f5f 	dmb	sy
10004ad8:	6018      	str	r0, [r3, #0]
10004ada:	f381 8810 	msr	PRIMASK, r1
10004ade:	2400      	movs	r4, #0
10004ae0:	2500      	movs	r5, #0
10004ae2:	4e0b      	ldr	r6, [pc, #44]	@ (10004b10 <timer_task+0x60>)
10004ae4:	7830      	ldrb	r0, [r6, #0]
10004ae6:	f7fc f821 	bl	10000b2c <irq_is_enabled>
10004aea:	2800      	cmp	r0, #0
10004aec:	d104      	bne.n	10004af8 <timer_task+0x48>
10004aee:	2400      	movs	r4, #0
10004af0:	2500      	movs	r5, #0
10004af2:	0029      	movs	r1, r5
10004af4:	0020      	movs	r0, r4
10004af6:	bd70      	pop	{r4, r5, r6, pc}
10004af8:	7830      	ldrb	r0, [r6, #0]
10004afa:	f7fc f823 	bl	10000b44 <irq_set_pending>
10004afe:	e7f8      	b.n	10004af2 <timer_task+0x42>
10004b00:	24fa      	movs	r4, #250	@ 0xfa
10004b02:	2500      	movs	r5, #0
10004b04:	00a4      	lsls	r4, r4, #2
10004b06:	e7ec      	b.n	10004ae2 <timer_task+0x32>
10004b08:	20001e88 	.word	0x20001e88
10004b0c:	20001fdd 	.word	0x20001fdd
10004b10:	20001fdc 	.word	0x20001fdc

10004b14 <stdio_usb_in_chars>:
10004b14:	b570      	push	{r4, r5, r6, lr}
10004b16:	0004      	movs	r4, r0
10004b18:	2000      	movs	r0, #0
10004b1a:	000e      	movs	r6, r1
10004b1c:	f001 fb0a 	bl	10006134 <tud_cdc_n_connected>
10004b20:	2800      	cmp	r0, #0
10004b22:	d034      	beq.n	10004b8e <stdio_usb_in_chars+0x7a>
10004b24:	2000      	movs	r0, #0
10004b26:	f001 fb1b 	bl	10006160 <tud_cdc_n_available>
10004b2a:	2800      	cmp	r0, #0
10004b2c:	d02f      	beq.n	10004b8e <stdio_usb_in_chars+0x7a>
10004b2e:	f7fc ff13 	bl	10001958 <time_us_64>
10004b32:	2300      	movs	r3, #0
10004b34:	4a17      	ldr	r2, [pc, #92]	@ (10004b94 <stdio_usb_in_chars+0x80>)
10004b36:	1812      	adds	r2, r2, r0
10004b38:	414b      	adcs	r3, r1
10004b3a:	2b00      	cmp	r3, #0
10004b3c:	db16      	blt.n	10004b6c <stdio_usb_in_chars+0x58>
10004b3e:	4d16      	ldr	r5, [pc, #88]	@ (10004b98 <stdio_usb_in_chars+0x84>)
10004b40:	0028      	movs	r0, r5
10004b42:	f002 fcc9 	bl	100074d8 <__mutex_try_enter_block_until_veneer>
10004b46:	2800      	cmp	r0, #0
10004b48:	d021      	beq.n	10004b8e <stdio_usb_in_chars+0x7a>
10004b4a:	2000      	movs	r0, #0
10004b4c:	f001 faf2 	bl	10006134 <tud_cdc_n_connected>
10004b50:	2800      	cmp	r0, #0
10004b52:	d10f      	bne.n	10004b74 <stdio_usb_in_chars+0x60>
10004b54:	2001      	movs	r0, #1
10004b56:	2100      	movs	r1, #0
10004b58:	4240      	negs	r0, r0
10004b5a:	f000 fd01 	bl	10005560 <tud_task_ext>
10004b5e:	2403      	movs	r4, #3
10004b60:	4264      	negs	r4, r4
10004b62:	0028      	movs	r0, r5
10004b64:	f002 fc80 	bl	10007468 <__mutex_exit_veneer>
10004b68:	0020      	movs	r0, r4
10004b6a:	bd70      	pop	{r4, r5, r6, pc}
10004b6c:	2201      	movs	r2, #1
10004b6e:	4b0b      	ldr	r3, [pc, #44]	@ (10004b9c <stdio_usb_in_chars+0x88>)
10004b70:	4252      	negs	r2, r2
10004b72:	e7e4      	b.n	10004b3e <stdio_usb_in_chars+0x2a>
10004b74:	2000      	movs	r0, #0
10004b76:	f001 faf3 	bl	10006160 <tud_cdc_n_available>
10004b7a:	2800      	cmp	r0, #0
10004b7c:	d0ea      	beq.n	10004b54 <stdio_usb_in_chars+0x40>
10004b7e:	0021      	movs	r1, r4
10004b80:	0032      	movs	r2, r6
10004b82:	2000      	movs	r0, #0
10004b84:	f001 faf6 	bl	10006174 <tud_cdc_n_read>
10004b88:	1e04      	subs	r4, r0, #0
10004b8a:	d1ea      	bne.n	10004b62 <stdio_usb_in_chars+0x4e>
10004b8c:	e7e7      	b.n	10004b5e <stdio_usb_in_chars+0x4a>
10004b8e:	2403      	movs	r4, #3
10004b90:	4264      	negs	r4, r4
10004b92:	e7e9      	b.n	10004b68 <stdio_usb_in_chars+0x54>
10004b94:	000f4240 	.word	0x000f4240
10004b98:	20001fb0 	.word	0x20001fb0
10004b9c:	7fffffff 	.word	0x7fffffff

10004ba0 <stdio_usb_out_flush>:
10004ba0:	b510      	push	{r4, lr}
10004ba2:	f7fc fed9 	bl	10001958 <time_us_64>
10004ba6:	2300      	movs	r3, #0
10004ba8:	4a0d      	ldr	r2, [pc, #52]	@ (10004be0 <stdio_usb_out_flush+0x40>)
10004baa:	1812      	adds	r2, r2, r0
10004bac:	414b      	adcs	r3, r1
10004bae:	2b00      	cmp	r3, #0
10004bb0:	da02      	bge.n	10004bb8 <stdio_usb_out_flush+0x18>
10004bb2:	2201      	movs	r2, #1
10004bb4:	4b0b      	ldr	r3, [pc, #44]	@ (10004be4 <stdio_usb_out_flush+0x44>)
10004bb6:	4252      	negs	r2, r2
10004bb8:	4c0b      	ldr	r4, [pc, #44]	@ (10004be8 <stdio_usb_out_flush+0x48>)
10004bba:	0020      	movs	r0, r4
10004bbc:	f002 fc8c 	bl	100074d8 <__mutex_try_enter_block_until_veneer>
10004bc0:	2800      	cmp	r0, #0
10004bc2:	d00c      	beq.n	10004bde <stdio_usb_out_flush+0x3e>
10004bc4:	2001      	movs	r0, #1
10004bc6:	2100      	movs	r1, #0
10004bc8:	4240      	negs	r0, r0
10004bca:	f000 fcc9 	bl	10005560 <tud_task_ext>
10004bce:	2000      	movs	r0, #0
10004bd0:	f001 fb14 	bl	100061fc <tud_cdc_n_write_flush>
10004bd4:	2800      	cmp	r0, #0
10004bd6:	d1f5      	bne.n	10004bc4 <stdio_usb_out_flush+0x24>
10004bd8:	0020      	movs	r0, r4
10004bda:	f002 fc45 	bl	10007468 <__mutex_exit_veneer>
10004bde:	bd10      	pop	{r4, pc}
10004be0:	000f4240 	.word	0x000f4240
10004be4:	7fffffff 	.word	0x7fffffff
10004be8:	20001fb0 	.word	0x20001fb0

10004bec <stdio_usb_out_chars>:
10004bec:	b5f8      	push	{r3, r4, r5, r6, r7, lr}
10004bee:	46de      	mov	lr, fp
10004bf0:	4657      	mov	r7, sl
10004bf2:	b580      	push	{r7, lr}
10004bf4:	0005      	movs	r5, r0
10004bf6:	000c      	movs	r4, r1
10004bf8:	f7fc feae 	bl	10001958 <time_us_64>
10004bfc:	2300      	movs	r3, #0
10004bfe:	4a36      	ldr	r2, [pc, #216]	@ (10004cd8 <stdio_usb_out_chars+0xec>)
10004c00:	1812      	adds	r2, r2, r0
10004c02:	414b      	adcs	r3, r1
10004c04:	2b00      	cmp	r3, #0
10004c06:	da02      	bge.n	10004c0e <stdio_usb_out_chars+0x22>
10004c08:	2201      	movs	r2, #1
10004c0a:	4b34      	ldr	r3, [pc, #208]	@ (10004cdc <stdio_usb_out_chars+0xf0>)
10004c0c:	4252      	negs	r2, r2
10004c0e:	4934      	ldr	r1, [pc, #208]	@ (10004ce0 <stdio_usb_out_chars+0xf4>)
10004c10:	0008      	movs	r0, r1
10004c12:	468a      	mov	sl, r1
10004c14:	f002 fc60 	bl	100074d8 <__mutex_try_enter_block_until_veneer>
10004c18:	2800      	cmp	r0, #0
10004c1a:	d103      	bne.n	10004c24 <stdio_usb_out_chars+0x38>
10004c1c:	bcc0      	pop	{r6, r7}
10004c1e:	46bb      	mov	fp, r7
10004c20:	46b2      	mov	sl, r6
10004c22:	bdf8      	pop	{r3, r4, r5, r6, r7, pc}
10004c24:	2000      	movs	r0, #0
10004c26:	f001 fa85 	bl	10006134 <tud_cdc_n_connected>
10004c2a:	2800      	cmp	r0, #0
10004c2c:	d04a      	beq.n	10004cc4 <stdio_usb_out_chars+0xd8>
10004c2e:	2600      	movs	r6, #0
10004c30:	2c00      	cmp	r4, #0
10004c32:	dd43      	ble.n	10004cbc <stdio_usb_out_chars+0xd0>
10004c34:	4b2b      	ldr	r3, [pc, #172]	@ (10004ce4 <stdio_usb_out_chars+0xf8>)
10004c36:	469b      	mov	fp, r3
10004c38:	e014      	b.n	10004c64 <stdio_usb_out_chars+0x78>
10004c3a:	19a9      	adds	r1, r5, r6
10004c3c:	2000      	movs	r0, #0
10004c3e:	f001 fb17 	bl	10006270 <tud_cdc_n_write>
10004c42:	0007      	movs	r7, r0
10004c44:	2001      	movs	r0, #1
10004c46:	2100      	movs	r1, #0
10004c48:	4240      	negs	r0, r0
10004c4a:	f000 fc89 	bl	10005560 <tud_task_ext>
10004c4e:	2000      	movs	r0, #0
10004c50:	f001 fad4 	bl	100061fc <tud_cdc_n_write_flush>
10004c54:	f7fc fe80 	bl	10001958 <time_us_64>
10004c58:	4b22      	ldr	r3, [pc, #136]	@ (10004ce4 <stdio_usb_out_chars+0xf8>)
10004c5a:	19f6      	adds	r6, r6, r7
10004c5c:	6018      	str	r0, [r3, #0]
10004c5e:	6059      	str	r1, [r3, #4]
10004c60:	42b4      	cmp	r4, r6
10004c62:	dd2b      	ble.n	10004cbc <stdio_usb_out_chars+0xd0>
10004c64:	2000      	movs	r0, #0
10004c66:	f001 fb23 	bl	100062b0 <tud_cdc_n_write_available>
10004c6a:	1ba7      	subs	r7, r4, r6
10004c6c:	0002      	movs	r2, r0
10004c6e:	42b8      	cmp	r0, r7
10004c70:	dd00      	ble.n	10004c74 <stdio_usb_out_chars+0x88>
10004c72:	003a      	movs	r2, r7
10004c74:	2a00      	cmp	r2, #0
10004c76:	d1e0      	bne.n	10004c3a <stdio_usb_out_chars+0x4e>
10004c78:	2001      	movs	r0, #1
10004c7a:	2100      	movs	r1, #0
10004c7c:	4240      	negs	r0, r0
10004c7e:	f000 fc6f 	bl	10005560 <tud_task_ext>
10004c82:	2000      	movs	r0, #0
10004c84:	f001 faba 	bl	100061fc <tud_cdc_n_write_flush>
10004c88:	2000      	movs	r0, #0
10004c8a:	f001 fa53 	bl	10006134 <tud_cdc_n_connected>
10004c8e:	2800      	cmp	r0, #0
10004c90:	d014      	beq.n	10004cbc <stdio_usb_out_chars+0xd0>
10004c92:	2000      	movs	r0, #0
10004c94:	f001 fb0c 	bl	100062b0 <tud_cdc_n_write_available>
10004c98:	2800      	cmp	r0, #0
10004c9a:	d1e1      	bne.n	10004c60 <stdio_usb_out_chars+0x74>
10004c9c:	f7fc fe5c 	bl	10001958 <time_us_64>
10004ca0:	465b      	mov	r3, fp
10004ca2:	000f      	movs	r7, r1
10004ca4:	681a      	ldr	r2, [r3, #0]
10004ca6:	685b      	ldr	r3, [r3, #4]
10004ca8:	2100      	movs	r1, #0
10004caa:	4684      	mov	ip, r0
10004cac:	480e      	ldr	r0, [pc, #56]	@ (10004ce8 <stdio_usb_out_chars+0xfc>)
10004cae:	1812      	adds	r2, r2, r0
10004cb0:	414b      	adcs	r3, r1
10004cb2:	429f      	cmp	r7, r3
10004cb4:	d802      	bhi.n	10004cbc <stdio_usb_out_chars+0xd0>
10004cb6:	d1d3      	bne.n	10004c60 <stdio_usb_out_chars+0x74>
10004cb8:	4594      	cmp	ip, r2
10004cba:	d9d1      	bls.n	10004c60 <stdio_usb_out_chars+0x74>
10004cbc:	4650      	mov	r0, sl
10004cbe:	f002 fbd3 	bl	10007468 <__mutex_exit_veneer>
10004cc2:	e7ab      	b.n	10004c1c <stdio_usb_out_chars+0x30>
10004cc4:	2000      	movs	r0, #0
10004cc6:	2100      	movs	r1, #0
10004cc8:	4b06      	ldr	r3, [pc, #24]	@ (10004ce4 <stdio_usb_out_chars+0xf8>)
10004cca:	6018      	str	r0, [r3, #0]
10004ccc:	6059      	str	r1, [r3, #4]
10004cce:	4650      	mov	r0, sl
10004cd0:	f002 fbca 	bl	10007468 <__mutex_exit_veneer>
10004cd4:	e7a2      	b.n	10004c1c <stdio_usb_out_chars+0x30>
10004cd6:	46c0      	nop			@ (mov r8, r8)
10004cd8:	000f4240 	.word	0x000f4240
10004cdc:	7fffffff 	.word	0x7fffffff
10004ce0:	20001fb0 	.word	0x20001fb0
10004ce4:	20001250 	.word	0x20001250
10004ce8:	0007a120 	.word	0x0007a120

10004cec <low_priority_worker_irq>:
10004cec:	b530      	push	{r4, r5, lr}
10004cee:	4c2a      	ldr	r4, [pc, #168]	@ (10004d98 <low_priority_worker_irq+0xac>)
10004cf0:	b085      	sub	sp, #20
10004cf2:	2100      	movs	r1, #0
10004cf4:	0020      	movs	r0, r4
10004cf6:	f002 fbdf 	bl	100074b8 <__mutex_try_enter_veneer>
10004cfa:	2800      	cmp	r0, #0
10004cfc:	d11c      	bne.n	10004d38 <low_priority_worker_irq+0x4c>
10004cfe:	4b27      	ldr	r3, [pc, #156]	@ (10004d9c <low_priority_worker_irq+0xb0>)
10004d00:	681a      	ldr	r2, [r3, #0]
10004d02:	2a00      	cmp	r2, #0
10004d04:	d016      	beq.n	10004d34 <low_priority_worker_irq+0x48>
10004d06:	f3ef 8110 	mrs	r1, PRIMASK
10004d0a:	b672      	cpsid	i
10004d0c:	6810      	ldr	r0, [r2, #0]
10004d0e:	2800      	cmp	r0, #0
10004d10:	d0fc      	beq.n	10004d0c <low_priority_worker_irq+0x20>
10004d12:	f3bf 8f5f 	dmb	sy
10004d16:	2401      	movs	r4, #1
10004d18:	4821      	ldr	r0, [pc, #132]	@ (10004da0 <low_priority_worker_irq+0xb4>)
10004d1a:	6059      	str	r1, [r3, #4]
10004d1c:	7802      	ldrb	r2, [r0, #0]
10004d1e:	681b      	ldr	r3, [r3, #0]
10004d20:	b2d2      	uxtb	r2, r2
10004d22:	7004      	strb	r4, [r0, #0]
10004d24:	f3bf 8f5f 	dmb	sy
10004d28:	2000      	movs	r0, #0
10004d2a:	6018      	str	r0, [r3, #0]
10004d2c:	f381 8810 	msr	PRIMASK, r1
10004d30:	2a00      	cmp	r2, #0
10004d32:	d017      	beq.n	10004d64 <low_priority_worker_irq+0x78>
10004d34:	b005      	add	sp, #20
10004d36:	bd30      	pop	{r4, r5, pc}
10004d38:	2001      	movs	r0, #1
10004d3a:	2100      	movs	r1, #0
10004d3c:	4240      	negs	r0, r0
10004d3e:	f000 fc0f 	bl	10005560 <tud_task_ext>
10004d42:	2000      	movs	r0, #0
10004d44:	f001 fa0c 	bl	10006160 <tud_cdc_n_available>
10004d48:	0005      	movs	r5, r0
10004d4a:	0020      	movs	r0, r4
10004d4c:	f002 fb8c 	bl	10007468 <__mutex_exit_veneer>
10004d50:	2d00      	cmp	r5, #0
10004d52:	d0ef      	beq.n	10004d34 <low_priority_worker_irq+0x48>
10004d54:	4b13      	ldr	r3, [pc, #76]	@ (10004da4 <low_priority_worker_irq+0xb8>)
10004d56:	681b      	ldr	r3, [r3, #0]
10004d58:	2b00      	cmp	r3, #0
10004d5a:	d0eb      	beq.n	10004d34 <low_priority_worker_irq+0x48>
10004d5c:	4a12      	ldr	r2, [pc, #72]	@ (10004da8 <low_priority_worker_irq+0xbc>)
10004d5e:	6810      	ldr	r0, [r2, #0]
10004d60:	4798      	blx	r3
10004d62:	e7e7      	b.n	10004d34 <low_priority_worker_irq+0x48>
10004d64:	f7fc fbe2 	bl	1000152c <alarm_pool_get_default>
10004d68:	0004      	movs	r4, r0
10004d6a:	f7fc fdf5 	bl	10001958 <time_us_64>
10004d6e:	22fa      	movs	r2, #250	@ 0xfa
10004d70:	2300      	movs	r3, #0
10004d72:	0092      	lsls	r2, r2, #2
10004d74:	1812      	adds	r2, r2, r0
10004d76:	414b      	adcs	r3, r1
10004d78:	2b00      	cmp	r3, #0
10004d7a:	da02      	bge.n	10004d82 <low_priority_worker_irq+0x96>
10004d7c:	2201      	movs	r2, #1
10004d7e:	4b0b      	ldr	r3, [pc, #44]	@ (10004dac <low_priority_worker_irq+0xc0>)
10004d80:	4252      	negs	r2, r2
10004d82:	2101      	movs	r1, #1
10004d84:	9102      	str	r1, [sp, #8]
10004d86:	2100      	movs	r1, #0
10004d88:	9101      	str	r1, [sp, #4]
10004d8a:	4909      	ldr	r1, [pc, #36]	@ (10004db0 <low_priority_worker_irq+0xc4>)
10004d8c:	0020      	movs	r0, r4
10004d8e:	9100      	str	r1, [sp, #0]
10004d90:	f7fc fbd0 	bl	10001534 <alarm_pool_add_alarm_at>
10004d94:	e7ce      	b.n	10004d34 <low_priority_worker_irq+0x48>
10004d96:	46c0      	nop			@ (mov r8, r8)
10004d98:	20001fb0 	.word	0x20001fb0
10004d9c:	20001e88 	.word	0x20001e88
10004da0:	20001fdd 	.word	0x20001fdd
10004da4:	200019f4 	.word	0x200019f4
10004da8:	200019fc 	.word	0x200019fc
10004dac:	7fffffff 	.word	0x7fffffff
10004db0:	10004ab1 	.word	0x10004ab1

10004db4 <stdio_usb_init>:
10004db4:	23d0      	movs	r3, #208	@ 0xd0
10004db6:	b510      	push	{r4, lr}
10004db8:	061b      	lsls	r3, r3, #24
10004dba:	b084      	sub	sp, #16
10004dbc:	681c      	ldr	r4, [r3, #0]
10004dbe:	f7fc fbb5 	bl	1000152c <alarm_pool_get_default>
10004dc2:	f7fc fcb1 	bl	10001728 <alarm_pool_core_num>
10004dc6:	42a0      	cmp	r0, r4
10004dc8:	d002      	beq.n	10004dd0 <stdio_usb_init+0x1c>
10004dca:	2000      	movs	r0, #0
10004dcc:	b004      	add	sp, #16
10004dce:	bd10      	pop	{r4, pc}
10004dd0:	4b29      	ldr	r3, [pc, #164]	@ (10004e78 <stdio_usb_init+0xc4>)
10004dd2:	2100      	movs	r1, #0
10004dd4:	2000      	movs	r0, #0
10004dd6:	781b      	ldrb	r3, [r3, #0]
10004dd8:	f001 fd5e 	bl	10006898 <tusb_rhport_init>
10004ddc:	4827      	ldr	r0, [pc, #156]	@ (10004e7c <stdio_usb_init+0xc8>)
10004dde:	6803      	ldr	r3, [r0, #0]
10004de0:	2b00      	cmp	r3, #0
10004de2:	d045      	beq.n	10004e70 <stdio_usb_init+0xbc>
10004de4:	2001      	movs	r0, #1
10004de6:	f7fc f92f 	bl	10001048 <user_irq_claim_unused>
10004dea:	23ff      	movs	r3, #255	@ 0xff
10004dec:	4c24      	ldr	r4, [pc, #144]	@ (10004e80 <stdio_usb_init+0xcc>)
10004dee:	4925      	ldr	r1, [pc, #148]	@ (10004e84 <stdio_usb_init+0xd0>)
10004df0:	7020      	strb	r0, [r4, #0]
10004df2:	4018      	ands	r0, r3
10004df4:	f7fb fec0 	bl	10000b78 <irq_set_exclusive_handler>
10004df8:	7820      	ldrb	r0, [r4, #0]
10004dfa:	2101      	movs	r1, #1
10004dfc:	f7fb fe84 	bl	10000b08 <irq_set_enabled>
10004e00:	2005      	movs	r0, #5
10004e02:	f7fb fea7 	bl	10000b54 <irq_has_shared_handler>
10004e06:	2800      	cmp	r0, #0
10004e08:	d124      	bne.n	10004e54 <stdio_usb_init+0xa0>
10004e0a:	2208      	movs	r2, #8
10004e0c:	2100      	movs	r1, #0
10004e0e:	481e      	ldr	r0, [pc, #120]	@ (10004e88 <stdio_usb_init+0xd4>)
10004e10:	f7fd fe18 	bl	10002a44 <__wrap_memset>
10004e14:	f7fc fb8a 	bl	1000152c <alarm_pool_get_default>
10004e18:	0004      	movs	r4, r0
10004e1a:	f7fc fd9d 	bl	10001958 <time_us_64>
10004e1e:	22fa      	movs	r2, #250	@ 0xfa
10004e20:	2300      	movs	r3, #0
10004e22:	0092      	lsls	r2, r2, #2
10004e24:	1812      	adds	r2, r2, r0
10004e26:	414b      	adcs	r3, r1
10004e28:	2b00      	cmp	r3, #0
10004e2a:	da02      	bge.n	10004e32 <stdio_usb_init+0x7e>
10004e2c:	2201      	movs	r2, #1
10004e2e:	4b17      	ldr	r3, [pc, #92]	@ (10004e8c <stdio_usb_init+0xd8>)
10004e30:	4252      	negs	r2, r2
10004e32:	2101      	movs	r1, #1
10004e34:	9102      	str	r1, [sp, #8]
10004e36:	2100      	movs	r1, #0
10004e38:	9101      	str	r1, [sp, #4]
10004e3a:	4915      	ldr	r1, [pc, #84]	@ (10004e90 <stdio_usb_init+0xdc>)
10004e3c:	0020      	movs	r0, r4
10004e3e:	9100      	str	r1, [sp, #0]
10004e40:	f7fc fb78 	bl	10001534 <alarm_pool_add_alarm_at>
10004e44:	2800      	cmp	r0, #0
10004e46:	dbc0      	blt.n	10004dca <stdio_usb_init+0x16>
10004e48:	4812      	ldr	r0, [pc, #72]	@ (10004e94 <stdio_usb_init+0xe0>)
10004e4a:	2101      	movs	r1, #1
10004e4c:	f7ff fbac 	bl	100045a8 <stdio_set_driver_enabled>
10004e50:	2001      	movs	r0, #1
10004e52:	e7bb      	b.n	10004dcc <stdio_usb_init+0x18>
10004e54:	2001      	movs	r0, #1
10004e56:	f7fb fe25 	bl	10000aa4 <spin_lock_claim_unused>
10004e5a:	4b0b      	ldr	r3, [pc, #44]	@ (10004e88 <stdio_usb_init+0xd4>)
10004e5c:	0001      	movs	r1, r0
10004e5e:	0018      	movs	r0, r3
10004e60:	f7fc f954 	bl	1000110c <critical_section_init_with_lock_num>
10004e64:	2200      	movs	r2, #0
10004e66:	2005      	movs	r0, #5
10004e68:	490b      	ldr	r1, [pc, #44]	@ (10004e98 <stdio_usb_init+0xe4>)
10004e6a:	f7fb feaf 	bl	10000bcc <irq_add_shared_handler>
10004e6e:	e7eb      	b.n	10004e48 <stdio_usb_init+0x94>
10004e70:	f7fc f930 	bl	100010d4 <mutex_init>
10004e74:	e7b6      	b.n	10004de4 <stdio_usb_init+0x30>
10004e76:	46c0      	nop			@ (mov r8, r8)
10004e78:	10007ec4 	.word	0x10007ec4
10004e7c:	20001fb0 	.word	0x20001fb0
10004e80:	20001fdc 	.word	0x20001fdc
10004e84:	10004ced 	.word	0x10004ced
10004e88:	20001e88 	.word	0x20001e88
10004e8c:	7fffffff 	.word	0x7fffffff
10004e90:	10004ab1 	.word	0x10004ab1
10004e94:	20001088 	.word	0x20001088
10004e98:	10004aa1 	.word	0x10004aa1

10004e9c <tud_descriptor_device_cb>:
10004e9c:	4800      	ldr	r0, [pc, #0]	@ (10004ea0 <tud_descriptor_device_cb+0x4>)
10004e9e:	4770      	bx	lr
10004ea0:	10007d9c 	.word	0x10007d9c

10004ea4 <tud_descriptor_configuration_cb>:
10004ea4:	4800      	ldr	r0, [pc, #0]	@ (10004ea8 <tud_descriptor_configuration_cb+0x4>)
10004ea6:	4770      	bx	lr
10004ea8:	10007d48 	.word	0x10007d48

10004eac <tud_descriptor_string_cb>:
10004eac:	b510      	push	{r4, lr}
10004eae:	0004      	movs	r4, r0
10004eb0:	4817      	ldr	r0, [pc, #92]	@ (10004f10 <tud_descriptor_string_cb+0x64>)
10004eb2:	7803      	ldrb	r3, [r0, #0]
10004eb4:	2b00      	cmp	r3, #0
10004eb6:	d020      	beq.n	10004efa <tud_descriptor_string_cb+0x4e>
10004eb8:	2c00      	cmp	r4, #0
10004eba:	d106      	bne.n	10004eca <tud_descriptor_string_cb+0x1e>
10004ebc:	4b15      	ldr	r3, [pc, #84]	@ (10004f14 <tud_descriptor_string_cb+0x68>)
10004ebe:	4816      	ldr	r0, [pc, #88]	@ (10004f18 <tud_descriptor_string_cb+0x6c>)
10004ec0:	8043      	strh	r3, [r0, #2]
10004ec2:	3b06      	subs	r3, #6
10004ec4:	3bff      	subs	r3, #255	@ 0xff
10004ec6:	8003      	strh	r3, [r0, #0]
10004ec8:	bd10      	pop	{r4, pc}
10004eca:	2c05      	cmp	r4, #5
10004ecc:	d81d      	bhi.n	10004f0a <tud_descriptor_string_cb+0x5e>
10004ece:	4b13      	ldr	r3, [pc, #76]	@ (10004f1c <tud_descriptor_string_cb+0x70>)
10004ed0:	00a4      	lsls	r4, r4, #2
10004ed2:	58e0      	ldr	r0, [r4, r3]
10004ed4:	4912      	ldr	r1, [pc, #72]	@ (10004f20 <tud_descriptor_string_cb+0x74>)
10004ed6:	2301      	movs	r3, #1
10004ed8:	3801      	subs	r0, #1
10004eda:	e004      	b.n	10004ee6 <tud_descriptor_string_cb+0x3a>
10004edc:	3301      	adds	r3, #1
10004ede:	800a      	strh	r2, [r1, #0]
10004ee0:	3102      	adds	r1, #2
10004ee2:	2b14      	cmp	r3, #20
10004ee4:	d00d      	beq.n	10004f02 <tud_descriptor_string_cb+0x56>
10004ee6:	5cc2      	ldrb	r2, [r0, r3]
10004ee8:	2a00      	cmp	r2, #0
10004eea:	d1f7      	bne.n	10004edc <tud_descriptor_string_cb+0x30>
10004eec:	22c0      	movs	r2, #192	@ 0xc0
10004eee:	b2db      	uxtb	r3, r3
10004ef0:	005b      	lsls	r3, r3, #1
10004ef2:	0092      	lsls	r2, r2, #2
10004ef4:	4808      	ldr	r0, [pc, #32]	@ (10004f18 <tud_descriptor_string_cb+0x6c>)
10004ef6:	4313      	orrs	r3, r2
10004ef8:	e7e5      	b.n	10004ec6 <tud_descriptor_string_cb+0x1a>
10004efa:	2111      	movs	r1, #17
10004efc:	f000 f81a 	bl	10004f34 <pico_get_unique_board_id_string>
10004f00:	e7da      	b.n	10004eb8 <tud_descriptor_string_cb+0xc>
10004f02:	23ca      	movs	r3, #202	@ 0xca
10004f04:	4804      	ldr	r0, [pc, #16]	@ (10004f18 <tud_descriptor_string_cb+0x6c>)
10004f06:	009b      	lsls	r3, r3, #2
10004f08:	e7dd      	b.n	10004ec6 <tud_descriptor_string_cb+0x1a>
10004f0a:	2000      	movs	r0, #0
10004f0c:	e7dc      	b.n	10004ec8 <tud_descriptor_string_cb+0x1c>
10004f0e:	46c0      	nop			@ (mov r8, r8)
10004f10:	20001fc4 	.word	0x20001fc4
10004f14:	00000409 	.word	0x00000409
10004f18:	20001a30 	.word	0x20001a30
10004f1c:	10007d30 	.word	0x10007d30
10004f20:	20001a32 	.word	0x20001a32

10004f24 <_retrieve_unique_id_on_boot>:
10004f24:	b510      	push	{r4, lr}
10004f26:	4802      	ldr	r0, [pc, #8]	@ (10004f30 <_retrieve_unique_id_on_boot+0xc>)
10004f28:	f000 f8d8 	bl	100050dc <flash_get_unique_id>
10004f2c:	bd10      	pop	{r4, pc}
10004f2e:	46c0      	nop			@ (mov r8, r8)
10004f30:	20001ea0 	.word	0x20001ea0

10004f34 <pico_get_unique_board_id_string>:
10004f34:	b530      	push	{r4, r5, lr}
10004f36:	1e4b      	subs	r3, r1, #1
10004f38:	2901      	cmp	r1, #1
10004f3a:	d100      	bne.n	10004f3e <pico_get_unique_board_id_string+0xa>
10004f3c:	e0a7      	b.n	1000508e <pico_get_unique_board_id_string+0x15a>
10004f3e:	4a66      	ldr	r2, [pc, #408]	@ (100050d8 <pico_get_unique_board_id_string+0x1a4>)
10004f40:	7811      	ldrb	r1, [r2, #0]
10004f42:	090d      	lsrs	r5, r1, #4
10004f44:	002c      	movs	r4, r5
10004f46:	3430      	adds	r4, #48	@ 0x30
10004f48:	299f      	cmp	r1, #159	@ 0x9f
10004f4a:	d900      	bls.n	10004f4e <pico_get_unique_board_id_string+0x1a>
10004f4c:	e0a2      	b.n	10005094 <pico_get_unique_board_id_string+0x160>
10004f4e:	7004      	strb	r4, [r0, #0]
10004f50:	2b01      	cmp	r3, #1
10004f52:	d100      	bne.n	10004f56 <pico_get_unique_board_id_string+0x22>
10004f54:	e0be      	b.n	100050d4 <pico_get_unique_board_id_string+0x1a0>
10004f56:	210f      	movs	r1, #15
10004f58:	7814      	ldrb	r4, [r2, #0]
10004f5a:	4021      	ands	r1, r4
10004f5c:	000c      	movs	r4, r1
10004f5e:	3430      	adds	r4, #48	@ 0x30
10004f60:	2909      	cmp	r1, #9
10004f62:	d900      	bls.n	10004f66 <pico_get_unique_board_id_string+0x32>
10004f64:	e098      	b.n	10005098 <pico_get_unique_board_id_string+0x164>
10004f66:	7044      	strb	r4, [r0, #1]
10004f68:	2b02      	cmp	r3, #2
10004f6a:	d100      	bne.n	10004f6e <pico_get_unique_board_id_string+0x3a>
10004f6c:	e0b2      	b.n	100050d4 <pico_get_unique_board_id_string+0x1a0>
10004f6e:	7854      	ldrb	r4, [r2, #1]
10004f70:	0925      	lsrs	r5, r4, #4
10004f72:	0029      	movs	r1, r5
10004f74:	3130      	adds	r1, #48	@ 0x30
10004f76:	2c9f      	cmp	r4, #159	@ 0x9f
10004f78:	d900      	bls.n	10004f7c <pico_get_unique_board_id_string+0x48>
10004f7a:	e090      	b.n	1000509e <pico_get_unique_board_id_string+0x16a>
10004f7c:	7081      	strb	r1, [r0, #2]
10004f7e:	2b03      	cmp	r3, #3
10004f80:	d100      	bne.n	10004f84 <pico_get_unique_board_id_string+0x50>
10004f82:	e0a7      	b.n	100050d4 <pico_get_unique_board_id_string+0x1a0>
10004f84:	210f      	movs	r1, #15
10004f86:	4021      	ands	r1, r4
10004f88:	000c      	movs	r4, r1
10004f8a:	3430      	adds	r4, #48	@ 0x30
10004f8c:	2909      	cmp	r1, #9
10004f8e:	d900      	bls.n	10004f92 <pico_get_unique_board_id_string+0x5e>
10004f90:	e087      	b.n	100050a2 <pico_get_unique_board_id_string+0x16e>
10004f92:	70c4      	strb	r4, [r0, #3]
10004f94:	2b04      	cmp	r3, #4
10004f96:	d100      	bne.n	10004f9a <pico_get_unique_board_id_string+0x66>
10004f98:	e09c      	b.n	100050d4 <pico_get_unique_board_id_string+0x1a0>
10004f9a:	7894      	ldrb	r4, [r2, #2]
10004f9c:	0925      	lsrs	r5, r4, #4
10004f9e:	0029      	movs	r1, r5
10004fa0:	3130      	adds	r1, #48	@ 0x30
10004fa2:	2c9f      	cmp	r4, #159	@ 0x9f
10004fa4:	d900      	bls.n	10004fa8 <pico_get_unique_board_id_string+0x74>
10004fa6:	e07f      	b.n	100050a8 <pico_get_unique_board_id_string+0x174>
10004fa8:	7101      	strb	r1, [r0, #4]
10004faa:	2b05      	cmp	r3, #5
10004fac:	d100      	bne.n	10004fb0 <pico_get_unique_board_id_string+0x7c>
10004fae:	e091      	b.n	100050d4 <pico_get_unique_board_id_string+0x1a0>
10004fb0:	210f      	movs	r1, #15
10004fb2:	4021      	ands	r1, r4
10004fb4:	000c      	movs	r4, r1
10004fb6:	3430      	adds	r4, #48	@ 0x30
10004fb8:	2909      	cmp	r1, #9
10004fba:	d900      	bls.n	10004fbe <pico_get_unique_board_id_string+0x8a>
10004fbc:	e076      	b.n	100050ac <pico_get_unique_board_id_string+0x178>
10004fbe:	7144      	strb	r4, [r0, #5]
10004fc0:	2b06      	cmp	r3, #6
10004fc2:	d100      	bne.n	10004fc6 <pico_get_unique_board_id_string+0x92>
10004fc4:	e086      	b.n	100050d4 <pico_get_unique_board_id_string+0x1a0>
10004fc6:	78d4      	ldrb	r4, [r2, #3]
10004fc8:	0925      	lsrs	r5, r4, #4
10004fca:	0029      	movs	r1, r5
10004fcc:	3130      	adds	r1, #48	@ 0x30
10004fce:	2c9f      	cmp	r4, #159	@ 0x9f
10004fd0:	d900      	bls.n	10004fd4 <pico_get_unique_board_id_string+0xa0>
10004fd2:	e06e      	b.n	100050b2 <pico_get_unique_board_id_string+0x17e>
10004fd4:	7181      	strb	r1, [r0, #6]
10004fd6:	2b07      	cmp	r3, #7
10004fd8:	d100      	bne.n	10004fdc <pico_get_unique_board_id_string+0xa8>
10004fda:	e07b      	b.n	100050d4 <pico_get_unique_board_id_string+0x1a0>
10004fdc:	210f      	movs	r1, #15
10004fde:	4021      	ands	r1, r4
10004fe0:	000c      	movs	r4, r1
10004fe2:	3430      	adds	r4, #48	@ 0x30
10004fe4:	2909      	cmp	r1, #9
10004fe6:	d866      	bhi.n	100050b6 <pico_get_unique_board_id_string+0x182>
10004fe8:	71c4      	strb	r4, [r0, #7]
10004fea:	2b08      	cmp	r3, #8
10004fec:	d100      	bne.n	10004ff0 <pico_get_unique_board_id_string+0xbc>
10004fee:	e071      	b.n	100050d4 <pico_get_unique_board_id_string+0x1a0>
10004ff0:	7914      	ldrb	r4, [r2, #4]
10004ff2:	0925      	lsrs	r5, r4, #4
10004ff4:	0029      	movs	r1, r5
10004ff6:	3130      	adds	r1, #48	@ 0x30
10004ff8:	2c9f      	cmp	r4, #159	@ 0x9f
10004ffa:	d85f      	bhi.n	100050bc <pico_get_unique_board_id_string+0x188>
10004ffc:	7201      	strb	r1, [r0, #8]
10004ffe:	2b09      	cmp	r3, #9
10005000:	d068      	beq.n	100050d4 <pico_get_unique_board_id_string+0x1a0>
10005002:	210f      	movs	r1, #15
10005004:	4021      	ands	r1, r4
10005006:	000c      	movs	r4, r1
10005008:	3430      	adds	r4, #48	@ 0x30
1000500a:	2909      	cmp	r1, #9
1000500c:	d858      	bhi.n	100050c0 <pico_get_unique_board_id_string+0x18c>
1000500e:	7244      	strb	r4, [r0, #9]
10005010:	2b0a      	cmp	r3, #10
10005012:	d05f      	beq.n	100050d4 <pico_get_unique_board_id_string+0x1a0>
10005014:	7954      	ldrb	r4, [r2, #5]
10005016:	0925      	lsrs	r5, r4, #4
10005018:	0029      	movs	r1, r5
1000501a:	3130      	adds	r1, #48	@ 0x30
1000501c:	2c9f      	cmp	r4, #159	@ 0x9f
1000501e:	d852      	bhi.n	100050c6 <pico_get_unique_board_id_string+0x192>
10005020:	7281      	strb	r1, [r0, #10]
10005022:	2b0b      	cmp	r3, #11
10005024:	d056      	beq.n	100050d4 <pico_get_unique_board_id_string+0x1a0>
10005026:	210f      	movs	r1, #15
10005028:	4021      	ands	r1, r4
1000502a:	000c      	movs	r4, r1
1000502c:	3430      	adds	r4, #48	@ 0x30
1000502e:	2909      	cmp	r1, #9
10005030:	d84b      	bhi.n	100050ca <pico_get_unique_board_id_string+0x196>
10005032:	72c4      	strb	r4, [r0, #11]
10005034:	2b0c      	cmp	r3, #12
10005036:	d04d      	beq.n	100050d4 <pico_get_unique_board_id_string+0x1a0>
10005038:	7994      	ldrb	r4, [r2, #6]
1000503a:	0925      	lsrs	r5, r4, #4
1000503c:	0029      	movs	r1, r5
1000503e:	3130      	adds	r1, #48	@ 0x30
10005040:	2c9f      	cmp	r4, #159	@ 0x9f
10005042:	d900      	bls.n	10005046 <pico_get_unique_board_id_string+0x112>
10005044:	3107      	adds	r1, #7
10005046:	7301      	strb	r1, [r0, #12]
10005048:	2b0d      	cmp	r3, #13
1000504a:	d043      	beq.n	100050d4 <pico_get_unique_board_id_string+0x1a0>
1000504c:	210f      	movs	r1, #15
1000504e:	4021      	ands	r1, r4
10005050:	000c      	movs	r4, r1
10005052:	3430      	adds	r4, #48	@ 0x30
10005054:	2909      	cmp	r1, #9
10005056:	d901      	bls.n	1000505c <pico_get_unique_board_id_string+0x128>
10005058:	3137      	adds	r1, #55	@ 0x37
1000505a:	000c      	movs	r4, r1
1000505c:	7344      	strb	r4, [r0, #13]
1000505e:	2b0e      	cmp	r3, #14
10005060:	d038      	beq.n	100050d4 <pico_get_unique_board_id_string+0x1a0>
10005062:	79d1      	ldrb	r1, [r2, #7]
10005064:	090c      	lsrs	r4, r1, #4
10005066:	0022      	movs	r2, r4
10005068:	3230      	adds	r2, #48	@ 0x30
1000506a:	299f      	cmp	r1, #159	@ 0x9f
1000506c:	d900      	bls.n	10005070 <pico_get_unique_board_id_string+0x13c>
1000506e:	3207      	adds	r2, #7
10005070:	7382      	strb	r2, [r0, #14]
10005072:	2b0f      	cmp	r3, #15
10005074:	d02e      	beq.n	100050d4 <pico_get_unique_board_id_string+0x1a0>
10005076:	220f      	movs	r2, #15
10005078:	400a      	ands	r2, r1
1000507a:	0011      	movs	r1, r2
1000507c:	3137      	adds	r1, #55	@ 0x37
1000507e:	2a09      	cmp	r2, #9
10005080:	d801      	bhi.n	10005086 <pico_get_unique_board_id_string+0x152>
10005082:	3230      	adds	r2, #48	@ 0x30
10005084:	0011      	movs	r1, r2
10005086:	73c1      	strb	r1, [r0, #15]
10005088:	2b10      	cmp	r3, #16
1000508a:	d023      	beq.n	100050d4 <pico_get_unique_board_id_string+0x1a0>
1000508c:	3010      	adds	r0, #16
1000508e:	2300      	movs	r3, #0
10005090:	7003      	strb	r3, [r0, #0]
10005092:	bd30      	pop	{r4, r5, pc}
10005094:	3407      	adds	r4, #7
10005096:	e75a      	b.n	10004f4e <pico_get_unique_board_id_string+0x1a>
10005098:	3137      	adds	r1, #55	@ 0x37
1000509a:	000c      	movs	r4, r1
1000509c:	e763      	b.n	10004f66 <pico_get_unique_board_id_string+0x32>
1000509e:	3107      	adds	r1, #7
100050a0:	e76c      	b.n	10004f7c <pico_get_unique_board_id_string+0x48>
100050a2:	3137      	adds	r1, #55	@ 0x37
100050a4:	000c      	movs	r4, r1
100050a6:	e774      	b.n	10004f92 <pico_get_unique_board_id_string+0x5e>
100050a8:	3107      	adds	r1, #7
100050aa:	e77d      	b.n	10004fa8 <pico_get_unique_board_id_string+0x74>
100050ac:	3137      	adds	r1, #55	@ 0x37
100050ae:	000c      	movs	r4, r1
100050b0:	e785      	b.n	10004fbe <pico_get_unique_board_id_string+0x8a>
100050b2:	3107      	adds	r1, #7
100050b4:	e78e      	b.n	10004fd4 <pico_get_unique_board_id_string+0xa0>
100050b6:	3137      	adds	r1, #55	@ 0x37
100050b8:	000c      	movs	r4, r1
100050ba:	e795      	b.n	10004fe8 <pico_get_unique_board_id_string+0xb4>
100050bc:	3107      	adds	r1, #7
100050be:	e79d      	b.n	10004ffc <pico_get_unique_board_id_string+0xc8>
100050c0:	3137      	adds	r1, #55	@ 0x37
100050c2:	000c      	movs	r4, r1
100050c4:	e7a3      	b.n	1000500e <pico_get_unique_board_id_string+0xda>
100050c6:	3107      	adds	r1, #7
100050c8:	e7aa      	b.n	10005020 <pico_get_unique_board_id_string+0xec>
100050ca:	3137      	adds	r1, #55	@ 0x37
100050cc:	000c      	movs	r4, r1
100050ce:	72c4      	strb	r4, [r0, #11]
100050d0:	2b0c      	cmp	r3, #12
100050d2:	d1b1      	bne.n	10005038 <pico_get_unique_board_id_string+0x104>
100050d4:	18c0      	adds	r0, r0, r3
100050d6:	e7da      	b.n	1000508e <pico_get_unique_board_id_string+0x15a>
100050d8:	20001ea0 	.word	0x20001ea0

100050dc <flash_get_unique_id>:
100050dc:	b510      	push	{r4, lr}
100050de:	b088      	sub	sp, #32
100050e0:	0004      	movs	r4, r0
100050e2:	220d      	movs	r2, #13
100050e4:	2100      	movs	r1, #0
100050e6:	4668      	mov	r0, sp
100050e8:	f7fd fcac 	bl	10002a44 <__wrap_memset>
100050ec:	220d      	movs	r2, #13
100050ee:	2100      	movs	r1, #0
100050f0:	a804      	add	r0, sp, #16
100050f2:	f7fd fca7 	bl	10002a44 <__wrap_memset>
100050f6:	234b      	movs	r3, #75	@ 0x4b
100050f8:	466a      	mov	r2, sp
100050fa:	4668      	mov	r0, sp
100050fc:	7013      	strb	r3, [r2, #0]
100050fe:	a904      	add	r1, sp, #16
10005100:	220d      	movs	r2, #13
10005102:	f002 f9a9 	bl	10007458 <__flash_do_cmd_veneer>
10005106:	2115      	movs	r1, #21
10005108:	2208      	movs	r2, #8
1000510a:	0020      	movs	r0, r4
1000510c:	4469      	add	r1, sp
1000510e:	f7fd fc9f 	bl	10002a50 <__wrap___aeabi_memcpy>
10005112:	b008      	add	sp, #32
10005114:	bd10      	pop	{r4, pc}
10005116:	46c0      	nop			@ (mov r8, r8)

10005118 <dcd_init>:
10005118:	b5f8      	push	{r3, r4, r5, r6, r7, lr}
1000511a:	f000 f947 	bl	100053ac <rp2040_usb_init>
1000511e:	230c      	movs	r3, #12
10005120:	4d19      	ldr	r5, [pc, #100]	@ (10005188 <dcd_init+0x70>)
10005122:	22ff      	movs	r2, #255	@ 0xff
10005124:	67ab      	str	r3, [r5, #120]	@ 0x78
10005126:	2005      	movs	r0, #5
10005128:	4918      	ldr	r1, [pc, #96]	@ (1000518c <dcd_init+0x74>)
1000512a:	f7fb fd4f 	bl	10000bcc <irq_add_shared_handler>
1000512e:	4c18      	ldr	r4, [pc, #96]	@ (10005190 <dcd_init+0x78>)
10005130:	2240      	movs	r2, #64	@ 0x40
10005132:	2100      	movs	r1, #0
10005134:	0020      	movs	r0, r4
10005136:	f7fd fc85 	bl	10002a44 <__wrap_memset>
1000513a:	2740      	movs	r7, #64	@ 0x40
1000513c:	2300      	movs	r3, #0
1000513e:	2601      	movs	r6, #1
10005140:	2121      	movs	r1, #33	@ 0x21
10005142:	4a14      	ldr	r2, [pc, #80]	@ (10005194 <dcd_init+0x7c>)
10005144:	7066      	strb	r6, [r4, #1]
10005146:	8327      	strh	r7, [r4, #24]
10005148:	60a2      	str	r2, [r4, #8]
1000514a:	6013      	str	r3, [r2, #0]
1000514c:	5463      	strb	r3, [r4, r1]
1000514e:	315f      	adds	r1, #95	@ 0x5f
10005150:	8461      	strh	r1, [r4, #34]	@ 0x22
10005152:	3945      	subs	r1, #69	@ 0x45
10005154:	5463      	strb	r3, [r4, r1]
10005156:	4a10      	ldr	r2, [pc, #64]	@ (10005198 <dcd_init+0x80>)
10005158:	4910      	ldr	r1, [pc, #64]	@ (1000519c <dcd_init+0x84>)
1000515a:	6063      	str	r3, [r4, #4]
1000515c:	60e2      	str	r2, [r4, #12]
1000515e:	8727      	strh	r7, [r4, #56]	@ 0x38
10005160:	62a1      	str	r1, [r4, #40]	@ 0x28
10005162:	600b      	str	r3, [r1, #0]
10005164:	6263      	str	r3, [r4, #36]	@ 0x24
10005166:	62e2      	str	r2, [r4, #44]	@ 0x2c
10005168:	f002 f98e 	bl	10007488 <__reset_non_control_endpoints_veneer>
1000516c:	2380      	movs	r3, #128	@ 0x80
1000516e:	059b      	lsls	r3, r3, #22
10005170:	642e      	str	r6, [r5, #64]	@ 0x40
10005172:	64eb      	str	r3, [r5, #76]	@ 0x4c
10005174:	2390      	movs	r3, #144	@ 0x90
10005176:	4a0a      	ldr	r2, [pc, #40]	@ (100051a0 <dcd_init+0x88>)
10005178:	2001      	movs	r0, #1
1000517a:	50ea      	str	r2, [r5, r3]
1000517c:	2280      	movs	r2, #128	@ 0x80
1000517e:	4b09      	ldr	r3, [pc, #36]	@ (100051a4 <dcd_init+0x8c>)
10005180:	0252      	lsls	r2, r2, #9
10005182:	64da      	str	r2, [r3, #76]	@ 0x4c
10005184:	bdf8      	pop	{r3, r4, r5, r6, r7, pc}
10005186:	46c0      	nop			@ (mov r8, r8)
10005188:	50110000 	.word	0x50110000
1000518c:	20000545 	.word	0x20000545
10005190:	20001a64 	.word	0x20001a64
10005194:	50100084 	.word	0x50100084
10005198:	50100100 	.word	0x50100100
1000519c:	50100080 	.word	0x50100080
100051a0:	0001d010 	.word	0x0001d010
100051a4:	50112000 	.word	0x50112000

100051a8 <dcd_int_enable>:
100051a8:	b510      	push	{r4, lr}
100051aa:	2101      	movs	r1, #1
100051ac:	2005      	movs	r0, #5
100051ae:	f7fb fcab 	bl	10000b08 <irq_set_enabled>
100051b2:	bd10      	pop	{r4, pc}

100051b4 <dcd_set_address>:
100051b4:	b510      	push	{r4, lr}
100051b6:	2200      	movs	r2, #0
100051b8:	2100      	movs	r1, #0
100051ba:	4802      	ldr	r0, [pc, #8]	@ (100051c4 <dcd_set_address+0x10>)
100051bc:	f000 f916 	bl	100053ec <hw_endpoint_xfer_start>
100051c0:	bd10      	pop	{r4, pc}
100051c2:	46c0      	nop			@ (mov r8, r8)
100051c4:	20001a84 	.word	0x20001a84

100051c8 <dcd_sof_enable>:
100051c8:	4b04      	ldr	r3, [pc, #16]	@ (100051dc <dcd_sof_enable+0x14>)
100051ca:	7019      	strb	r1, [r3, #0]
100051cc:	2900      	cmp	r1, #0
100051ce:	d004      	beq.n	100051da <dcd_sof_enable+0x12>
100051d0:	2180      	movs	r1, #128	@ 0x80
100051d2:	2390      	movs	r3, #144	@ 0x90
100051d4:	4a02      	ldr	r2, [pc, #8]	@ (100051e0 <dcd_sof_enable+0x18>)
100051d6:	0289      	lsls	r1, r1, #10
100051d8:	50d1      	str	r1, [r2, r3]
100051da:	4770      	bx	lr
100051dc:	20001fd6 	.word	0x20001fd6
100051e0:	50112000 	.word	0x50112000

100051e4 <dcd_edpt0_status_complete>:
100051e4:	780b      	ldrb	r3, [r1, #0]
100051e6:	065b      	lsls	r3, r3, #25
100051e8:	d102      	bne.n	100051f0 <dcd_edpt0_status_complete+0xc>
100051ea:	784b      	ldrb	r3, [r1, #1]
100051ec:	2b05      	cmp	r3, #5
100051ee:	d000      	beq.n	100051f2 <dcd_edpt0_status_complete+0xe>
100051f0:	4770      	bx	lr
100051f2:	788a      	ldrb	r2, [r1, #2]
100051f4:	4b01      	ldr	r3, [pc, #4]	@ (100051fc <dcd_edpt0_status_complete+0x18>)
100051f6:	601a      	str	r2, [r3, #0]
100051f8:	e7fa      	b.n	100051f0 <dcd_edpt0_status_complete+0xc>
100051fa:	46c0      	nop			@ (mov r8, r8)
100051fc:	50110000 	.word	0x50110000

10005200 <dcd_edpt_open>:
10005200:	b5f0      	push	{r4, r5, r6, r7, lr}
10005202:	46c6      	mov	lr, r8
10005204:	78c8      	ldrb	r0, [r1, #3]
10005206:	b500      	push	{lr}
10005208:	0780      	lsls	r0, r0, #30
1000520a:	0f83      	lsrs	r3, r0, #30
1000520c:	0018      	movs	r0, r3
1000520e:	2b01      	cmp	r3, #1
10005210:	d060      	beq.n	100052d4 <dcd_edpt_open+0xd4>
10005212:	788f      	ldrb	r7, [r1, #2]
10005214:	790a      	ldrb	r2, [r1, #4]
10005216:	794b      	ldrb	r3, [r1, #5]
10005218:	217f      	movs	r1, #127	@ 0x7f
1000521a:	4039      	ands	r1, r7
1000521c:	09fc      	lsrs	r4, r7, #7
1000521e:	021b      	lsls	r3, r3, #8
10005220:	004e      	lsls	r6, r1, #1
10005222:	4313      	orrs	r3, r2
10005224:	4d33      	ldr	r5, [pc, #204]	@ (100052f4 <dcd_edpt_open+0xf4>)
10005226:	1932      	adds	r2, r6, r4
10005228:	0152      	lsls	r2, r2, #5
1000522a:	18aa      	adds	r2, r5, r2
1000522c:	7097      	strb	r7, [r2, #2]
1000522e:	2701      	movs	r7, #1
10005230:	4067      	eors	r7, r4
10005232:	7057      	strb	r7, [r2, #1]
10005234:	2700      	movs	r7, #0
10005236:	055b      	lsls	r3, r3, #21
10005238:	0d5b      	lsrs	r3, r3, #21
1000523a:	70d7      	strb	r7, [r2, #3]
1000523c:	8313      	strh	r3, [r2, #24]
1000523e:	76d0      	strb	r0, [r2, #27]
10005240:	46b8      	mov	r8, r7
10005242:	00ca      	lsls	r2, r1, #3
10005244:	2c01      	cmp	r4, #1
10005246:	d032      	beq.n	100052ae <dcd_edpt_open+0xae>
10005248:	4f2b      	ldr	r7, [pc, #172]	@ (100052f8 <dcd_edpt_open+0xf8>)
1000524a:	46bc      	mov	ip, r7
1000524c:	018f      	lsls	r7, r1, #6
1000524e:	4462      	add	r2, ip
10005250:	46bc      	mov	ip, r7
10005252:	44ac      	add	ip, r5
10005254:	4667      	mov	r7, ip
10005256:	60ba      	str	r2, [r7, #8]
10005258:	4647      	mov	r7, r8
1000525a:	6017      	str	r7, [r2, #0]
1000525c:	2900      	cmp	r1, #0
1000525e:	d032      	beq.n	100052c6 <dcd_edpt_open+0xc6>
10005260:	4a26      	ldr	r2, [pc, #152]	@ (100052fc <dcd_edpt_open+0xfc>)
10005262:	00c9      	lsls	r1, r1, #3
10005264:	4690      	mov	r8, r2
10005266:	4662      	mov	r2, ip
10005268:	4441      	add	r1, r8
1000526a:	6051      	str	r1, [r2, #4]
1000526c:	223f      	movs	r2, #63	@ 0x3f
1000526e:	333f      	adds	r3, #63	@ 0x3f
10005270:	4393      	bics	r3, r2
10005272:	2802      	cmp	r0, #2
10005274:	d037      	beq.n	100052e6 <dcd_edpt_open+0xe6>
10005276:	4922      	ldr	r1, [pc, #136]	@ (10005300 <dcd_edpt_open+0x100>)
10005278:	1937      	adds	r7, r6, r4
1000527a:	680a      	ldr	r2, [r1, #0]
1000527c:	017f      	lsls	r7, r7, #5
1000527e:	18d3      	adds	r3, r2, r3
10005280:	600b      	str	r3, [r1, #0]
10005282:	4920      	ldr	r1, [pc, #128]	@ (10005304 <dcd_edpt_open+0x104>)
10005284:	19ef      	adds	r7, r5, r7
10005286:	60fa      	str	r2, [r7, #12]
10005288:	428b      	cmp	r3, r1
1000528a:	d82e      	bhi.n	100052ea <dcd_edpt_open+0xea>
1000528c:	1936      	adds	r6, r6, r4
1000528e:	0176      	lsls	r6, r6, #5
10005290:	19ad      	adds	r5, r5, r6
10005292:	7eeb      	ldrb	r3, [r5, #27]
10005294:	491c      	ldr	r1, [pc, #112]	@ (10005308 <dcd_edpt_open+0x108>)
10005296:	069b      	lsls	r3, r3, #26
10005298:	404a      	eors	r2, r1
1000529a:	4313      	orrs	r3, r2
1000529c:	2280      	movs	r2, #128	@ 0x80
1000529e:	0612      	lsls	r2, r2, #24
100052a0:	4313      	orrs	r3, r2
100052a2:	686a      	ldr	r2, [r5, #4]
100052a4:	6013      	str	r3, [r2, #0]
100052a6:	2001      	movs	r0, #1
100052a8:	bc80      	pop	{r7}
100052aa:	46b8      	mov	r8, r7
100052ac:	bdf0      	pop	{r4, r5, r6, r7, pc}
100052ae:	4f17      	ldr	r7, [pc, #92]	@ (1000530c <dcd_edpt_open+0x10c>)
100052b0:	46bc      	mov	ip, r7
100052b2:	018f      	lsls	r7, r1, #6
100052b4:	4462      	add	r2, ip
100052b6:	46bc      	mov	ip, r7
100052b8:	44ac      	add	ip, r5
100052ba:	4667      	mov	r7, ip
100052bc:	62ba      	str	r2, [r7, #40]	@ 0x28
100052be:	4647      	mov	r7, r8
100052c0:	6017      	str	r7, [r2, #0]
100052c2:	2900      	cmp	r1, #0
100052c4:	d108      	bne.n	100052d8 <dcd_edpt_open+0xd8>
100052c6:	2300      	movs	r3, #0
100052c8:	0164      	lsls	r4, r4, #5
100052ca:	192c      	adds	r4, r5, r4
100052cc:	6063      	str	r3, [r4, #4]
100052ce:	4b10      	ldr	r3, [pc, #64]	@ (10005310 <dcd_edpt_open+0x110>)
100052d0:	60e3      	str	r3, [r4, #12]
100052d2:	e7e8      	b.n	100052a6 <dcd_edpt_open+0xa6>
100052d4:	2000      	movs	r0, #0
100052d6:	e7e7      	b.n	100052a8 <dcd_edpt_open+0xa8>
100052d8:	4a0b      	ldr	r2, [pc, #44]	@ (10005308 <dcd_edpt_open+0x108>)
100052da:	00c9      	lsls	r1, r1, #3
100052dc:	4690      	mov	r8, r2
100052de:	4662      	mov	r2, ip
100052e0:	4441      	add	r1, r8
100052e2:	6251      	str	r1, [r2, #36]	@ 0x24
100052e4:	e7c2      	b.n	1000526c <dcd_edpt_open+0x6c>
100052e6:	005b      	lsls	r3, r3, #1
100052e8:	e7c5      	b.n	10005276 <dcd_edpt_open+0x76>
100052ea:	f7fc fe09 	bl	10001f00 <hard_assertion_failure>
100052ee:	68fa      	ldr	r2, [r7, #12]
100052f0:	e7cc      	b.n	1000528c <dcd_edpt_open+0x8c>
100052f2:	46c0      	nop			@ (mov r8, r8)
100052f4:	20001a64 	.word	0x20001a64
100052f8:	50100084 	.word	0x50100084
100052fc:	50100004 	.word	0x50100004
10005300:	20001e6c 	.word	0x20001e6c
10005304:	50100fff 	.word	0x50100fff
10005308:	50100000 	.word	0x50100000
1000530c:	50100080 	.word	0x50100080
10005310:	50100100 	.word	0x50100100

10005314 <dcd_edpt_close_all>:
10005314:	b510      	push	{r4, lr}
10005316:	f002 f8b7 	bl	10007488 <__reset_non_control_endpoints_veneer>
1000531a:	bd10      	pop	{r4, pc}

1000531c <dcd_edpt_xfer>:
1000531c:	b510      	push	{r4, lr}
1000531e:	207f      	movs	r0, #127	@ 0x7f
10005320:	000c      	movs	r4, r1
10005322:	4020      	ands	r0, r4
10005324:	0040      	lsls	r0, r0, #1
10005326:	09e4      	lsrs	r4, r4, #7
10005328:	0011      	movs	r1, r2
1000532a:	1900      	adds	r0, r0, r4
1000532c:	001a      	movs	r2, r3
1000532e:	4b03      	ldr	r3, [pc, #12]	@ (1000533c <dcd_edpt_xfer+0x20>)
10005330:	0140      	lsls	r0, r0, #5
10005332:	18c0      	adds	r0, r0, r3
10005334:	f000 f85a 	bl	100053ec <hw_endpoint_xfer_start>
10005338:	2001      	movs	r0, #1
1000533a:	bd10      	pop	{r4, pc}
1000533c:	20001a64 	.word	0x20001a64

10005340 <dcd_edpt_stall>:
10005340:	237f      	movs	r3, #127	@ 0x7f
10005342:	0018      	movs	r0, r3
10005344:	b500      	push	{lr}
10005346:	4008      	ands	r0, r1
10005348:	b083      	sub	sp, #12
1000534a:	420b      	tst	r3, r1
1000534c:	d104      	bne.n	10005358 <dcd_edpt_stall+0x18>
1000534e:	424b      	negs	r3, r1
10005350:	414b      	adcs	r3, r1
10005352:	4a08      	ldr	r2, [pc, #32]	@ (10005374 <dcd_edpt_stall+0x34>)
10005354:	3301      	adds	r3, #1
10005356:	6693      	str	r3, [r2, #104]	@ 0x68
10005358:	2280      	movs	r2, #128	@ 0x80
1000535a:	09c9      	lsrs	r1, r1, #7
1000535c:	0040      	lsls	r0, r0, #1
1000535e:	4b06      	ldr	r3, [pc, #24]	@ (10005378 <dcd_edpt_stall+0x38>)
10005360:	1840      	adds	r0, r0, r1
10005362:	0140      	lsls	r0, r0, #5
10005364:	2100      	movs	r1, #0
10005366:	18c0      	adds	r0, r0, r3
10005368:	0112      	lsls	r2, r2, #4
1000536a:	f002 f8cd 	bl	10007508 <___hw_endpoint_buffer_control_update32_veneer>
1000536e:	b003      	add	sp, #12
10005370:	bd00      	pop	{pc}
10005372:	46c0      	nop			@ (mov r8, r8)
10005374:	50112000 	.word	0x50112000
10005378:	20001a64 	.word	0x20001a64

1000537c <dcd_edpt_clear_stall>:
1000537c:	227f      	movs	r2, #127	@ 0x7f
1000537e:	0013      	movs	r3, r2
10005380:	b510      	push	{r4, lr}
10005382:	400b      	ands	r3, r1
10005384:	420a      	tst	r2, r1
10005386:	d100      	bne.n	1000538a <dcd_edpt_clear_stall+0xe>
10005388:	bd10      	pop	{r4, pc}
1000538a:	09c9      	lsrs	r1, r1, #7
1000538c:	005b      	lsls	r3, r3, #1
1000538e:	185b      	adds	r3, r3, r1
10005390:	4804      	ldr	r0, [pc, #16]	@ (100053a4 <dcd_edpt_clear_stall+0x28>)
10005392:	015b      	lsls	r3, r3, #5
10005394:	18c0      	adds	r0, r0, r3
10005396:	2300      	movs	r3, #0
10005398:	2200      	movs	r2, #0
1000539a:	4903      	ldr	r1, [pc, #12]	@ (100053a8 <dcd_edpt_clear_stall+0x2c>)
1000539c:	70c3      	strb	r3, [r0, #3]
1000539e:	f002 f8b3 	bl	10007508 <___hw_endpoint_buffer_control_update32_veneer>
100053a2:	e7f1      	b.n	10005388 <dcd_edpt_clear_stall+0xc>
100053a4:	20001a64 	.word	0x20001a64
100053a8:	fffff7ff 	.word	0xfffff7ff

100053ac <rp2040_usb_init>:
100053ac:	2280      	movs	r2, #128	@ 0x80
100053ae:	4b0a      	ldr	r3, [pc, #40]	@ (100053d8 <rp2040_usb_init+0x2c>)
100053b0:	0452      	lsls	r2, r2, #17
100053b2:	b510      	push	{r4, lr}
100053b4:	601a      	str	r2, [r3, #0]
100053b6:	4b09      	ldr	r3, [pc, #36]	@ (100053dc <rp2040_usb_init+0x30>)
100053b8:	4909      	ldr	r1, [pc, #36]	@ (100053e0 <rp2040_usb_init+0x34>)
100053ba:	601a      	str	r2, [r3, #0]
100053bc:	0010      	movs	r0, r2
100053be:	680b      	ldr	r3, [r1, #0]
100053c0:	4398      	bics	r0, r3
100053c2:	d1fb      	bne.n	100053bc <rp2040_usb_init+0x10>
100053c4:	2280      	movs	r2, #128	@ 0x80
100053c6:	2100      	movs	r1, #0
100053c8:	0152      	lsls	r2, r2, #5
100053ca:	4806      	ldr	r0, [pc, #24]	@ (100053e4 <rp2040_usb_init+0x38>)
100053cc:	f7fd fb3a 	bl	10002a44 <__wrap_memset>
100053d0:	2209      	movs	r2, #9
100053d2:	4b05      	ldr	r3, [pc, #20]	@ (100053e8 <rp2040_usb_init+0x3c>)
100053d4:	675a      	str	r2, [r3, #116]	@ 0x74
100053d6:	bd10      	pop	{r4, pc}
100053d8:	4000e000 	.word	0x4000e000
100053dc:	4000f000 	.word	0x4000f000
100053e0:	4000c008 	.word	0x4000c008
100053e4:	50100000 	.word	0x50100000
100053e8:	50110000 	.word	0x50110000

100053ec <hw_endpoint_xfer_start>:
100053ec:	2300      	movs	r3, #0
100053ee:	b510      	push	{r4, lr}
100053f0:	82c3      	strh	r3, [r0, #22]
100053f2:	3301      	adds	r3, #1
100053f4:	8282      	strh	r2, [r0, #20]
100053f6:	7683      	strb	r3, [r0, #26]
100053f8:	6101      	str	r1, [r0, #16]
100053fa:	0004      	movs	r4, r0
100053fc:	f002 f854 	bl	100074a8 <__e15_is_bulkin_ep_veneer>
10005400:	2800      	cmp	r0, #0
10005402:	d004      	beq.n	1000540e <hw_endpoint_xfer_start+0x22>
10005404:	2180      	movs	r1, #128	@ 0x80
10005406:	2390      	movs	r3, #144	@ 0x90
10005408:	4a07      	ldr	r2, [pc, #28]	@ (10005428 <hw_endpoint_xfer_start+0x3c>)
1000540a:	0289      	lsls	r1, r1, #10
1000540c:	50d1      	str	r1, [r2, r3]
1000540e:	0020      	movs	r0, r4
10005410:	f002 f872 	bl	100074f8 <__e15_is_critical_frame_period_veneer>
10005414:	2800      	cmp	r0, #0
10005416:	d002      	beq.n	1000541e <hw_endpoint_xfer_start+0x32>
10005418:	2301      	movs	r3, #1
1000541a:	7723      	strb	r3, [r4, #28]
1000541c:	bd10      	pop	{r4, pc}
1000541e:	0020      	movs	r0, r4
10005420:	f002 f862 	bl	100074e8 <__hw_endpoint_start_next_buffer_veneer>
10005424:	e7fa      	b.n	1000541c <hw_endpoint_xfer_start+0x30>
10005426:	46c0      	nop			@ (mov r8, r8)
10005428:	50112000 	.word	0x50112000

1000542c <tud_event_hook_cb>:
1000542c:	4770      	bx	lr
1000542e:	46c0      	nop			@ (mov r8, r8)

10005430 <tud_sof_cb>:
10005430:	4770      	bx	lr
10005432:	46c0      	nop			@ (mov r8, r8)

10005434 <tud_descriptor_device_qualifier_cb>:
10005434:	2000      	movs	r0, #0
10005436:	4770      	bx	lr

10005438 <tud_descriptor_other_speed_configuration_cb>:
10005438:	2000      	movs	r0, #0
1000543a:	4770      	bx	lr

1000543c <tud_mount_cb>:
1000543c:	4770      	bx	lr
1000543e:	46c0      	nop			@ (mov r8, r8)

10005440 <tud_umount_cb>:
10005440:	4770      	bx	lr
10005442:	46c0      	nop			@ (mov r8, r8)

10005444 <tud_suspend_cb>:
10005444:	4770      	bx	lr
10005446:	46c0      	nop			@ (mov r8, r8)

10005448 <tud_resume_cb>:
10005448:	4770      	bx	lr
1000544a:	46c0      	nop			@ (mov r8, r8)

1000544c <tud_mounted>:
1000544c:	4b02      	ldr	r3, [pc, #8]	@ (10005458 <tud_mounted+0xc>)
1000544e:	7858      	ldrb	r0, [r3, #1]
10005450:	1e43      	subs	r3, r0, #1
10005452:	4198      	sbcs	r0, r3
10005454:	b2c0      	uxtb	r0, r0
10005456:	4770      	bx	lr
10005458:	20001508 	.word	0x20001508

1000545c <tud_suspended>:
1000545c:	4b02      	ldr	r3, [pc, #8]	@ (10005468 <tud_suspended+0xc>)
1000545e:	7818      	ldrb	r0, [r3, #0]
10005460:	0740      	lsls	r0, r0, #29
10005462:	0fc0      	lsrs	r0, r0, #31
10005464:	4770      	bx	lr
10005466:	46c0      	nop			@ (mov r8, r8)
10005468:	20001508 	.word	0x20001508

1000546c <tud_rhport_init>:
1000546c:	b5f0      	push	{r4, r5, r6, r7, lr}
1000546e:	46d6      	mov	lr, sl
10005470:	464f      	mov	r7, r9
10005472:	4646      	mov	r6, r8
10005474:	b5c0      	push	{r6, r7, lr}
10005476:	4b2f      	ldr	r3, [pc, #188]	@ (10005534 <tud_rhport_init+0xc8>)
10005478:	0007      	movs	r7, r0
1000547a:	469a      	mov	sl, r3
1000547c:	781b      	ldrb	r3, [r3, #0]
1000547e:	000e      	movs	r6, r1
10005480:	2bff      	cmp	r3, #255	@ 0xff
10005482:	d150      	bne.n	10005526 <tud_rhport_init+0xba>
10005484:	2900      	cmp	r1, #0
10005486:	d041      	beq.n	1000550c <tud_rhport_init+0xa0>
10005488:	2100      	movs	r1, #0
1000548a:	2254      	movs	r2, #84	@ 0x54
1000548c:	482a      	ldr	r0, [pc, #168]	@ (10005538 <tud_rhport_init+0xcc>)
1000548e:	f7fd fad9 	bl	10002a44 <__wrap_memset>
10005492:	2200      	movs	r2, #0
10005494:	4c29      	ldr	r4, [pc, #164]	@ (1000553c <tud_rhport_init+0xd0>)
10005496:	4b2a      	ldr	r3, [pc, #168]	@ (10005540 <tud_rhport_init+0xd4>)
10005498:	0020      	movs	r0, r4
1000549a:	701a      	strb	r2, [r3, #0]
1000549c:	f7fb fe1a 	bl	100010d4 <mutex_init>
100054a0:	4b28      	ldr	r3, [pc, #160]	@ (10005544 <tud_rhport_init+0xd8>)
100054a2:	601c      	str	r4, [r3, #0]
100054a4:	4c28      	ldr	r4, [pc, #160]	@ (10005548 <tud_rhport_init+0xdc>)
100054a6:	0020      	movs	r0, r4
100054a8:	3c14      	subs	r4, #20
100054aa:	f7fb fe21 	bl	100010f0 <critical_section_init>
100054ae:	0020      	movs	r0, r4
100054b0:	f001 fdfa 	bl	100070a8 <tu_fifo_clear>
100054b4:	4b25      	ldr	r3, [pc, #148]	@ (1000554c <tud_rhport_init+0xe0>)
100054b6:	4d26      	ldr	r5, [pc, #152]	@ (10005550 <tud_rhport_init+0xe4>)
100054b8:	601c      	str	r4, [r3, #0]
100054ba:	4b26      	ldr	r3, [pc, #152]	@ (10005554 <tud_rhport_init+0xe8>)
100054bc:	2b00      	cmp	r3, #0
100054be:	d004      	beq.n	100054ca <tud_rhport_init+0x5e>
100054c0:	0028      	movs	r0, r5
100054c2:	f7ff fac7 	bl	10004a54 <usbd_app_driver_get_cb>
100054c6:	4b24      	ldr	r3, [pc, #144]	@ (10005558 <tud_rhport_init+0xec>)
100054c8:	6018      	str	r0, [r3, #0]
100054ca:	4924      	ldr	r1, [pc, #144]	@ (1000555c <tud_rhport_init+0xf0>)
100054cc:	2400      	movs	r4, #0
100054ce:	4689      	mov	r9, r1
100054d0:	4921      	ldr	r1, [pc, #132]	@ (10005558 <tud_rhport_init+0xec>)
100054d2:	2300      	movs	r3, #0
100054d4:	4688      	mov	r8, r1
100054d6:	782a      	ldrb	r2, [r5, #0]
100054d8:	e010      	b.n	100054fc <tud_rhport_init+0x90>
100054da:	4643      	mov	r3, r8
100054dc:	681b      	ldr	r3, [r3, #0]
100054de:	0162      	lsls	r2, r4, #5
100054e0:	189b      	adds	r3, r3, r2
100054e2:	2b00      	cmp	r3, #0
100054e4:	d012      	beq.n	1000550c <tud_rhport_init+0xa0>
100054e6:	685b      	ldr	r3, [r3, #4]
100054e8:	2b00      	cmp	r3, #0
100054ea:	d00f      	beq.n	1000550c <tud_rhport_init+0xa0>
100054ec:	4798      	blx	r3
100054ee:	782a      	ldrb	r2, [r5, #0]
100054f0:	3401      	adds	r4, #1
100054f2:	b2e4      	uxtb	r4, r4
100054f4:	1c51      	adds	r1, r2, #1
100054f6:	0023      	movs	r3, r4
100054f8:	42a1      	cmp	r1, r4
100054fa:	db09      	blt.n	10005510 <tud_rhport_init+0xa4>
100054fc:	42a2      	cmp	r2, r4
100054fe:	d8ec      	bhi.n	100054da <tud_rhport_init+0x6e>
10005500:	1a9b      	subs	r3, r3, r2
10005502:	015b      	lsls	r3, r3, #5
10005504:	444b      	add	r3, r9
10005506:	685b      	ldr	r3, [r3, #4]
10005508:	2b00      	cmp	r3, #0
1000550a:	d1ef      	bne.n	100054ec <tud_rhport_init+0x80>
1000550c:	2000      	movs	r0, #0
1000550e:	e00b      	b.n	10005528 <tud_rhport_init+0xbc>
10005510:	4653      	mov	r3, sl
10005512:	0031      	movs	r1, r6
10005514:	0038      	movs	r0, r7
10005516:	701f      	strb	r7, [r3, #0]
10005518:	f7ff fdfe 	bl	10005118 <dcd_init>
1000551c:	2800      	cmp	r0, #0
1000551e:	d0f5      	beq.n	1000550c <tud_rhport_init+0xa0>
10005520:	0038      	movs	r0, r7
10005522:	f7ff fe41 	bl	100051a8 <dcd_int_enable>
10005526:	2001      	movs	r0, #1
10005528:	bce0      	pop	{r5, r6, r7}
1000552a:	46ba      	mov	sl, r7
1000552c:	46b1      	mov	r9, r6
1000552e:	46a8      	mov	r8, r5
10005530:	bdf0      	pop	{r4, r5, r6, r7, pc}
10005532:	46c0      	nop			@ (mov r8, r8)
10005534:	200010bc 	.word	0x200010bc
10005538:	20001508 	.word	0x20001508
1000553c:	20001500 	.word	0x20001500
10005540:	20001fd7 	.word	0x20001fd7
10005544:	2000155c 	.word	0x2000155c
10005548:	200010b4 	.word	0x200010b4
1000554c:	20001560 	.word	0x20001560
10005550:	20001fd5 	.word	0x20001fd5
10005554:	10004a55 	.word	0x10004a55
10005558:	20001358 	.word	0x20001358
1000555c:	10007e58 	.word	0x10007e58

10005560 <tud_task_ext>:
10005560:	b5f0      	push	{r4, r5, r6, r7, lr}
10005562:	46de      	mov	lr, fp
10005564:	4657      	mov	r7, sl
10005566:	464e      	mov	r6, r9
10005568:	4645      	mov	r5, r8
1000556a:	b5e0      	push	{r5, r6, r7, lr}
1000556c:	4bc8      	ldr	r3, [pc, #800]	@ (10005890 <tud_task_ext+0x330>)
1000556e:	b091      	sub	sp, #68	@ 0x44
10005570:	9302      	str	r3, [sp, #8]
10005572:	781b      	ldrb	r3, [r3, #0]
10005574:	2bff      	cmp	r3, #255	@ 0xff
10005576:	d100      	bne.n	1000557a <tud_task_ext+0x1a>
10005578:	e13e      	b.n	100057f8 <tud_task_ext+0x298>
1000557a:	4bc6      	ldr	r3, [pc, #792]	@ (10005894 <tud_task_ext+0x334>)
1000557c:	4ec6      	ldr	r6, [pc, #792]	@ (10005898 <tud_task_ext+0x338>)
1000557e:	469b      	mov	fp, r3
10005580:	465f      	mov	r7, fp
10005582:	4bc6      	ldr	r3, [pc, #792]	@ (1000589c <tud_task_ext+0x33c>)
10005584:	ac0d      	add	r4, sp, #52	@ 0x34
10005586:	9301      	str	r3, [sp, #4]
10005588:	4bc5      	ldr	r3, [pc, #788]	@ (100058a0 <tud_task_ext+0x340>)
1000558a:	9300      	str	r3, [sp, #0]
1000558c:	6835      	ldr	r5, [r6, #0]
1000558e:	696a      	ldr	r2, [r5, #20]
10005590:	f3ef 8110 	mrs	r1, PRIMASK
10005594:	b672      	cpsid	i
10005596:	6813      	ldr	r3, [r2, #0]
10005598:	2b00      	cmp	r3, #0
1000559a:	d0fc      	beq.n	10005596 <tud_task_ext+0x36>
1000559c:	f3bf 8f5f 	dmb	sy
100055a0:	61a9      	str	r1, [r5, #24]
100055a2:	0028      	movs	r0, r5
100055a4:	0021      	movs	r1, r4
100055a6:	f001 fbaf 	bl	10006d08 <tu_fifo_read>
100055aa:	696a      	ldr	r2, [r5, #20]
100055ac:	69ab      	ldr	r3, [r5, #24]
100055ae:	f3bf 8f5f 	dmb	sy
100055b2:	2100      	movs	r1, #0
100055b4:	6011      	str	r1, [r2, #0]
100055b6:	f383 8810 	msr	PRIMASK, r3
100055ba:	2800      	cmp	r0, #0
100055bc:	d100      	bne.n	100055c0 <tud_task_ext+0x60>
100055be:	e11b      	b.n	100057f8 <tud_task_ext+0x298>
100055c0:	7863      	ldrb	r3, [r4, #1]
100055c2:	2b08      	cmp	r3, #8
100055c4:	d8e2      	bhi.n	1000558c <tud_task_ext+0x2c>
100055c6:	009b      	lsls	r3, r3, #2
100055c8:	58fb      	ldr	r3, [r7, r3]
100055ca:	469f      	mov	pc, r3
100055cc:	6863      	ldr	r3, [r4, #4]
100055ce:	2b00      	cmp	r3, #0
100055d0:	d0dc      	beq.n	1000558c <tud_task_ext+0x2c>
100055d2:	68a0      	ldr	r0, [r4, #8]
100055d4:	4798      	blx	r3
100055d6:	e7d9      	b.n	1000558c <tud_task_ext+0x2c>
100055d8:	227f      	movs	r2, #127	@ 0x7f
100055da:	7921      	ldrb	r1, [r4, #4]
100055dc:	4daf      	ldr	r5, [pc, #700]	@ (1000589c <tud_task_ext+0x33c>)
100055de:	400a      	ands	r2, r1
100055e0:	0053      	lsls	r3, r2, #1
100055e2:	18eb      	adds	r3, r5, r3
100055e4:	4698      	mov	r8, r3
100055e6:	09c8      	lsrs	r0, r1, #7
100055e8:	4480      	add	r8, r0
100055ea:	4640      	mov	r0, r8
100055ec:	2301      	movs	r3, #1
100055ee:	3030      	adds	r0, #48	@ 0x30
100055f0:	7905      	ldrb	r5, [r0, #4]
100055f2:	439d      	bics	r5, r3
100055f4:	7105      	strb	r5, [r0, #4]
100055f6:	7905      	ldrb	r5, [r0, #4]
100055f8:	3303      	adds	r3, #3
100055fa:	439d      	bics	r5, r3
100055fc:	7105      	strb	r5, [r0, #4]
100055fe:	2a00      	cmp	r2, #0
10005600:	d100      	bne.n	10005604 <tud_task_ext+0xa4>
10005602:	e100      	b.n	10005806 <tud_task_ext+0x2a6>
10005604:	4643      	mov	r3, r8
10005606:	4aa7      	ldr	r2, [pc, #668]	@ (100058a4 <tud_task_ext+0x344>)
10005608:	7d1b      	ldrb	r3, [r3, #20]
1000560a:	7812      	ldrb	r2, [r2, #0]
1000560c:	4293      	cmp	r3, r2
1000560e:	d300      	bcc.n	10005612 <tud_task_ext+0xb2>
10005610:	e0ef      	b.n	100057f2 <tud_task_ext+0x292>
10005612:	4aa5      	ldr	r2, [pc, #660]	@ (100058a8 <tud_task_ext+0x348>)
10005614:	015b      	lsls	r3, r3, #5
10005616:	6815      	ldr	r5, [r2, #0]
10005618:	18ed      	adds	r5, r5, r3
1000561a:	2d00      	cmp	r5, #0
1000561c:	d100      	bne.n	10005620 <tud_task_ext+0xc0>
1000561e:	e0eb      	b.n	100057f8 <tud_task_ext+0x298>
10005620:	68a3      	ldr	r3, [r4, #8]
10005622:	7962      	ldrb	r2, [r4, #5]
10005624:	7820      	ldrb	r0, [r4, #0]
10005626:	69ad      	ldr	r5, [r5, #24]
10005628:	47a8      	blx	r5
1000562a:	e7af      	b.n	1000558c <tud_task_ext+0x2c>
1000562c:	4a9f      	ldr	r2, [pc, #636]	@ (100058ac <tud_task_ext+0x34c>)
1000562e:	7813      	ldrb	r3, [r2, #0]
10005630:	2b00      	cmp	r3, #0
10005632:	d100      	bne.n	10005636 <tud_task_ext+0xd6>
10005634:	e0e0      	b.n	100057f8 <tud_task_ext+0x298>
10005636:	7813      	ldrb	r3, [r2, #0]
10005638:	3b01      	subs	r3, #1
1000563a:	b2db      	uxtb	r3, r3
1000563c:	7013      	strb	r3, [r2, #0]
1000563e:	7813      	ldrb	r3, [r2, #0]
10005640:	2b00      	cmp	r3, #0
10005642:	d1a3      	bne.n	1000558c <tud_task_ext+0x2c>
10005644:	2201      	movs	r2, #1
10005646:	4d95      	ldr	r5, [pc, #596]	@ (1000589c <tud_task_ext+0x33c>)
10005648:	2101      	movs	r1, #1
1000564a:	782b      	ldrb	r3, [r5, #0]
1000564c:	2004      	movs	r0, #4
1000564e:	4313      	orrs	r3, r2
10005650:	702b      	strb	r3, [r5, #0]
10005652:	2334      	movs	r3, #52	@ 0x34
10005654:	5cea      	ldrb	r2, [r5, r3]
10005656:	438a      	bics	r2, r1
10005658:	54ea      	strb	r2, [r5, r3]
1000565a:	5cea      	ldrb	r2, [r5, r3]
1000565c:	4382      	bics	r2, r0
1000565e:	54ea      	strb	r2, [r5, r3]
10005660:	3301      	adds	r3, #1
10005662:	5cea      	ldrb	r2, [r5, r3]
10005664:	438a      	bics	r2, r1
10005666:	54ea      	strb	r2, [r5, r3]
10005668:	5cea      	ldrb	r2, [r5, r3]
1000566a:	4382      	bics	r2, r0
1000566c:	54ea      	strb	r2, [r5, r3]
1000566e:	7823      	ldrb	r3, [r4, #0]
10005670:	2000      	movs	r0, #0
10005672:	469b      	mov	fp, r3
10005674:	f000 fc9e 	bl	10005fb4 <usbd_control_set_complete_callback>
10005678:	2260      	movs	r2, #96	@ 0x60
1000567a:	7923      	ldrb	r3, [r4, #4]
1000567c:	401a      	ands	r2, r3
1000567e:	2a60      	cmp	r2, #96	@ 0x60
10005680:	d100      	bne.n	10005684 <tud_task_ext+0x124>
10005682:	e0ef      	b.n	10005864 <tud_task_ext+0x304>
10005684:	2a40      	cmp	r2, #64	@ 0x40
10005686:	d100      	bne.n	1000568a <tud_task_ext+0x12a>
10005688:	e0f5      	b.n	10005876 <tud_task_ext+0x316>
1000568a:	06db      	lsls	r3, r3, #27
1000568c:	0edb      	lsrs	r3, r3, #27
1000568e:	2b01      	cmp	r3, #1
10005690:	d100      	bne.n	10005694 <tud_task_ext+0x134>
10005692:	e113      	b.n	100058bc <tud_task_ext+0x35c>
10005694:	2b02      	cmp	r3, #2
10005696:	d100      	bne.n	1000569a <tud_task_ext+0x13a>
10005698:	e0c7      	b.n	1000582a <tud_task_ext+0x2ca>
1000569a:	2b00      	cmp	r3, #0
1000569c:	d000      	beq.n	100056a0 <tud_task_ext+0x140>
1000569e:	e0e1      	b.n	10005864 <tud_task_ext+0x304>
100056a0:	2a20      	cmp	r2, #32
100056a2:	d100      	bne.n	100056a6 <tud_task_ext+0x146>
100056a4:	e21c      	b.n	10005ae0 <tud_task_ext+0x580>
100056a6:	2a00      	cmp	r2, #0
100056a8:	d000      	beq.n	100056ac <tud_task_ext+0x14c>
100056aa:	e0db      	b.n	10005864 <tud_task_ext+0x304>
100056ac:	7963      	ldrb	r3, [r4, #5]
100056ae:	2b09      	cmp	r3, #9
100056b0:	d900      	bls.n	100056b4 <tud_task_ext+0x154>
100056b2:	e0d7      	b.n	10005864 <tud_task_ext+0x304>
100056b4:	4a7e      	ldr	r2, [pc, #504]	@ (100058b0 <tud_task_ext+0x350>)
100056b6:	009b      	lsls	r3, r3, #2
100056b8:	58d3      	ldr	r3, [r2, r3]
100056ba:	469f      	mov	pc, r3
100056bc:	4d77      	ldr	r5, [pc, #476]	@ (1000589c <tud_task_ext+0x33c>)
100056be:	782b      	ldrb	r3, [r5, #0]
100056c0:	07db      	lsls	r3, r3, #31
100056c2:	d400      	bmi.n	100056c6 <tud_task_ext+0x166>
100056c4:	e762      	b.n	1000558c <tud_task_ext+0x2c>
100056c6:	f7ff febf 	bl	10005448 <tud_resume_cb>
100056ca:	e75f      	b.n	1000558c <tud_task_ext+0x2c>
100056cc:	9b01      	ldr	r3, [sp, #4]
100056ce:	78db      	ldrb	r3, [r3, #3]
100056d0:	07db      	lsls	r3, r3, #31
100056d2:	d400      	bmi.n	100056d6 <tud_task_ext+0x176>
100056d4:	e75a      	b.n	1000558c <tud_task_ext+0x2c>
100056d6:	6860      	ldr	r0, [r4, #4]
100056d8:	f7ff feaa 	bl	10005430 <tud_sof_cb>
100056dc:	e756      	b.n	1000558c <tud_task_ext+0x2c>
100056de:	4d6f      	ldr	r5, [pc, #444]	@ (1000589c <tud_task_ext+0x33c>)
100056e0:	782b      	ldrb	r3, [r5, #0]
100056e2:	07db      	lsls	r3, r3, #31
100056e4:	d400      	bmi.n	100056e8 <tud_task_ext+0x188>
100056e6:	e751      	b.n	1000558c <tud_task_ext+0x2c>
100056e8:	7828      	ldrb	r0, [r5, #0]
100056ea:	0700      	lsls	r0, r0, #28
100056ec:	0fc0      	lsrs	r0, r0, #31
100056ee:	f7ff fea9 	bl	10005444 <tud_suspend_cb>
100056f2:	e74b      	b.n	1000558c <tud_task_ext+0x2c>
100056f4:	7823      	ldrb	r3, [r4, #0]
100056f6:	496a      	ldr	r1, [pc, #424]	@ (100058a0 <tud_task_ext+0x340>)
100056f8:	4699      	mov	r9, r3
100056fa:	468b      	mov	fp, r1
100056fc:	4b69      	ldr	r3, [pc, #420]	@ (100058a4 <tud_task_ext+0x344>)
100056fe:	496a      	ldr	r1, [pc, #424]	@ (100058a8 <tud_task_ext+0x348>)
10005700:	4698      	mov	r8, r3
10005702:	468a      	mov	sl, r1
10005704:	0039      	movs	r1, r7
10005706:	781a      	ldrb	r2, [r3, #0]
10005708:	4647      	mov	r7, r8
1000570a:	2300      	movs	r3, #0
1000570c:	46b0      	mov	r8, r6
1000570e:	2500      	movs	r5, #0
10005710:	464e      	mov	r6, r9
10005712:	4689      	mov	r9, r1
10005714:	e010      	b.n	10005738 <tud_task_ext+0x1d8>
10005716:	4653      	mov	r3, sl
10005718:	681b      	ldr	r3, [r3, #0]
1000571a:	016a      	lsls	r2, r5, #5
1000571c:	189b      	adds	r3, r3, r2
1000571e:	2b00      	cmp	r3, #0
10005720:	d100      	bne.n	10005724 <tud_task_ext+0x1c4>
10005722:	e076      	b.n	10005812 <tud_task_ext+0x2b2>
10005724:	68db      	ldr	r3, [r3, #12]
10005726:	0030      	movs	r0, r6
10005728:	4798      	blx	r3
1000572a:	783a      	ldrb	r2, [r7, #0]
1000572c:	3501      	adds	r5, #1
1000572e:	b2ed      	uxtb	r5, r5
10005730:	1c51      	adds	r1, r2, #1
10005732:	002b      	movs	r3, r5
10005734:	428d      	cmp	r5, r1
10005736:	dc44      	bgt.n	100057c2 <tud_task_ext+0x262>
10005738:	4295      	cmp	r5, r2
1000573a:	d3ec      	bcc.n	10005716 <tud_task_ext+0x1b6>
1000573c:	1a9b      	subs	r3, r3, r2
1000573e:	015b      	lsls	r3, r3, #5
10005740:	445b      	add	r3, fp
10005742:	e7ef      	b.n	10005724 <tud_task_ext+0x1c4>
10005744:	7823      	ldrb	r3, [r4, #0]
10005746:	4958      	ldr	r1, [pc, #352]	@ (100058a8 <tud_task_ext+0x348>)
10005748:	4699      	mov	r9, r3
1000574a:	4b56      	ldr	r3, [pc, #344]	@ (100058a4 <tud_task_ext+0x344>)
1000574c:	468a      	mov	sl, r1
1000574e:	4698      	mov	r8, r3
10005750:	0031      	movs	r1, r6
10005752:	46bb      	mov	fp, r7
10005754:	464e      	mov	r6, r9
10005756:	781a      	ldrb	r2, [r3, #0]
10005758:	2500      	movs	r5, #0
1000575a:	2300      	movs	r3, #0
1000575c:	4647      	mov	r7, r8
1000575e:	4689      	mov	r9, r1
10005760:	e00f      	b.n	10005782 <tud_task_ext+0x222>
10005762:	4653      	mov	r3, sl
10005764:	681b      	ldr	r3, [r3, #0]
10005766:	016a      	lsls	r2, r5, #5
10005768:	189b      	adds	r3, r3, r2
1000576a:	2b00      	cmp	r3, #0
1000576c:	d055      	beq.n	1000581a <tud_task_ext+0x2ba>
1000576e:	68db      	ldr	r3, [r3, #12]
10005770:	0030      	movs	r0, r6
10005772:	4798      	blx	r3
10005774:	783a      	ldrb	r2, [r7, #0]
10005776:	3501      	adds	r5, #1
10005778:	b2ed      	uxtb	r5, r5
1000577a:	1c51      	adds	r1, r2, #1
1000577c:	002b      	movs	r3, r5
1000577e:	428d      	cmp	r5, r1
10005780:	dc07      	bgt.n	10005792 <tud_task_ext+0x232>
10005782:	4295      	cmp	r5, r2
10005784:	d3ed      	bcc.n	10005762 <tud_task_ext+0x202>
10005786:	1a9b      	subs	r3, r3, r2
10005788:	9a00      	ldr	r2, [sp, #0]
1000578a:	015b      	lsls	r3, r3, #5
1000578c:	4694      	mov	ip, r2
1000578e:	4463      	add	r3, ip
10005790:	e7ed      	b.n	1000576e <tud_task_ext+0x20e>
10005792:	9d01      	ldr	r5, [sp, #4]
10005794:	2254      	movs	r2, #84	@ 0x54
10005796:	2100      	movs	r1, #0
10005798:	0028      	movs	r0, r5
1000579a:	f7fd f953 	bl	10002a44 <__wrap_memset>
1000579e:	2210      	movs	r2, #16
100057a0:	21ff      	movs	r1, #255	@ 0xff
100057a2:	4844      	ldr	r0, [pc, #272]	@ (100058b4 <tud_task_ext+0x354>)
100057a4:	f7fd f94e 	bl	10002a44 <__wrap_memset>
100057a8:	0028      	movs	r0, r5
100057aa:	2220      	movs	r2, #32
100057ac:	21ff      	movs	r1, #255	@ 0xff
100057ae:	3014      	adds	r0, #20
100057b0:	464e      	mov	r6, r9
100057b2:	465f      	mov	r7, fp
100057b4:	f7fd f946 	bl	10002a44 <__wrap_memset>
100057b8:	f000 fbf2 	bl	10005fa0 <usbd_control_reset>
100057bc:	f7ff fe40 	bl	10005440 <tud_umount_cb>
100057c0:	e6e4      	b.n	1000558c <tud_task_ext+0x2c>
100057c2:	4d36      	ldr	r5, [pc, #216]	@ (1000589c <tud_task_ext+0x33c>)
100057c4:	2254      	movs	r2, #84	@ 0x54
100057c6:	2100      	movs	r1, #0
100057c8:	0028      	movs	r0, r5
100057ca:	f7fd f93b 	bl	10002a44 <__wrap_memset>
100057ce:	2210      	movs	r2, #16
100057d0:	21ff      	movs	r1, #255	@ 0xff
100057d2:	1d28      	adds	r0, r5, #4
100057d4:	f7fd f936 	bl	10002a44 <__wrap_memset>
100057d8:	0028      	movs	r0, r5
100057da:	2220      	movs	r2, #32
100057dc:	21ff      	movs	r1, #255	@ 0xff
100057de:	3014      	adds	r0, #20
100057e0:	4646      	mov	r6, r8
100057e2:	464f      	mov	r7, r9
100057e4:	f7fd f92e 	bl	10002a44 <__wrap_memset>
100057e8:	f000 fbda 	bl	10005fa0 <usbd_control_reset>
100057ec:	7923      	ldrb	r3, [r4, #4]
100057ee:	70ab      	strb	r3, [r5, #2]
100057f0:	e6cc      	b.n	1000558c <tud_task_ext+0x2c>
100057f2:	1c50      	adds	r0, r2, #1
100057f4:	4298      	cmp	r0, r3
100057f6:	da13      	bge.n	10005820 <tud_task_ext+0x2c0>
100057f8:	b011      	add	sp, #68	@ 0x44
100057fa:	bcf0      	pop	{r4, r5, r6, r7}
100057fc:	46bb      	mov	fp, r7
100057fe:	46b2      	mov	sl, r6
10005800:	46a9      	mov	r9, r5
10005802:	46a0      	mov	r8, r4
10005804:	bdf0      	pop	{r4, r5, r6, r7, pc}
10005806:	68a3      	ldr	r3, [r4, #8]
10005808:	7962      	ldrb	r2, [r4, #5]
1000580a:	7820      	ldrb	r0, [r4, #0]
1000580c:	f000 fbe6 	bl	10005fdc <usbd_control_xfer_cb>
10005810:	e6bc      	b.n	1000558c <tud_task_ext+0x2c>
10005812:	4646      	mov	r6, r8
10005814:	464f      	mov	r7, r9
10005816:	4d21      	ldr	r5, [pc, #132]	@ (1000589c <tud_task_ext+0x33c>)
10005818:	e7e6      	b.n	100057e8 <tud_task_ext+0x288>
1000581a:	464e      	mov	r6, r9
1000581c:	465f      	mov	r7, fp
1000581e:	e7cb      	b.n	100057b8 <tud_task_ext+0x258>
10005820:	4d1f      	ldr	r5, [pc, #124]	@ (100058a0 <tud_task_ext+0x340>)
10005822:	1a9b      	subs	r3, r3, r2
10005824:	015b      	lsls	r3, r3, #5
10005826:	195d      	adds	r5, r3, r5
10005828:	e6fa      	b.n	10005620 <tud_task_ext+0xc0>
1000582a:	2370      	movs	r3, #112	@ 0x70
1000582c:	7a21      	ldrb	r1, [r4, #8]
1000582e:	420b      	tst	r3, r1
10005830:	d118      	bne.n	10005864 <tud_task_ext+0x304>
10005832:	09c8      	lsrs	r0, r1, #7
10005834:	4682      	mov	sl, r0
10005836:	330f      	adds	r3, #15
10005838:	400b      	ands	r3, r1
1000583a:	005b      	lsls	r3, r3, #1
1000583c:	4698      	mov	r8, r3
1000583e:	4819      	ldr	r0, [pc, #100]	@ (100058a4 <tud_task_ext+0x344>)
10005840:	18eb      	adds	r3, r5, r3
10005842:	4453      	add	r3, sl
10005844:	7d1b      	ldrb	r3, [r3, #20]
10005846:	7800      	ldrb	r0, [r0, #0]
10005848:	4699      	mov	r9, r3
1000584a:	4283      	cmp	r3, r0
1000584c:	d266      	bcs.n	1000591c <tud_task_ext+0x3bc>
1000584e:	4816      	ldr	r0, [pc, #88]	@ (100058a8 <tud_task_ext+0x348>)
10005850:	015b      	lsls	r3, r3, #5
10005852:	6800      	ldr	r0, [r0, #0]
10005854:	4681      	mov	r9, r0
10005856:	4499      	add	r9, r3
10005858:	2a00      	cmp	r2, #0
1000585a:	d100      	bne.n	1000585e <tud_task_ext+0x2fe>
1000585c:	e15f      	b.n	10005b1e <tud_task_ext+0x5be>
1000585e:	464b      	mov	r3, r9
10005860:	2b00      	cmp	r3, #0
10005862:	d168      	bne.n	10005936 <tud_task_ext+0x3d6>
10005864:	7820      	ldrb	r0, [r4, #0]
10005866:	2100      	movs	r1, #0
10005868:	f7ff fd6a 	bl	10005340 <dcd_edpt_stall>
1000586c:	2180      	movs	r1, #128	@ 0x80
1000586e:	7820      	ldrb	r0, [r4, #0]
10005870:	f7ff fd66 	bl	10005340 <dcd_edpt_stall>
10005874:	e68a      	b.n	1000558c <tud_task_ext+0x2c>
10005876:	4810      	ldr	r0, [pc, #64]	@ (100058b8 <tud_task_ext+0x358>)
10005878:	f000 fb9c 	bl	10005fb4 <usbd_control_set_complete_callback>
1000587c:	2101      	movs	r1, #1
1000587e:	4658      	mov	r0, fp
10005880:	aa0e      	add	r2, sp, #56	@ 0x38
10005882:	f7ff f8cd 	bl	10004a20 <tud_vendor_control_xfer_cb>
10005886:	2800      	cmp	r0, #0
10005888:	d000      	beq.n	1000588c <tud_task_ext+0x32c>
1000588a:	e67f      	b.n	1000558c <tud_task_ext+0x2c>
1000588c:	e7ea      	b.n	10005864 <tud_task_ext+0x304>
1000588e:	46c0      	nop			@ (mov r8, r8)
10005890:	200010bc 	.word	0x200010bc
10005894:	10007db0 	.word	0x10007db0
10005898:	20001560 	.word	0x20001560
1000589c:	20001508 	.word	0x20001508
100058a0:	10007e58 	.word	0x10007e58
100058a4:	20001fd5 	.word	0x20001fd5
100058a8:	20001358 	.word	0x20001358
100058ac:	20001fd7 	.word	0x20001fd7
100058b0:	10007dd4 	.word	0x10007dd4
100058b4:	2000150c 	.word	0x2000150c
100058b8:	10004a21 	.word	0x10004a21
100058bc:	7a23      	ldrb	r3, [r4, #8]
100058be:	2b0f      	cmp	r3, #15
100058c0:	d8d0      	bhi.n	10005864 <tud_task_ext+0x304>
100058c2:	4acf      	ldr	r2, [pc, #828]	@ (10005c00 <tud_task_ext+0x6a0>)
100058c4:	18eb      	adds	r3, r5, r3
100058c6:	791b      	ldrb	r3, [r3, #4]
100058c8:	7815      	ldrb	r5, [r2, #0]
100058ca:	42ab      	cmp	r3, r5
100058cc:	d33e      	bcc.n	1000594c <tud_task_ext+0x3ec>
100058ce:	1c69      	adds	r1, r5, #1
100058d0:	4299      	cmp	r1, r3
100058d2:	dbc7      	blt.n	10005864 <tud_task_ext+0x304>
100058d4:	1b5d      	subs	r5, r3, r5
100058d6:	4bcb      	ldr	r3, [pc, #812]	@ (10005c04 <tud_task_ext+0x6a4>)
100058d8:	016d      	lsls	r5, r5, #5
100058da:	18ed      	adds	r5, r5, r3
100058dc:	6968      	ldr	r0, [r5, #20]
100058de:	f000 fb69 	bl	10005fb4 <usbd_control_set_complete_callback>
100058e2:	2101      	movs	r1, #1
100058e4:	4658      	mov	r0, fp
100058e6:	696b      	ldr	r3, [r5, #20]
100058e8:	aa0e      	add	r2, sp, #56	@ 0x38
100058ea:	4798      	blx	r3
100058ec:	2800      	cmp	r0, #0
100058ee:	d000      	beq.n	100058f2 <tud_task_ext+0x392>
100058f0:	e64c      	b.n	1000558c <tud_task_ext+0x2c>
100058f2:	2260      	movs	r2, #96	@ 0x60
100058f4:	0015      	movs	r5, r2
100058f6:	7923      	ldrb	r3, [r4, #4]
100058f8:	401d      	ands	r5, r3
100058fa:	421a      	tst	r2, r3
100058fc:	d1b2      	bne.n	10005864 <tud_task_ext+0x304>
100058fe:	7963      	ldrb	r3, [r4, #5]
10005900:	3b0a      	subs	r3, #10
10005902:	2b01      	cmp	r3, #1
10005904:	d8ae      	bhi.n	10005864 <tud_task_ext+0x304>
10005906:	f000 fb55 	bl	10005fb4 <usbd_control_set_complete_callback>
1000590a:	7963      	ldrb	r3, [r4, #5]
1000590c:	2b0a      	cmp	r3, #10
1000590e:	d100      	bne.n	10005912 <tud_task_ext+0x3b2>
10005910:	e199      	b.n	10005c46 <tud_task_ext+0x6e6>
10005912:	4658      	mov	r0, fp
10005914:	a90e      	add	r1, sp, #56	@ 0x38
10005916:	f000 fad9 	bl	10005ecc <tud_control_status>
1000591a:	e637      	b.n	1000558c <tud_task_ext+0x2c>
1000591c:	1c43      	adds	r3, r0, #1
1000591e:	454b      	cmp	r3, r9
10005920:	da00      	bge.n	10005924 <tud_task_ext+0x3c4>
10005922:	e0f7      	b.n	10005b14 <tud_task_ext+0x5b4>
10005924:	464b      	mov	r3, r9
10005926:	1a1b      	subs	r3, r3, r0
10005928:	015b      	lsls	r3, r3, #5
1000592a:	4699      	mov	r9, r3
1000592c:	48b5      	ldr	r0, [pc, #724]	@ (10005c04 <tud_task_ext+0x6a4>)
1000592e:	4481      	add	r9, r0
10005930:	2a00      	cmp	r2, #0
10005932:	d100      	bne.n	10005936 <tud_task_ext+0x3d6>
10005934:	e0f3      	b.n	10005b1e <tud_task_ext+0x5be>
10005936:	464b      	mov	r3, r9
10005938:	6958      	ldr	r0, [r3, #20]
1000593a:	f000 fb3b 	bl	10005fb4 <usbd_control_set_complete_callback>
1000593e:	464b      	mov	r3, r9
10005940:	2101      	movs	r1, #1
10005942:	4658      	mov	r0, fp
10005944:	695b      	ldr	r3, [r3, #20]
10005946:	aa0e      	add	r2, sp, #56	@ 0x38
10005948:	4798      	blx	r3
1000594a:	e79c      	b.n	10005886 <tud_task_ext+0x326>
1000594c:	4aae      	ldr	r2, [pc, #696]	@ (10005c08 <tud_task_ext+0x6a8>)
1000594e:	015b      	lsls	r3, r3, #5
10005950:	6815      	ldr	r5, [r2, #0]
10005952:	18ed      	adds	r5, r5, r3
10005954:	2d00      	cmp	r5, #0
10005956:	d1c1      	bne.n	100058dc <tud_task_ext+0x37c>
10005958:	e784      	b.n	10005864 <tud_task_ext+0x304>
1000595a:	79a3      	ldrb	r3, [r4, #6]
1000595c:	4699      	mov	r9, r3
1000595e:	786b      	ldrb	r3, [r5, #1]
10005960:	4599      	cmp	r9, r3
10005962:	d0d6      	beq.n	10005912 <tud_task_ext+0x3b2>
10005964:	786b      	ldrb	r3, [r5, #1]
10005966:	2b00      	cmp	r3, #0
10005968:	d000      	beq.n	1000596c <tud_task_ext+0x40c>
1000596a:	e133      	b.n	10005bd4 <tud_task_ext+0x674>
1000596c:	464b      	mov	r3, r9
1000596e:	706b      	strb	r3, [r5, #1]
10005970:	2b00      	cmp	r3, #0
10005972:	d100      	bne.n	10005976 <tud_task_ext+0x416>
10005974:	e12b      	b.n	10005bce <tud_task_ext+0x66e>
10005976:	4648      	mov	r0, r9
10005978:	3801      	subs	r0, #1
1000597a:	b2c0      	uxtb	r0, r0
1000597c:	f7ff fa92 	bl	10004ea4 <tud_descriptor_configuration_cb>
10005980:	2800      	cmp	r0, #0
10005982:	d100      	bne.n	10005986 <tud_task_ext+0x426>
10005984:	e17e      	b.n	10005c84 <tud_task_ext+0x724>
10005986:	7843      	ldrb	r3, [r0, #1]
10005988:	9307      	str	r3, [sp, #28]
1000598a:	2b02      	cmp	r3, #2
1000598c:	d000      	beq.n	10005990 <tud_task_ext+0x430>
1000598e:	e179      	b.n	10005c84 <tud_task_ext+0x724>
10005990:	2201      	movs	r2, #1
10005992:	79c1      	ldrb	r1, [r0, #7]
10005994:	46b1      	mov	r9, r6
10005996:	118b      	asrs	r3, r1, #6
10005998:	1149      	asrs	r1, r1, #5
1000599a:	4013      	ands	r3, r2
1000599c:	400a      	ands	r2, r1
1000599e:	2130      	movs	r1, #48	@ 0x30
100059a0:	0112      	lsls	r2, r2, #4
100059a2:	015b      	lsls	r3, r3, #5
100059a4:	4313      	orrs	r3, r2
100059a6:	782a      	ldrb	r2, [r5, #0]
100059a8:	46a8      	mov	r8, r5
100059aa:	438a      	bics	r2, r1
100059ac:	4313      	orrs	r3, r2
100059ae:	702b      	strb	r3, [r5, #0]
100059b0:	2309      	movs	r3, #9
100059b2:	469a      	mov	sl, r3
100059b4:	4482      	add	sl, r0
100059b6:	4656      	mov	r6, sl
100059b8:	46ba      	mov	sl, r7
100059ba:	78c3      	ldrb	r3, [r0, #3]
100059bc:	7882      	ldrb	r2, [r0, #2]
100059be:	021b      	lsls	r3, r3, #8
100059c0:	4313      	orrs	r3, r2
100059c2:	18c3      	adds	r3, r0, r3
100059c4:	9305      	str	r3, [sp, #20]
100059c6:	4b8e      	ldr	r3, [pc, #568]	@ (10005c00 <tud_task_ext+0x6a0>)
100059c8:	9304      	str	r3, [sp, #16]
100059ca:	4b8e      	ldr	r3, [pc, #568]	@ (10005c04 <tud_task_ext+0x6a4>)
100059cc:	9308      	str	r3, [sp, #32]
100059ce:	4b8e      	ldr	r3, [pc, #568]	@ (10005c08 <tud_task_ext+0x6a8>)
100059d0:	9309      	str	r3, [sp, #36]	@ 0x24
100059d2:	4b8e      	ldr	r3, [pc, #568]	@ (10005c0c <tud_task_ext+0x6ac>)
100059d4:	930a      	str	r3, [sp, #40]	@ 0x28
100059d6:	9b05      	ldr	r3, [sp, #20]
100059d8:	42b3      	cmp	r3, r6
100059da:	d800      	bhi.n	100059de <tud_task_ext+0x47e>
100059dc:	e155      	b.n	10005c8a <tud_task_ext+0x72a>
100059de:	7873      	ldrb	r3, [r6, #1]
100059e0:	2201      	movs	r2, #1
100059e2:	2b0b      	cmp	r3, #11
100059e4:	d103      	bne.n	100059ee <tud_task_ext+0x48e>
100059e6:	7833      	ldrb	r3, [r6, #0]
100059e8:	78f2      	ldrb	r2, [r6, #3]
100059ea:	18f6      	adds	r6, r6, r3
100059ec:	7873      	ldrb	r3, [r6, #1]
100059ee:	2b04      	cmp	r3, #4
100059f0:	d000      	beq.n	100059f4 <tud_task_ext+0x494>
100059f2:	e144      	b.n	10005c7e <tud_task_ext+0x71e>
100059f4:	9b05      	ldr	r3, [sp, #20]
100059f6:	2700      	movs	r7, #0
100059f8:	1b9b      	subs	r3, r3, r6
100059fa:	b29b      	uxth	r3, r3
100059fc:	9306      	str	r3, [sp, #24]
100059fe:	9b04      	ldr	r3, [sp, #16]
10005a00:	920b      	str	r2, [sp, #44]	@ 0x2c
10005a02:	781d      	ldrb	r5, [r3, #0]
10005a04:	2300      	movs	r3, #0
10005a06:	9303      	str	r3, [sp, #12]
10005a08:	e01b      	b.n	10005a42 <tud_task_ext+0x4e2>
10005a0a:	9a09      	ldr	r2, [sp, #36]	@ 0x24
10005a0c:	017b      	lsls	r3, r7, #5
10005a0e:	6815      	ldr	r5, [r2, #0]
10005a10:	18ed      	adds	r5, r5, r3
10005a12:	2d00      	cmp	r5, #0
10005a14:	d100      	bne.n	10005a18 <tud_task_ext+0x4b8>
10005a16:	e132      	b.n	10005c7e <tud_task_ext+0x71e>
10005a18:	0031      	movs	r1, r6
10005a1a:	4658      	mov	r0, fp
10005a1c:	692b      	ldr	r3, [r5, #16]
10005a1e:	9a06      	ldr	r2, [sp, #24]
10005a20:	4798      	blx	r3
10005a22:	4684      	mov	ip, r0
10005a24:	2808      	cmp	r0, #8
10005a26:	d903      	bls.n	10005a30 <tud_task_ext+0x4d0>
10005a28:	9a06      	ldr	r2, [sp, #24]
10005a2a:	4282      	cmp	r2, r0
10005a2c:	d300      	bcc.n	10005a30 <tud_task_ext+0x4d0>
10005a2e:	e113      	b.n	10005c58 <tud_task_ext+0x6f8>
10005a30:	9b04      	ldr	r3, [sp, #16]
10005a32:	3701      	adds	r7, #1
10005a34:	781d      	ldrb	r5, [r3, #0]
10005a36:	b2ff      	uxtb	r7, r7
10005a38:	1c6b      	adds	r3, r5, #1
10005a3a:	9703      	str	r7, [sp, #12]
10005a3c:	429f      	cmp	r7, r3
10005a3e:	dd00      	ble.n	10005a42 <tud_task_ext+0x4e2>
10005a40:	e11d      	b.n	10005c7e <tud_task_ext+0x71e>
10005a42:	42bd      	cmp	r5, r7
10005a44:	d8e1      	bhi.n	10005a0a <tud_task_ext+0x4aa>
10005a46:	9b03      	ldr	r3, [sp, #12]
10005a48:	1b5d      	subs	r5, r3, r5
10005a4a:	9b08      	ldr	r3, [sp, #32]
10005a4c:	016d      	lsls	r5, r5, #5
10005a4e:	469c      	mov	ip, r3
10005a50:	4465      	add	r5, ip
10005a52:	e7e1      	b.n	10005a18 <tud_task_ext+0x4b8>
10005a54:	786b      	ldrb	r3, [r5, #1]
10005a56:	aa0c      	add	r2, sp, #48	@ 0x30
10005a58:	3202      	adds	r2, #2
10005a5a:	7013      	strb	r3, [r2, #0]
10005a5c:	4658      	mov	r0, fp
10005a5e:	2301      	movs	r3, #1
10005a60:	a90e      	add	r1, sp, #56	@ 0x38
10005a62:	f000 fa49 	bl	10005ef8 <tud_control_xfer>
10005a66:	e591      	b.n	1000558c <tud_task_ext+0x2c>
10005a68:	88e3      	ldrh	r3, [r4, #6]
10005a6a:	0a1a      	lsrs	r2, r3, #8
10005a6c:	b2d8      	uxtb	r0, r3
10005a6e:	2a0f      	cmp	r2, #15
10005a70:	d900      	bls.n	10005a74 <tud_task_ext+0x514>
10005a72:	e6f7      	b.n	10005864 <tud_task_ext+0x304>
10005a74:	4966      	ldr	r1, [pc, #408]	@ (10005c10 <tud_task_ext+0x6b0>)
10005a76:	0093      	lsls	r3, r2, #2
10005a78:	58cb      	ldr	r3, [r1, r3]
10005a7a:	469f      	mov	pc, r3
10005a7c:	a80e      	add	r0, sp, #56	@ 0x38
10005a7e:	f000 fa9f 	bl	10005fc0 <usbd_control_set_request>
10005a82:	4658      	mov	r0, fp
10005a84:	79a1      	ldrb	r1, [r4, #6]
10005a86:	f7ff fb95 	bl	100051b4 <dcd_set_address>
10005a8a:	2202      	movs	r2, #2
10005a8c:	782b      	ldrb	r3, [r5, #0]
10005a8e:	4313      	orrs	r3, r2
10005a90:	702b      	strb	r3, [r5, #0]
10005a92:	e57b      	b.n	1000558c <tud_task_ext+0x2c>
10005a94:	88e3      	ldrh	r3, [r4, #6]
10005a96:	2b01      	cmp	r3, #1
10005a98:	d000      	beq.n	10005a9c <tud_task_ext+0x53c>
10005a9a:	e6e3      	b.n	10005864 <tud_task_ext+0x304>
10005a9c:	2208      	movs	r2, #8
10005a9e:	782b      	ldrb	r3, [r5, #0]
10005aa0:	4658      	mov	r0, fp
10005aa2:	4393      	bics	r3, r2
10005aa4:	a90e      	add	r1, sp, #56	@ 0x38
10005aa6:	702b      	strb	r3, [r5, #0]
10005aa8:	f000 fa10 	bl	10005ecc <tud_control_status>
10005aac:	e56e      	b.n	1000558c <tud_task_ext+0x2c>
10005aae:	2002      	movs	r0, #2
10005ab0:	7829      	ldrb	r1, [r5, #0]
10005ab2:	ab0c      	add	r3, sp, #48	@ 0x30
10005ab4:	1c9a      	adds	r2, r3, #2
10005ab6:	068b      	lsls	r3, r1, #26
10005ab8:	0889      	lsrs	r1, r1, #2
10005aba:	0fdb      	lsrs	r3, r3, #31
10005abc:	4001      	ands	r1, r0
10005abe:	430b      	orrs	r3, r1
10005ac0:	8013      	strh	r3, [r2, #0]
10005ac2:	4658      	mov	r0, fp
10005ac4:	2302      	movs	r3, #2
10005ac6:	a90e      	add	r1, sp, #56	@ 0x38
10005ac8:	f000 fa16 	bl	10005ef8 <tud_control_xfer>
10005acc:	e55e      	b.n	1000558c <tud_task_ext+0x2c>
10005ace:	88e3      	ldrh	r3, [r4, #6]
10005ad0:	2b01      	cmp	r3, #1
10005ad2:	d000      	beq.n	10005ad6 <tud_task_ext+0x576>
10005ad4:	e6c6      	b.n	10005864 <tud_task_ext+0x304>
10005ad6:	2208      	movs	r2, #8
10005ad8:	782b      	ldrb	r3, [r5, #0]
10005ada:	4313      	orrs	r3, r2
10005adc:	702b      	strb	r3, [r5, #0]
10005ade:	e718      	b.n	10005912 <tud_task_ext+0x3b2>
10005ae0:	7a23      	ldrb	r3, [r4, #8]
10005ae2:	2b0f      	cmp	r3, #15
10005ae4:	d900      	bls.n	10005ae8 <tud_task_ext+0x588>
10005ae6:	e6bd      	b.n	10005864 <tud_task_ext+0x304>
10005ae8:	18eb      	adds	r3, r5, r3
10005aea:	791d      	ldrb	r5, [r3, #4]
10005aec:	4b44      	ldr	r3, [pc, #272]	@ (10005c00 <tud_task_ext+0x6a0>)
10005aee:	781b      	ldrb	r3, [r3, #0]
10005af0:	429d      	cmp	r5, r3
10005af2:	d228      	bcs.n	10005b46 <tud_task_ext+0x5e6>
10005af4:	4b44      	ldr	r3, [pc, #272]	@ (10005c08 <tud_task_ext+0x6a8>)
10005af6:	016d      	lsls	r5, r5, #5
10005af8:	681b      	ldr	r3, [r3, #0]
10005afa:	195d      	adds	r5, r3, r5
10005afc:	2d00      	cmp	r5, #0
10005afe:	d100      	bne.n	10005b02 <tud_task_ext+0x5a2>
10005b00:	e6b0      	b.n	10005864 <tud_task_ext+0x304>
10005b02:	6968      	ldr	r0, [r5, #20]
10005b04:	f000 fa56 	bl	10005fb4 <usbd_control_set_complete_callback>
10005b08:	2101      	movs	r1, #1
10005b0a:	4658      	mov	r0, fp
10005b0c:	696b      	ldr	r3, [r5, #20]
10005b0e:	aa0e      	add	r2, sp, #56	@ 0x38
10005b10:	4798      	blx	r3
10005b12:	e6b8      	b.n	10005886 <tud_task_ext+0x326>
10005b14:	2a00      	cmp	r2, #0
10005b16:	d000      	beq.n	10005b1a <tud_task_ext+0x5ba>
10005b18:	e6a4      	b.n	10005864 <tud_task_ext+0x304>
10005b1a:	2300      	movs	r3, #0
10005b1c:	4699      	mov	r9, r3
10005b1e:	7962      	ldrb	r2, [r4, #5]
10005b20:	2002      	movs	r0, #2
10005b22:	0013      	movs	r3, r2
10005b24:	9203      	str	r2, [sp, #12]
10005b26:	4383      	bics	r3, r0
10005b28:	2b01      	cmp	r3, #1
10005b2a:	d015      	beq.n	10005b58 <tud_task_ext+0x5f8>
10005b2c:	2a00      	cmp	r2, #0
10005b2e:	d000      	beq.n	10005b32 <tud_task_ext+0x5d2>
10005b30:	e698      	b.n	10005864 <tud_task_ext+0x304>
10005b32:	002b      	movs	r3, r5
10005b34:	4443      	add	r3, r8
10005b36:	4453      	add	r3, sl
10005b38:	3330      	adds	r3, #48	@ 0x30
10005b3a:	791b      	ldrb	r3, [r3, #4]
10005b3c:	aa0c      	add	r2, sp, #48	@ 0x30
10005b3e:	079b      	lsls	r3, r3, #30
10005b40:	0fdb      	lsrs	r3, r3, #31
10005b42:	3202      	adds	r2, #2
10005b44:	e7bc      	b.n	10005ac0 <tud_task_ext+0x560>
10005b46:	1c5a      	adds	r2, r3, #1
10005b48:	42aa      	cmp	r2, r5
10005b4a:	da00      	bge.n	10005b4e <tud_task_ext+0x5ee>
10005b4c:	e68a      	b.n	10005864 <tud_task_ext+0x304>
10005b4e:	1aed      	subs	r5, r5, r3
10005b50:	4b2c      	ldr	r3, [pc, #176]	@ (10005c04 <tud_task_ext+0x6a4>)
10005b52:	016d      	lsls	r5, r5, #5
10005b54:	18ed      	adds	r5, r5, r3
10005b56:	e7d4      	b.n	10005b02 <tud_task_ext+0x5a2>
10005b58:	88e3      	ldrh	r3, [r4, #6]
10005b5a:	2b00      	cmp	r3, #0
10005b5c:	d112      	bne.n	10005b84 <tud_task_ext+0x624>
10005b5e:	9b02      	ldr	r3, [sp, #8]
10005b60:	7818      	ldrb	r0, [r3, #0]
10005b62:	9b03      	ldr	r3, [sp, #12]
10005b64:	2b01      	cmp	r3, #1
10005b66:	d023      	beq.n	10005bb0 <tud_task_ext+0x650>
10005b68:	f7ff fbea 	bl	10005340 <dcd_edpt_stall>
10005b6c:	4643      	mov	r3, r8
10005b6e:	2102      	movs	r1, #2
10005b70:	18eb      	adds	r3, r5, r3
10005b72:	4453      	add	r3, sl
10005b74:	3330      	adds	r3, #48	@ 0x30
10005b76:	791a      	ldrb	r2, [r3, #4]
10005b78:	430a      	orrs	r2, r1
10005b7a:	2101      	movs	r1, #1
10005b7c:	711a      	strb	r2, [r3, #4]
10005b7e:	791a      	ldrb	r2, [r3, #4]
10005b80:	430a      	orrs	r2, r1
10005b82:	711a      	strb	r2, [r3, #4]
10005b84:	464b      	mov	r3, r9
10005b86:	2b00      	cmp	r3, #0
10005b88:	d100      	bne.n	10005b8c <tud_task_ext+0x62c>
10005b8a:	e4ff      	b.n	1000558c <tud_task_ext+0x2c>
10005b8c:	6958      	ldr	r0, [r3, #20]
10005b8e:	f000 fa11 	bl	10005fb4 <usbd_control_set_complete_callback>
10005b92:	464b      	mov	r3, r9
10005b94:	2101      	movs	r1, #1
10005b96:	695b      	ldr	r3, [r3, #20]
10005b98:	aa0e      	add	r2, sp, #56	@ 0x38
10005b9a:	4658      	mov	r0, fp
10005b9c:	4798      	blx	r3
10005b9e:	2000      	movs	r0, #0
10005ba0:	f000 fa08 	bl	10005fb4 <usbd_control_set_complete_callback>
10005ba4:	2335      	movs	r3, #53	@ 0x35
10005ba6:	5ceb      	ldrb	r3, [r5, r3]
10005ba8:	07db      	lsls	r3, r3, #31
10005baa:	d500      	bpl.n	10005bae <tud_task_ext+0x64e>
10005bac:	e4ee      	b.n	1000558c <tud_task_ext+0x2c>
10005bae:	e6b0      	b.n	10005912 <tud_task_ext+0x3b2>
10005bb0:	f7ff fbe4 	bl	1000537c <dcd_edpt_clear_stall>
10005bb4:	4643      	mov	r3, r8
10005bb6:	2102      	movs	r1, #2
10005bb8:	18eb      	adds	r3, r5, r3
10005bba:	4453      	add	r3, sl
10005bbc:	3330      	adds	r3, #48	@ 0x30
10005bbe:	791a      	ldrb	r2, [r3, #4]
10005bc0:	438a      	bics	r2, r1
10005bc2:	711a      	strb	r2, [r3, #4]
10005bc4:	791a      	ldrb	r2, [r3, #4]
10005bc6:	9903      	ldr	r1, [sp, #12]
10005bc8:	438a      	bics	r2, r1
10005bca:	711a      	strb	r2, [r3, #4]
10005bcc:	e7da      	b.n	10005b84 <tud_task_ext+0x624>
10005bce:	f7ff fc37 	bl	10005440 <tud_umount_cb>
10005bd2:	e69e      	b.n	10005912 <tud_task_ext+0x3b2>
10005bd4:	2100      	movs	r1, #0
10005bd6:	4658      	mov	r0, fp
10005bd8:	f7ff faf6 	bl	100051c8 <dcd_sof_enable>
10005bdc:	4658      	mov	r0, fp
10005bde:	f7ff fb99 	bl	10005314 <dcd_edpt_close_all>
10005be2:	78ab      	ldrb	r3, [r5, #2]
10005be4:	4907      	ldr	r1, [pc, #28]	@ (10005c04 <tud_task_ext+0x6a4>)
10005be6:	9303      	str	r3, [sp, #12]
10005be8:	9104      	str	r1, [sp, #16]
10005bea:	4b05      	ldr	r3, [pc, #20]	@ (10005c00 <tud_task_ext+0x6a0>)
10005bec:	4906      	ldr	r1, [pc, #24]	@ (10005c08 <tud_task_ext+0x6a8>)
10005bee:	4698      	mov	r8, r3
10005bf0:	781a      	ldrb	r2, [r3, #0]
10005bf2:	9105      	str	r1, [sp, #20]
10005bf4:	2300      	movs	r3, #0
10005bf6:	0029      	movs	r1, r5
10005bf8:	001d      	movs	r5, r3
10005bfa:	468a      	mov	sl, r1
10005bfc:	e01b      	b.n	10005c36 <tud_task_ext+0x6d6>
10005bfe:	46c0      	nop			@ (mov r8, r8)
10005c00:	20001fd5 	.word	0x20001fd5
10005c04:	10007e58 	.word	0x10007e58
10005c08:	20001358 	.word	0x20001358
10005c0c:	2000151c 	.word	0x2000151c
10005c10:	10007dfc 	.word	0x10007dfc
10005c14:	9b05      	ldr	r3, [sp, #20]
10005c16:	016a      	lsls	r2, r5, #5
10005c18:	681b      	ldr	r3, [r3, #0]
10005c1a:	189b      	adds	r3, r3, r2
10005c1c:	2b00      	cmp	r3, #0
10005c1e:	d04d      	beq.n	10005cbc <tud_task_ext+0x75c>
10005c20:	68db      	ldr	r3, [r3, #12]
10005c22:	4658      	mov	r0, fp
10005c24:	4798      	blx	r3
10005c26:	4643      	mov	r3, r8
10005c28:	781a      	ldrb	r2, [r3, #0]
10005c2a:	3501      	adds	r5, #1
10005c2c:	b2ed      	uxtb	r5, r5
10005c2e:	1c51      	adds	r1, r2, #1
10005c30:	002b      	movs	r3, r5
10005c32:	428d      	cmp	r5, r1
10005c34:	dc2e      	bgt.n	10005c94 <tud_task_ext+0x734>
10005c36:	4295      	cmp	r5, r2
10005c38:	d3ec      	bcc.n	10005c14 <tud_task_ext+0x6b4>
10005c3a:	1a9b      	subs	r3, r3, r2
10005c3c:	9a04      	ldr	r2, [sp, #16]
10005c3e:	015b      	lsls	r3, r3, #5
10005c40:	4694      	mov	ip, r2
10005c42:	4463      	add	r3, ip
10005c44:	e7ec      	b.n	10005c20 <tud_task_ext+0x6c0>
10005c46:	ab0c      	add	r3, sp, #48	@ 0x30
10005c48:	1c9a      	adds	r2, r3, #2
10005c4a:	4658      	mov	r0, fp
10005c4c:	2301      	movs	r3, #1
10005c4e:	a90e      	add	r1, sp, #56	@ 0x38
10005c50:	7015      	strb	r5, [r2, #0]
10005c52:	f000 f951 	bl	10005ef8 <tud_control_xfer>
10005c56:	e499      	b.n	1000558c <tud_task_ext+0x2c>
10005c58:	9a0b      	ldr	r2, [sp, #44]	@ 0x2c
10005c5a:	2a01      	cmp	r2, #1
10005c5c:	d04f      	beq.n	10005cfe <tud_task_ext+0x79e>
10005c5e:	2a00      	cmp	r2, #0
10005c60:	d03c      	beq.n	10005cdc <tud_task_ext+0x77c>
10005c62:	2300      	movs	r3, #0
10005c64:	78b0      	ldrb	r0, [r6, #2]
10005c66:	e004      	b.n	10005c72 <tud_task_ext+0x712>
10005c68:	3301      	adds	r3, #1
10005c6a:	b2db      	uxtb	r3, r3
10005c6c:	710f      	strb	r7, [r1, #4]
10005c6e:	4293      	cmp	r3, r2
10005c70:	d234      	bcs.n	10005cdc <tud_task_ext+0x77c>
10005c72:	18c1      	adds	r1, r0, r3
10005c74:	b2c9      	uxtb	r1, r1
10005c76:	4441      	add	r1, r8
10005c78:	790d      	ldrb	r5, [r1, #4]
10005c7a:	2dff      	cmp	r5, #255	@ 0xff
10005c7c:	d0f4      	beq.n	10005c68 <tud_task_ext+0x708>
10005c7e:	464e      	mov	r6, r9
10005c80:	4645      	mov	r5, r8
10005c82:	4657      	mov	r7, sl
10005c84:	2300      	movs	r3, #0
10005c86:	706b      	strb	r3, [r5, #1]
10005c88:	e5ec      	b.n	10005864 <tud_task_ext+0x304>
10005c8a:	464e      	mov	r6, r9
10005c8c:	4657      	mov	r7, sl
10005c8e:	f7ff fbd5 	bl	1000543c <tud_mount_cb>
10005c92:	e63e      	b.n	10005912 <tud_task_ext+0x3b2>
10005c94:	4655      	mov	r5, sl
10005c96:	2254      	movs	r2, #84	@ 0x54
10005c98:	2100      	movs	r1, #0
10005c9a:	0028      	movs	r0, r5
10005c9c:	f7fc fed2 	bl	10002a44 <__wrap_memset>
10005ca0:	2210      	movs	r2, #16
10005ca2:	21ff      	movs	r1, #255	@ 0xff
10005ca4:	1d28      	adds	r0, r5, #4
10005ca6:	f7fc fecd 	bl	10002a44 <__wrap_memset>
10005caa:	0028      	movs	r0, r5
10005cac:	2220      	movs	r2, #32
10005cae:	21ff      	movs	r1, #255	@ 0xff
10005cb0:	3014      	adds	r0, #20
10005cb2:	f7fc fec7 	bl	10002a44 <__wrap_memset>
10005cb6:	9b03      	ldr	r3, [sp, #12]
10005cb8:	70ab      	strb	r3, [r5, #2]
10005cba:	e657      	b.n	1000596c <tud_task_ext+0x40c>
10005cbc:	4655      	mov	r5, sl
10005cbe:	e7fa      	b.n	10005cb6 <tud_task_ext+0x756>
10005cc0:	f7fe feaa 	bl	10004a18 <tud_descriptor_bos_cb>
10005cc4:	1e02      	subs	r2, r0, #0
10005cc6:	d100      	bne.n	10005cca <tud_task_ext+0x76a>
10005cc8:	e5cc      	b.n	10005864 <tud_task_ext+0x304>
10005cca:	78d3      	ldrb	r3, [r2, #3]
10005ccc:	7891      	ldrb	r1, [r2, #2]
10005cce:	021b      	lsls	r3, r3, #8
10005cd0:	430b      	orrs	r3, r1
10005cd2:	4658      	mov	r0, fp
10005cd4:	a90e      	add	r1, sp, #56	@ 0x38
10005cd6:	f000 f90f 	bl	10005ef8 <tud_control_xfer>
10005cda:	e5d4      	b.n	10005886 <tud_task_ext+0x326>
10005cdc:	4665      	mov	r5, ip
10005cde:	003b      	movs	r3, r7
10005ce0:	002a      	movs	r2, r5
10005ce2:	0031      	movs	r1, r6
10005ce4:	980a      	ldr	r0, [sp, #40]	@ 0x28
10005ce6:	f000 fe7f 	bl	100069e8 <tu_edpt_bind_driver>
10005cea:	46ac      	mov	ip, r5
10005cec:	9b04      	ldr	r3, [sp, #16]
10005cee:	9a03      	ldr	r2, [sp, #12]
10005cf0:	781b      	ldrb	r3, [r3, #0]
10005cf2:	4466      	add	r6, ip
10005cf4:	3301      	adds	r3, #1
10005cf6:	4293      	cmp	r3, r2
10005cf8:	db00      	blt.n	10005cfc <tud_task_ext+0x79c>
10005cfa:	e66c      	b.n	100059d6 <tud_task_ext+0x476>
10005cfc:	e7bf      	b.n	10005c7e <tud_task_ext+0x71e>
10005cfe:	4b17      	ldr	r3, [pc, #92]	@ (10005d5c <tud_task_ext+0x7fc>)
10005d00:	6929      	ldr	r1, [r5, #16]
10005d02:	4299      	cmp	r1, r3
10005d04:	d1ad      	bne.n	10005c62 <tud_task_ext+0x702>
10005d06:	9a07      	ldr	r2, [sp, #28]
10005d08:	e7ab      	b.n	10005c62 <tud_task_ext+0x702>
10005d0a:	f7ff fb93 	bl	10005434 <tud_descriptor_device_qualifier_cb>
10005d0e:	1e02      	subs	r2, r0, #0
10005d10:	d100      	bne.n	10005d14 <tud_task_ext+0x7b4>
10005d12:	e5a7      	b.n	10005864 <tud_task_ext+0x304>
10005d14:	4658      	mov	r0, fp
10005d16:	7813      	ldrb	r3, [r2, #0]
10005d18:	a90e      	add	r1, sp, #56	@ 0x38
10005d1a:	f000 f8ed 	bl	10005ef8 <tud_control_xfer>
10005d1e:	e5b2      	b.n	10005886 <tud_task_ext+0x326>
10005d20:	8921      	ldrh	r1, [r4, #8]
10005d22:	f7ff f8c3 	bl	10004eac <tud_descriptor_string_cb>
10005d26:	1e02      	subs	r2, r0, #0
10005d28:	d1f4      	bne.n	10005d14 <tud_task_ext+0x7b4>
10005d2a:	e59b      	b.n	10005864 <tud_task_ext+0x304>
10005d2c:	2a02      	cmp	r2, #2
10005d2e:	d00f      	beq.n	10005d50 <tud_task_ext+0x7f0>
10005d30:	f7ff fb82 	bl	10005438 <tud_descriptor_other_speed_configuration_cb>
10005d34:	1e02      	subs	r2, r0, #0
10005d36:	d1c8      	bne.n	10005cca <tud_task_ext+0x76a>
10005d38:	e594      	b.n	10005864 <tud_task_ext+0x304>
10005d3a:	f7ff f8af 	bl	10004e9c <tud_descriptor_device_cb>
10005d3e:	1e02      	subs	r2, r0, #0
10005d40:	d100      	bne.n	10005d44 <tud_task_ext+0x7e4>
10005d42:	e58f      	b.n	10005864 <tud_task_ext+0x304>
10005d44:	2312      	movs	r3, #18
10005d46:	4658      	mov	r0, fp
10005d48:	a90e      	add	r1, sp, #56	@ 0x38
10005d4a:	f000 f8d5 	bl	10005ef8 <tud_control_xfer>
10005d4e:	e59a      	b.n	10005886 <tud_task_ext+0x326>
10005d50:	f7ff f8a8 	bl	10004ea4 <tud_descriptor_configuration_cb>
10005d54:	1e02      	subs	r2, r0, #0
10005d56:	d1b8      	bne.n	10005cca <tud_task_ext+0x76a>
10005d58:	e584      	b.n	10005864 <tud_task_ext+0x304>
10005d5a:	46c0      	nop			@ (mov r8, r8)
10005d5c:	100063b1 	.word	0x100063b1

10005d60 <usbd_open_edpt_pair>:
10005d60:	b5f8      	push	{r3, r4, r5, r6, r7, lr}
10005d62:	4657      	mov	r7, sl
10005d64:	464e      	mov	r6, r9
10005d66:	46de      	mov	lr, fp
10005d68:	4645      	mov	r5, r8
10005d6a:	000c      	movs	r4, r1
10005d6c:	b5e0      	push	{r5, r6, r7, lr}
10005d6e:	0016      	movs	r6, r2
10005d70:	001f      	movs	r7, r3
10005d72:	2a00      	cmp	r2, #0
10005d74:	d03c      	beq.n	10005df0 <usbd_open_edpt_pair+0x90>
10005d76:	2370      	movs	r3, #112	@ 0x70
10005d78:	4698      	mov	r8, r3
10005d7a:	4b1e      	ldr	r3, [pc, #120]	@ (10005df4 <usbd_open_edpt_pair+0x94>)
10005d7c:	2500      	movs	r5, #0
10005d7e:	469b      	mov	fp, r3
10005d80:	4b1d      	ldr	r3, [pc, #116]	@ (10005df8 <usbd_open_edpt_pair+0x98>)
10005d82:	469a      	mov	sl, r3
10005d84:	e01a      	b.n	10005dbc <usbd_open_edpt_pair+0x5c>
10005d86:	465b      	mov	r3, fp
10005d88:	781b      	ldrb	r3, [r3, #0]
10005d8a:	0020      	movs	r0, r4
10005d8c:	4699      	mov	r9, r3
10005d8e:	4653      	mov	r3, sl
10005d90:	7899      	ldrb	r1, [r3, #2]
10005d92:	f000 fdeb 	bl	1000696c <tu_edpt_validate>
10005d96:	2800      	cmp	r0, #0
10005d98:	d01c      	beq.n	10005dd4 <usbd_open_edpt_pair+0x74>
10005d9a:	0021      	movs	r1, r4
10005d9c:	4648      	mov	r0, r9
10005d9e:	f7ff fa2f 	bl	10005200 <dcd_edpt_open>
10005da2:	2800      	cmp	r0, #0
10005da4:	d016      	beq.n	10005dd4 <usbd_open_edpt_pair+0x74>
10005da6:	78a3      	ldrb	r3, [r4, #2]
10005da8:	09da      	lsrs	r2, r3, #7
10005daa:	2a01      	cmp	r2, #1
10005dac:	d019      	beq.n	10005de2 <usbd_open_edpt_pair+0x82>
10005dae:	9a0a      	ldr	r2, [sp, #40]	@ 0x28
10005db0:	3501      	adds	r5, #1
10005db2:	7013      	strb	r3, [r2, #0]
10005db4:	7823      	ldrb	r3, [r4, #0]
10005db6:	18e4      	adds	r4, r4, r3
10005db8:	42b5      	cmp	r5, r6
10005dba:	da19      	bge.n	10005df0 <usbd_open_edpt_pair+0x90>
10005dbc:	7863      	ldrb	r3, [r4, #1]
10005dbe:	2b05      	cmp	r3, #5
10005dc0:	d108      	bne.n	10005dd4 <usbd_open_edpt_pair+0x74>
10005dc2:	78e3      	ldrb	r3, [r4, #3]
10005dc4:	079b      	lsls	r3, r3, #30
10005dc6:	0f9b      	lsrs	r3, r3, #30
10005dc8:	42bb      	cmp	r3, r7
10005dca:	d103      	bne.n	10005dd4 <usbd_open_edpt_pair+0x74>
10005dcc:	4642      	mov	r2, r8
10005dce:	78a3      	ldrb	r3, [r4, #2]
10005dd0:	421a      	tst	r2, r3
10005dd2:	d0d8      	beq.n	10005d86 <usbd_open_edpt_pair+0x26>
10005dd4:	2000      	movs	r0, #0
10005dd6:	bcf0      	pop	{r4, r5, r6, r7}
10005dd8:	46bb      	mov	fp, r7
10005dda:	46b2      	mov	sl, r6
10005ddc:	46a9      	mov	r9, r5
10005dde:	46a0      	mov	r8, r4
10005de0:	bdf8      	pop	{r3, r4, r5, r6, r7, pc}
10005de2:	9a0b      	ldr	r2, [sp, #44]	@ 0x2c
10005de4:	3501      	adds	r5, #1
10005de6:	7013      	strb	r3, [r2, #0]
10005de8:	7823      	ldrb	r3, [r4, #0]
10005dea:	18e4      	adds	r4, r4, r3
10005dec:	42b5      	cmp	r5, r6
10005dee:	dbe5      	blt.n	10005dbc <usbd_open_edpt_pair+0x5c>
10005df0:	2001      	movs	r0, #1
10005df2:	e7f0      	b.n	10005dd6 <usbd_open_edpt_pair+0x76>
10005df4:	200010bc 	.word	0x200010bc
10005df8:	20001508 	.word	0x20001508

10005dfc <usbd_edpt_open>:
10005dfc:	2270      	movs	r2, #112	@ 0x70
10005dfe:	b570      	push	{r4, r5, r6, lr}
10005e00:	788b      	ldrb	r3, [r1, #2]
10005e02:	000c      	movs	r4, r1
10005e04:	421a      	tst	r2, r3
10005e06:	d001      	beq.n	10005e0c <usbd_edpt_open+0x10>
10005e08:	2000      	movs	r0, #0
10005e0a:	bd70      	pop	{r4, r5, r6, pc}
10005e0c:	4b06      	ldr	r3, [pc, #24]	@ (10005e28 <usbd_edpt_open+0x2c>)
10005e0e:	0020      	movs	r0, r4
10005e10:	781d      	ldrb	r5, [r3, #0]
10005e12:	4b06      	ldr	r3, [pc, #24]	@ (10005e2c <usbd_edpt_open+0x30>)
10005e14:	7899      	ldrb	r1, [r3, #2]
10005e16:	f000 fda9 	bl	1000696c <tu_edpt_validate>
10005e1a:	2800      	cmp	r0, #0
10005e1c:	d0f4      	beq.n	10005e08 <usbd_edpt_open+0xc>
10005e1e:	0021      	movs	r1, r4
10005e20:	0028      	movs	r0, r5
10005e22:	f7ff f9ed 	bl	10005200 <dcd_edpt_open>
10005e26:	e7f0      	b.n	10005e0a <usbd_edpt_open+0xe>
10005e28:	200010bc 	.word	0x200010bc
10005e2c:	20001508 	.word	0x20001508

10005e30 <usbd_edpt_claim>:
10005e30:	000b      	movs	r3, r1
10005e32:	207f      	movs	r0, #127	@ 0x7f
10005e34:	b510      	push	{r4, lr}
10005e36:	4018      	ands	r0, r3
10005e38:	09db      	lsrs	r3, r3, #7
10005e3a:	3334      	adds	r3, #52	@ 0x34
10005e3c:	0040      	lsls	r0, r0, #1
10005e3e:	4a04      	ldr	r2, [pc, #16]	@ (10005e50 <usbd_edpt_claim+0x20>)
10005e40:	18c0      	adds	r0, r0, r3
10005e42:	4b04      	ldr	r3, [pc, #16]	@ (10005e54 <usbd_edpt_claim+0x24>)
10005e44:	6811      	ldr	r1, [r2, #0]
10005e46:	18c0      	adds	r0, r0, r3
10005e48:	f000 fd4c 	bl	100068e4 <tu_edpt_claim>
10005e4c:	bd10      	pop	{r4, pc}
10005e4e:	46c0      	nop			@ (mov r8, r8)
10005e50:	2000155c 	.word	0x2000155c
10005e54:	20001508 	.word	0x20001508

10005e58 <usbd_edpt_release>:
10005e58:	000b      	movs	r3, r1
10005e5a:	207f      	movs	r0, #127	@ 0x7f
10005e5c:	b510      	push	{r4, lr}
10005e5e:	4018      	ands	r0, r3
10005e60:	09db      	lsrs	r3, r3, #7
10005e62:	3334      	adds	r3, #52	@ 0x34
10005e64:	0040      	lsls	r0, r0, #1
10005e66:	4a04      	ldr	r2, [pc, #16]	@ (10005e78 <usbd_edpt_release+0x20>)
10005e68:	18c0      	adds	r0, r0, r3
10005e6a:	4b04      	ldr	r3, [pc, #16]	@ (10005e7c <usbd_edpt_release+0x24>)
10005e6c:	6811      	ldr	r1, [r2, #0]
10005e6e:	18c0      	adds	r0, r0, r3
10005e70:	f000 fd60 	bl	10006934 <tu_edpt_release>
10005e74:	bd10      	pop	{r4, pc}
10005e76:	46c0      	nop			@ (mov r8, r8)
10005e78:	2000155c 	.word	0x2000155c
10005e7c:	20001508 	.word	0x20001508

10005e80 <usbd_edpt_xfer>:
10005e80:	b570      	push	{r4, r5, r6, lr}
10005e82:	247f      	movs	r4, #127	@ 0x7f
10005e84:	480f      	ldr	r0, [pc, #60]	@ (10005ec4 <usbd_edpt_xfer+0x44>)
10005e86:	400c      	ands	r4, r1
10005e88:	0064      	lsls	r4, r4, #1
10005e8a:	1904      	adds	r4, r0, r4
10005e8c:	09cd      	lsrs	r5, r1, #7
10005e8e:	1964      	adds	r4, r4, r5
10005e90:	3430      	adds	r4, #48	@ 0x30
10005e92:	7920      	ldrb	r0, [r4, #4]
10005e94:	07c0      	lsls	r0, r0, #31
10005e96:	d501      	bpl.n	10005e9c <usbd_edpt_xfer+0x1c>
10005e98:	2000      	movs	r0, #0
10005e9a:	bd70      	pop	{r4, r5, r6, pc}
10005e9c:	2601      	movs	r6, #1
10005e9e:	7925      	ldrb	r5, [r4, #4]
10005ea0:	4809      	ldr	r0, [pc, #36]	@ (10005ec8 <usbd_edpt_xfer+0x48>)
10005ea2:	4335      	orrs	r5, r6
10005ea4:	7800      	ldrb	r0, [r0, #0]
10005ea6:	7125      	strb	r5, [r4, #4]
10005ea8:	f7ff fa38 	bl	1000531c <dcd_edpt_xfer>
10005eac:	2800      	cmp	r0, #0
10005eae:	d1f4      	bne.n	10005e9a <usbd_edpt_xfer+0x1a>
10005eb0:	2201      	movs	r2, #1
10005eb2:	7923      	ldrb	r3, [r4, #4]
10005eb4:	4393      	bics	r3, r2
10005eb6:	7123      	strb	r3, [r4, #4]
10005eb8:	7923      	ldrb	r3, [r4, #4]
10005eba:	3203      	adds	r2, #3
10005ebc:	4393      	bics	r3, r2
10005ebe:	7123      	strb	r3, [r4, #4]
10005ec0:	e7ea      	b.n	10005e98 <usbd_edpt_xfer+0x18>
10005ec2:	46c0      	nop			@ (mov r8, r8)
10005ec4:	20001508 	.word	0x20001508
10005ec8:	200010bc 	.word	0x200010bc

10005ecc <tud_control_status>:
10005ecc:	b570      	push	{r4, r5, r6, lr}
10005ece:	4c09      	ldr	r4, [pc, #36]	@ (10005ef4 <tud_control_status+0x28>)
10005ed0:	0006      	movs	r6, r0
10005ed2:	2208      	movs	r2, #8
10005ed4:	0020      	movs	r0, r4
10005ed6:	000d      	movs	r5, r1
10005ed8:	f7fc fdba 	bl	10002a50 <__wrap___aeabi_memcpy>
10005edc:	2300      	movs	r3, #0
10005ede:	2180      	movs	r1, #128	@ 0x80
10005ee0:	60e3      	str	r3, [r4, #12]
10005ee2:	60a3      	str	r3, [r4, #8]
10005ee4:	782b      	ldrb	r3, [r5, #0]
10005ee6:	0030      	movs	r0, r6
10005ee8:	4399      	bics	r1, r3
10005eea:	2200      	movs	r2, #0
10005eec:	2300      	movs	r3, #0
10005eee:	f7ff ffc7 	bl	10005e80 <usbd_edpt_xfer>
10005ef2:	bd70      	pop	{r4, r5, r6, pc}
10005ef4:	200014e8 	.word	0x200014e8

10005ef8 <tud_control_xfer>:
10005ef8:	b5f8      	push	{r3, r4, r5, r6, r7, lr}
10005efa:	46ce      	mov	lr, r9
10005efc:	4647      	mov	r7, r8
10005efe:	4690      	mov	r8, r2
10005f00:	4e25      	ldr	r6, [pc, #148]	@ (10005f98 <tud_control_xfer+0xa0>)
10005f02:	b580      	push	{r7, lr}
10005f04:	4681      	mov	r9, r0
10005f06:	2208      	movs	r2, #8
10005f08:	0030      	movs	r0, r6
10005f0a:	000d      	movs	r5, r1
10005f0c:	001f      	movs	r7, r3
10005f0e:	f7fc fd9f 	bl	10002a50 <__wrap___aeabi_memcpy>
10005f12:	4643      	mov	r3, r8
10005f14:	60b3      	str	r3, [r6, #8]
10005f16:	2300      	movs	r3, #0
10005f18:	81f3      	strh	r3, [r6, #14]
10005f1a:	79ec      	ldrb	r4, [r5, #7]
10005f1c:	79ab      	ldrb	r3, [r5, #6]
10005f1e:	0224      	lsls	r4, r4, #8
10005f20:	431c      	orrs	r4, r3
10005f22:	1c23      	adds	r3, r4, #0
10005f24:	42bc      	cmp	r4, r7
10005f26:	d900      	bls.n	10005f2a <tud_control_xfer+0x32>
10005f28:	1c3b      	adds	r3, r7, #0
10005f2a:	b29f      	uxth	r7, r3
10005f2c:	81b3      	strh	r3, [r6, #12]
10005f2e:	2c00      	cmp	r4, #0
10005f30:	d00d      	beq.n	10005f4e <tud_control_xfer+0x56>
10005f32:	2f00      	cmp	r7, #0
10005f34:	d017      	beq.n	10005f66 <tud_control_xfer+0x6e>
10005f36:	4642      	mov	r2, r8
10005f38:	2a00      	cmp	r2, #0
10005f3a:	d02b      	beq.n	10005f94 <tud_control_xfer+0x9c>
10005f3c:	2f40      	cmp	r7, #64	@ 0x40
10005f3e:	d81b      	bhi.n	10005f78 <tud_control_xfer+0x80>
10005f40:	b29f      	uxth	r7, r3
10005f42:	7833      	ldrb	r3, [r6, #0]
10005f44:	2b7f      	cmp	r3, #127	@ 0x7f
10005f46:	d81c      	bhi.n	10005f82 <tud_control_xfer+0x8a>
10005f48:	2100      	movs	r1, #0
10005f4a:	4a14      	ldr	r2, [pc, #80]	@ (10005f9c <tud_control_xfer+0xa4>)
10005f4c:	e00f      	b.n	10005f6e <tud_control_xfer+0x76>
10005f4e:	2180      	movs	r1, #128	@ 0x80
10005f50:	782b      	ldrb	r3, [r5, #0]
10005f52:	2200      	movs	r2, #0
10005f54:	4399      	bics	r1, r3
10005f56:	4648      	mov	r0, r9
10005f58:	2300      	movs	r3, #0
10005f5a:	f7ff ff91 	bl	10005e80 <usbd_edpt_xfer>
10005f5e:	bcc0      	pop	{r6, r7}
10005f60:	46b9      	mov	r9, r7
10005f62:	46b0      	mov	r8, r6
10005f64:	bdf8      	pop	{r3, r4, r5, r6, r7, pc}
10005f66:	237f      	movs	r3, #127	@ 0x7f
10005f68:	2200      	movs	r2, #0
10005f6a:	7831      	ldrb	r1, [r6, #0]
10005f6c:	4399      	bics	r1, r3
10005f6e:	003b      	movs	r3, r7
10005f70:	4648      	mov	r0, r9
10005f72:	f7ff ff85 	bl	10005e80 <usbd_edpt_xfer>
10005f76:	e7f2      	b.n	10005f5e <tud_control_xfer+0x66>
10005f78:	2340      	movs	r3, #64	@ 0x40
10005f7a:	b29f      	uxth	r7, r3
10005f7c:	7833      	ldrb	r3, [r6, #0]
10005f7e:	2b7f      	cmp	r3, #127	@ 0x7f
10005f80:	d9e2      	bls.n	10005f48 <tud_control_xfer+0x50>
10005f82:	4c06      	ldr	r4, [pc, #24]	@ (10005f9c <tud_control_xfer+0xa4>)
10005f84:	003a      	movs	r2, r7
10005f86:	4641      	mov	r1, r8
10005f88:	0020      	movs	r0, r4
10005f8a:	f7fc fd61 	bl	10002a50 <__wrap___aeabi_memcpy>
10005f8e:	2180      	movs	r1, #128	@ 0x80
10005f90:	0022      	movs	r2, r4
10005f92:	e7ec      	b.n	10005f6e <tud_control_xfer+0x76>
10005f94:	2000      	movs	r0, #0
10005f96:	e7e2      	b.n	10005f5e <tud_control_xfer+0x66>
10005f98:	200014e8 	.word	0x200014e8
10005f9c:	200014a8 	.word	0x200014a8

10005fa0 <usbd_control_reset>:
10005fa0:	b510      	push	{r4, lr}
10005fa2:	2214      	movs	r2, #20
10005fa4:	2100      	movs	r1, #0
10005fa6:	4802      	ldr	r0, [pc, #8]	@ (10005fb0 <usbd_control_reset+0x10>)
10005fa8:	f7fc fd4c 	bl	10002a44 <__wrap_memset>
10005fac:	bd10      	pop	{r4, pc}
10005fae:	46c0      	nop			@ (mov r8, r8)
10005fb0:	200014e8 	.word	0x200014e8

10005fb4 <usbd_control_set_complete_callback>:
10005fb4:	4b01      	ldr	r3, [pc, #4]	@ (10005fbc <usbd_control_set_complete_callback+0x8>)
10005fb6:	6118      	str	r0, [r3, #16]
10005fb8:	4770      	bx	lr
10005fba:	46c0      	nop			@ (mov r8, r8)
10005fbc:	200014e8 	.word	0x200014e8

10005fc0 <usbd_control_set_request>:
10005fc0:	b510      	push	{r4, lr}
10005fc2:	4c05      	ldr	r4, [pc, #20]	@ (10005fd8 <usbd_control_set_request+0x18>)
10005fc4:	0001      	movs	r1, r0
10005fc6:	2208      	movs	r2, #8
10005fc8:	0020      	movs	r0, r4
10005fca:	f7fc fd41 	bl	10002a50 <__wrap___aeabi_memcpy>
10005fce:	2300      	movs	r3, #0
10005fd0:	60a3      	str	r3, [r4, #8]
10005fd2:	60e3      	str	r3, [r4, #12]
10005fd4:	bd10      	pop	{r4, pc}
10005fd6:	46c0      	nop			@ (mov r8, r8)
10005fd8:	200014e8 	.word	0x200014e8

10005fdc <usbd_control_xfer_cb>:
10005fdc:	b570      	push	{r4, r5, r6, lr}
10005fde:	4c38      	ldr	r4, [pc, #224]	@ (100060c0 <usbd_control_xfer_cb+0xe4>)
10005fe0:	001d      	movs	r5, r3
10005fe2:	7823      	ldrb	r3, [r4, #0]
10005fe4:	0006      	movs	r6, r0
10005fe6:	09da      	lsrs	r2, r3, #7
10005fe8:	09c9      	lsrs	r1, r1, #7
10005fea:	428a      	cmp	r2, r1
10005fec:	d010      	beq.n	10006010 <usbd_control_xfer_cb+0x34>
10005fee:	2000      	movs	r0, #0
10005ff0:	2d00      	cmp	r5, #0
10005ff2:	d000      	beq.n	10005ff6 <usbd_control_xfer_cb+0x1a>
10005ff4:	bd70      	pop	{r4, r5, r6, pc}
10005ff6:	0021      	movs	r1, r4
10005ff8:	0030      	movs	r0, r6
10005ffa:	f7ff f8f3 	bl	100051e4 <dcd_edpt0_status_complete>
10005ffe:	6923      	ldr	r3, [r4, #16]
10006000:	2b00      	cmp	r3, #0
10006002:	d003      	beq.n	1000600c <usbd_control_xfer_cb+0x30>
10006004:	0022      	movs	r2, r4
10006006:	2103      	movs	r1, #3
10006008:	0030      	movs	r0, r6
1000600a:	4798      	blx	r3
1000600c:	2001      	movs	r0, #1
1000600e:	e7f1      	b.n	10005ff4 <usbd_control_xfer_cb+0x18>
10006010:	2b7f      	cmp	r3, #127	@ 0x7f
10006012:	d806      	bhi.n	10006022 <usbd_control_xfer_cb+0x46>
10006014:	68a0      	ldr	r0, [r4, #8]
10006016:	2800      	cmp	r0, #0
10006018:	d034      	beq.n	10006084 <usbd_control_xfer_cb+0xa8>
1000601a:	002a      	movs	r2, r5
1000601c:	4929      	ldr	r1, [pc, #164]	@ (100060c4 <usbd_control_xfer_cb+0xe8>)
1000601e:	f7fc fd17 	bl	10002a50 <__wrap___aeabi_memcpy>
10006022:	89e2      	ldrh	r2, [r4, #14]
10006024:	68a1      	ldr	r1, [r4, #8]
10006026:	1952      	adds	r2, r2, r5
10006028:	88e3      	ldrh	r3, [r4, #6]
1000602a:	b292      	uxth	r2, r2
1000602c:	1949      	adds	r1, r1, r5
1000602e:	81e2      	strh	r2, [r4, #14]
10006030:	60a1      	str	r1, [r4, #8]
10006032:	4293      	cmp	r3, r2
10006034:	d014      	beq.n	10006060 <usbd_control_xfer_cb+0x84>
10006036:	2d3f      	cmp	r5, #63	@ 0x3f
10006038:	d912      	bls.n	10006060 <usbd_control_xfer_cb+0x84>
1000603a:	89a3      	ldrh	r3, [r4, #12]
1000603c:	1a98      	subs	r0, r3, r2
1000603e:	1c05      	adds	r5, r0, #0
10006040:	b280      	uxth	r0, r0
10006042:	2840      	cmp	r0, #64	@ 0x40
10006044:	d82a      	bhi.n	1000609c <usbd_control_xfer_cb+0xc0>
10006046:	7820      	ldrb	r0, [r4, #0]
10006048:	b2ad      	uxth	r5, r5
1000604a:	287f      	cmp	r0, #127	@ 0x7f
1000604c:	d828      	bhi.n	100060a0 <usbd_control_xfer_cb+0xc4>
1000604e:	2100      	movs	r1, #0
10006050:	429a      	cmp	r2, r3
10006052:	d032      	beq.n	100060ba <usbd_control_xfer_cb+0xde>
10006054:	4a1b      	ldr	r2, [pc, #108]	@ (100060c4 <usbd_control_xfer_cb+0xe8>)
10006056:	002b      	movs	r3, r5
10006058:	0030      	movs	r0, r6
1000605a:	f7ff ff11 	bl	10005e80 <usbd_edpt_xfer>
1000605e:	e7c9      	b.n	10005ff4 <usbd_control_xfer_cb+0x18>
10006060:	6923      	ldr	r3, [r4, #16]
10006062:	2b00      	cmp	r3, #0
10006064:	d005      	beq.n	10006072 <usbd_control_xfer_cb+0x96>
10006066:	0022      	movs	r2, r4
10006068:	2102      	movs	r1, #2
1000606a:	0030      	movs	r0, r6
1000606c:	4798      	blx	r3
1000606e:	2800      	cmp	r0, #0
10006070:	d00a      	beq.n	10006088 <usbd_control_xfer_cb+0xac>
10006072:	2180      	movs	r1, #128	@ 0x80
10006074:	7823      	ldrb	r3, [r4, #0]
10006076:	2200      	movs	r2, #0
10006078:	4399      	bics	r1, r3
1000607a:	0030      	movs	r0, r6
1000607c:	2300      	movs	r3, #0
1000607e:	f7ff feff 	bl	10005e80 <usbd_edpt_xfer>
10006082:	e7b7      	b.n	10005ff4 <usbd_control_xfer_cb+0x18>
10006084:	2000      	movs	r0, #0
10006086:	e7b5      	b.n	10005ff4 <usbd_control_xfer_cb+0x18>
10006088:	2100      	movs	r1, #0
1000608a:	0030      	movs	r0, r6
1000608c:	f7ff f958 	bl	10005340 <dcd_edpt_stall>
10006090:	0030      	movs	r0, r6
10006092:	2180      	movs	r1, #128	@ 0x80
10006094:	f7ff f954 	bl	10005340 <dcd_edpt_stall>
10006098:	2001      	movs	r0, #1
1000609a:	e7ab      	b.n	10005ff4 <usbd_control_xfer_cb+0x18>
1000609c:	2540      	movs	r5, #64	@ 0x40
1000609e:	e7d2      	b.n	10006046 <usbd_control_xfer_cb+0x6a>
100060a0:	429a      	cmp	r2, r3
100060a2:	d007      	beq.n	100060b4 <usbd_control_xfer_cb+0xd8>
100060a4:	4c07      	ldr	r4, [pc, #28]	@ (100060c4 <usbd_control_xfer_cb+0xe8>)
100060a6:	002a      	movs	r2, r5
100060a8:	0020      	movs	r0, r4
100060aa:	f7fc fcd1 	bl	10002a50 <__wrap___aeabi_memcpy>
100060ae:	2180      	movs	r1, #128	@ 0x80
100060b0:	0022      	movs	r2, r4
100060b2:	e7d0      	b.n	10006056 <usbd_control_xfer_cb+0x7a>
100060b4:	2180      	movs	r1, #128	@ 0x80
100060b6:	2200      	movs	r2, #0
100060b8:	e7cd      	b.n	10006056 <usbd_control_xfer_cb+0x7a>
100060ba:	2200      	movs	r2, #0
100060bc:	e7cb      	b.n	10006056 <usbd_control_xfer_cb+0x7a>
100060be:	46c0      	nop			@ (mov r8, r8)
100060c0:	200014e8 	.word	0x200014e8
100060c4:	200014a8 	.word	0x200014a8

100060c8 <_prep_out_transaction.isra.0>:
100060c8:	b570      	push	{r4, r5, r6, lr}
100060ca:	0004      	movs	r4, r0
100060cc:	f7ff f9be 	bl	1000544c <tud_mounted>
100060d0:	2800      	cmp	r0, #0
100060d2:	d100      	bne.n	100060d6 <_prep_out_transaction.isra.0+0xe>
100060d4:	bd70      	pop	{r4, r5, r6, pc}
100060d6:	f7ff f9c1 	bl	1000545c <tud_suspended>
100060da:	2800      	cmp	r0, #0
100060dc:	d1fa      	bne.n	100060d4 <_prep_out_transaction.isra.0+0xc>
100060de:	23c8      	movs	r3, #200	@ 0xc8
100060e0:	4363      	muls	r3, r4
100060e2:	4d12      	ldr	r5, [pc, #72]	@ (1000612c <_prep_out_transaction.isra.0+0x64>)
100060e4:	18ee      	adds	r6, r5, r3
100060e6:	78f1      	ldrb	r1, [r6, #3]
100060e8:	2900      	cmp	r1, #0
100060ea:	d0f3      	beq.n	100060d4 <_prep_out_transaction.isra.0+0xc>
100060ec:	3310      	adds	r3, #16
100060ee:	195d      	adds	r5, r3, r5
100060f0:	0028      	movs	r0, r5
100060f2:	f000 fdf3 	bl	10006cdc <tu_fifo_remaining>
100060f6:	283f      	cmp	r0, #63	@ 0x3f
100060f8:	d9ec      	bls.n	100060d4 <_prep_out_transaction.isra.0+0xc>
100060fa:	2000      	movs	r0, #0
100060fc:	78f1      	ldrb	r1, [r6, #3]
100060fe:	f7ff fe97 	bl	10005e30 <usbd_edpt_claim>
10006102:	2800      	cmp	r0, #0
10006104:	d0e6      	beq.n	100060d4 <_prep_out_transaction.isra.0+0xc>
10006106:	0028      	movs	r0, r5
10006108:	f000 fde8 	bl	10006cdc <tu_fifo_remaining>
1000610c:	78f1      	ldrb	r1, [r6, #3]
1000610e:	283f      	cmp	r0, #63	@ 0x3f
10006110:	d907      	bls.n	10006122 <_prep_out_transaction.isra.0+0x5a>
10006112:	4b07      	ldr	r3, [pc, #28]	@ (10006130 <_prep_out_transaction.isra.0+0x68>)
10006114:	01e2      	lsls	r2, r4, #7
10006116:	18d2      	adds	r2, r2, r3
10006118:	2000      	movs	r0, #0
1000611a:	2340      	movs	r3, #64	@ 0x40
1000611c:	f7ff feb0 	bl	10005e80 <usbd_edpt_xfer>
10006120:	e7d8      	b.n	100060d4 <_prep_out_transaction.isra.0+0xc>
10006122:	2000      	movs	r0, #0
10006124:	f7ff fe98 	bl	10005e58 <usbd_edpt_release>
10006128:	e7d4      	b.n	100060d4 <_prep_out_transaction.isra.0+0xc>
1000612a:	46c0      	nop			@ (mov r8, r8)
1000612c:	200013e0 	.word	0x200013e0
10006130:	2000135c 	.word	0x2000135c

10006134 <tud_cdc_n_connected>:
10006134:	b510      	push	{r4, lr}
10006136:	0004      	movs	r4, r0
10006138:	f7ff f988 	bl	1000544c <tud_mounted>
1000613c:	2800      	cmp	r0, #0
1000613e:	d101      	bne.n	10006144 <tud_cdc_n_connected+0x10>
10006140:	2000      	movs	r0, #0
10006142:	bd10      	pop	{r4, pc}
10006144:	f7ff f98a 	bl	1000545c <tud_suspended>
10006148:	2800      	cmp	r0, #0
1000614a:	d1f9      	bne.n	10006140 <tud_cdc_n_connected+0xc>
1000614c:	22c8      	movs	r2, #200	@ 0xc8
1000614e:	4362      	muls	r2, r4
10006150:	4b02      	ldr	r3, [pc, #8]	@ (1000615c <tud_cdc_n_connected+0x28>)
10006152:	3001      	adds	r0, #1
10006154:	189b      	adds	r3, r3, r2
10006156:	791b      	ldrb	r3, [r3, #4]
10006158:	4018      	ands	r0, r3
1000615a:	e7f2      	b.n	10006142 <tud_cdc_n_connected+0xe>
1000615c:	200013e0 	.word	0x200013e0

10006160 <tud_cdc_n_available>:
10006160:	23c8      	movs	r3, #200	@ 0xc8
10006162:	b510      	push	{r4, lr}
10006164:	4343      	muls	r3, r0
10006166:	4802      	ldr	r0, [pc, #8]	@ (10006170 <tud_cdc_n_available+0x10>)
10006168:	1818      	adds	r0, r3, r0
1000616a:	f000 fd99 	bl	10006ca0 <tu_fifo_count>
1000616e:	bd10      	pop	{r4, pc}
10006170:	200013f0 	.word	0x200013f0

10006174 <tud_cdc_n_read>:
10006174:	b5f8      	push	{r3, r4, r5, r6, r7, lr}
10006176:	24c8      	movs	r4, #200	@ 0xc8
10006178:	2380      	movs	r3, #128	@ 0x80
1000617a:	4344      	muls	r4, r0
1000617c:	4f1c      	ldr	r7, [pc, #112]	@ (100061f0 <tud_cdc_n_read+0x7c>)
1000617e:	3410      	adds	r4, #16
10006180:	0005      	movs	r5, r0
10006182:	193c      	adds	r4, r7, r4
10006184:	025b      	lsls	r3, r3, #9
10006186:	429a      	cmp	r2, r3
10006188:	d300      	bcc.n	1000618c <tud_cdc_n_read+0x18>
1000618a:	4a1a      	ldr	r2, [pc, #104]	@ (100061f4 <tud_cdc_n_read+0x80>)
1000618c:	0020      	movs	r0, r4
1000618e:	b292      	uxth	r2, r2
10006190:	f000 fe08 	bl	10006da4 <tu_fifo_read_n>
10006194:	0006      	movs	r6, r0
10006196:	f7ff f959 	bl	1000544c <tud_mounted>
1000619a:	2800      	cmp	r0, #0
1000619c:	d101      	bne.n	100061a2 <tud_cdc_n_read+0x2e>
1000619e:	0030      	movs	r0, r6
100061a0:	bdf8      	pop	{r3, r4, r5, r6, r7, pc}
100061a2:	f7ff f95b 	bl	1000545c <tud_suspended>
100061a6:	2800      	cmp	r0, #0
100061a8:	d1f9      	bne.n	1000619e <tud_cdc_n_read+0x2a>
100061aa:	23c8      	movs	r3, #200	@ 0xc8
100061ac:	436b      	muls	r3, r5
100061ae:	18ff      	adds	r7, r7, r3
100061b0:	78fb      	ldrb	r3, [r7, #3]
100061b2:	2b00      	cmp	r3, #0
100061b4:	d0f3      	beq.n	1000619e <tud_cdc_n_read+0x2a>
100061b6:	0020      	movs	r0, r4
100061b8:	f000 fd90 	bl	10006cdc <tu_fifo_remaining>
100061bc:	283f      	cmp	r0, #63	@ 0x3f
100061be:	d9ee      	bls.n	1000619e <tud_cdc_n_read+0x2a>
100061c0:	2000      	movs	r0, #0
100061c2:	78f9      	ldrb	r1, [r7, #3]
100061c4:	f7ff fe34 	bl	10005e30 <usbd_edpt_claim>
100061c8:	2800      	cmp	r0, #0
100061ca:	d0e8      	beq.n	1000619e <tud_cdc_n_read+0x2a>
100061cc:	0020      	movs	r0, r4
100061ce:	f000 fd85 	bl	10006cdc <tu_fifo_remaining>
100061d2:	78f9      	ldrb	r1, [r7, #3]
100061d4:	283f      	cmp	r0, #63	@ 0x3f
100061d6:	d907      	bls.n	100061e8 <tud_cdc_n_read+0x74>
100061d8:	4b07      	ldr	r3, [pc, #28]	@ (100061f8 <tud_cdc_n_read+0x84>)
100061da:	01ea      	lsls	r2, r5, #7
100061dc:	18d2      	adds	r2, r2, r3
100061de:	2000      	movs	r0, #0
100061e0:	2340      	movs	r3, #64	@ 0x40
100061e2:	f7ff fe4d 	bl	10005e80 <usbd_edpt_xfer>
100061e6:	e7da      	b.n	1000619e <tud_cdc_n_read+0x2a>
100061e8:	2000      	movs	r0, #0
100061ea:	f7ff fe35 	bl	10005e58 <usbd_edpt_release>
100061ee:	e7d6      	b.n	1000619e <tud_cdc_n_read+0x2a>
100061f0:	200013e0 	.word	0x200013e0
100061f4:	0000ffff 	.word	0x0000ffff
100061f8:	2000135c 	.word	0x2000135c

100061fc <tud_cdc_n_write_flush>:
100061fc:	b5f8      	push	{r3, r4, r5, r6, r7, lr}
100061fe:	0004      	movs	r4, r0
10006200:	f7ff f924 	bl	1000544c <tud_mounted>
10006204:	2800      	cmp	r0, #0
10006206:	d101      	bne.n	1000620c <tud_cdc_n_write_flush+0x10>
10006208:	2000      	movs	r0, #0
1000620a:	bdf8      	pop	{r3, r4, r5, r6, r7, pc}
1000620c:	f7ff f926 	bl	1000545c <tud_suspended>
10006210:	2800      	cmp	r0, #0
10006212:	d1f9      	bne.n	10006208 <tud_cdc_n_write_flush+0xc>
10006214:	25c8      	movs	r5, #200	@ 0xc8
10006216:	4365      	muls	r5, r4
10006218:	002e      	movs	r6, r5
1000621a:	4f13      	ldr	r7, [pc, #76]	@ (10006268 <tud_cdc_n_write_flush+0x6c>)
1000621c:	3624      	adds	r6, #36	@ 0x24
1000621e:	19f6      	adds	r6, r6, r7
10006220:	0030      	movs	r0, r6
10006222:	f000 fd3d 	bl	10006ca0 <tu_fifo_count>
10006226:	2800      	cmp	r0, #0
10006228:	d0ee      	beq.n	10006208 <tud_cdc_n_write_flush+0xc>
1000622a:	197f      	adds	r7, r7, r5
1000622c:	2000      	movs	r0, #0
1000622e:	78b9      	ldrb	r1, [r7, #2]
10006230:	f7ff fdfe 	bl	10005e30 <usbd_edpt_claim>
10006234:	2800      	cmp	r0, #0
10006236:	d0e7      	beq.n	10006208 <tud_cdc_n_write_flush+0xc>
10006238:	4d0c      	ldr	r5, [pc, #48]	@ (1000626c <tud_cdc_n_write_flush+0x70>)
1000623a:	01e4      	lsls	r4, r4, #7
1000623c:	1965      	adds	r5, r4, r5
1000623e:	0029      	movs	r1, r5
10006240:	2240      	movs	r2, #64	@ 0x40
10006242:	0030      	movs	r0, r6
10006244:	f000 fdae 	bl	10006da4 <tu_fifo_read_n>
10006248:	78b9      	ldrb	r1, [r7, #2]
1000624a:	1e04      	subs	r4, r0, #0
1000624c:	d008      	beq.n	10006260 <tud_cdc_n_write_flush+0x64>
1000624e:	0003      	movs	r3, r0
10006250:	002a      	movs	r2, r5
10006252:	2000      	movs	r0, #0
10006254:	f7ff fe14 	bl	10005e80 <usbd_edpt_xfer>
10006258:	2800      	cmp	r0, #0
1000625a:	d0d5      	beq.n	10006208 <tud_cdc_n_write_flush+0xc>
1000625c:	0020      	movs	r0, r4
1000625e:	e7d4      	b.n	1000620a <tud_cdc_n_write_flush+0xe>
10006260:	2000      	movs	r0, #0
10006262:	f7ff fdf9 	bl	10005e58 <usbd_edpt_release>
10006266:	e7cf      	b.n	10006208 <tud_cdc_n_write_flush+0xc>
10006268:	200013e0 	.word	0x200013e0
1000626c:	2000139c 	.word	0x2000139c

10006270 <tud_cdc_n_write>:
10006270:	b570      	push	{r4, r5, r6, lr}
10006272:	24c8      	movs	r4, #200	@ 0xc8
10006274:	4344      	muls	r4, r0
10006276:	4b0c      	ldr	r3, [pc, #48]	@ (100062a8 <tud_cdc_n_write+0x38>)
10006278:	0005      	movs	r5, r0
1000627a:	18e4      	adds	r4, r4, r3
1000627c:	2380      	movs	r3, #128	@ 0x80
1000627e:	025b      	lsls	r3, r3, #9
10006280:	429a      	cmp	r2, r3
10006282:	d300      	bcc.n	10006286 <tud_cdc_n_write+0x16>
10006284:	4a09      	ldr	r2, [pc, #36]	@ (100062ac <tud_cdc_n_write+0x3c>)
10006286:	0020      	movs	r0, r4
10006288:	b292      	uxth	r2, r2
1000628a:	f000 fe51 	bl	10006f30 <tu_fifo_write_n>
1000628e:	0006      	movs	r6, r0
10006290:	0020      	movs	r0, r4
10006292:	f000 fd05 	bl	10006ca0 <tu_fifo_count>
10006296:	283f      	cmp	r0, #63	@ 0x3f
10006298:	d801      	bhi.n	1000629e <tud_cdc_n_write+0x2e>
1000629a:	0030      	movs	r0, r6
1000629c:	bd70      	pop	{r4, r5, r6, pc}
1000629e:	0028      	movs	r0, r5
100062a0:	f7ff ffac 	bl	100061fc <tud_cdc_n_write_flush>
100062a4:	e7f9      	b.n	1000629a <tud_cdc_n_write+0x2a>
100062a6:	46c0      	nop			@ (mov r8, r8)
100062a8:	20001404 	.word	0x20001404
100062ac:	0000ffff 	.word	0x0000ffff

100062b0 <tud_cdc_n_write_available>:
100062b0:	23c8      	movs	r3, #200	@ 0xc8
100062b2:	b510      	push	{r4, lr}
100062b4:	4343      	muls	r3, r0
100062b6:	4802      	ldr	r0, [pc, #8]	@ (100062c0 <tud_cdc_n_write_available+0x10>)
100062b8:	1818      	adds	r0, r3, r0
100062ba:	f000 fd0f 	bl	10006cdc <tu_fifo_remaining>
100062be:	bd10      	pop	{r4, pc}
100062c0:	20001404 	.word	0x20001404

100062c4 <cdcd_init>:
100062c4:	b5f0      	push	{r4, r5, r6, r7, lr}
100062c6:	2500      	movs	r5, #0
100062c8:	4c18      	ldr	r4, [pc, #96]	@ (1000632c <cdcd_init+0x68>)
100062ca:	b083      	sub	sp, #12
100062cc:	22c8      	movs	r2, #200	@ 0xc8
100062ce:	2100      	movs	r1, #0
100062d0:	0020      	movs	r0, r4
100062d2:	f7fc fbb7 	bl	10002a44 <__wrap_memset>
100062d6:	4b16      	ldr	r3, [pc, #88]	@ (10006330 <cdcd_init+0x6c>)
100062d8:	0021      	movs	r1, r4
100062da:	701d      	strb	r5, [r3, #0]
100062dc:	23ff      	movs	r3, #255	@ 0xff
100062de:	7163      	strb	r3, [r4, #5]
100062e0:	23e1      	movs	r3, #225	@ 0xe1
100062e2:	025b      	lsls	r3, r3, #9
100062e4:	60a3      	str	r3, [r4, #8]
100062e6:	0020      	movs	r0, r4
100062e8:	2308      	movs	r3, #8
100062ea:	2240      	movs	r2, #64	@ 0x40
100062ec:	73a3      	strb	r3, [r4, #14]
100062ee:	3138      	adds	r1, #56	@ 0x38
100062f0:	9500      	str	r5, [sp, #0]
100062f2:	3b07      	subs	r3, #7
100062f4:	3010      	adds	r0, #16
100062f6:	f000 fc9d 	bl	10006c34 <tu_fifo_config>
100062fa:	0027      	movs	r7, r4
100062fc:	2301      	movs	r3, #1
100062fe:	0021      	movs	r1, r4
10006300:	0020      	movs	r0, r4
10006302:	0026      	movs	r6, r4
10006304:	2240      	movs	r2, #64	@ 0x40
10006306:	3178      	adds	r1, #120	@ 0x78
10006308:	9300      	str	r3, [sp, #0]
1000630a:	37b8      	adds	r7, #184	@ 0xb8
1000630c:	3024      	adds	r0, #36	@ 0x24
1000630e:	f000 fc91 	bl	10006c34 <tu_fifo_config>
10006312:	36c0      	adds	r6, #192	@ 0xc0
10006314:	0038      	movs	r0, r7
10006316:	f7fa fedd 	bl	100010d4 <mutex_init>
1000631a:	0030      	movs	r0, r6
1000631c:	f7fa feda 	bl	100010d4 <mutex_init>
10006320:	61e5      	str	r5, [r4, #28]
10006322:	6227      	str	r7, [r4, #32]
10006324:	6326      	str	r6, [r4, #48]	@ 0x30
10006326:	6365      	str	r5, [r4, #52]	@ 0x34
10006328:	b003      	add	sp, #12
1000632a:	bdf0      	pop	{r4, r5, r6, r7, pc}
1000632c:	200013e0 	.word	0x200013e0
10006330:	200013dc 	.word	0x200013dc

10006334 <cdcd_deinit>:
10006334:	4a0a      	ldr	r2, [pc, #40]	@ (10006360 <cdcd_deinit+0x2c>)
10006336:	6b11      	ldr	r1, [r2, #48]	@ 0x30
10006338:	6a13      	ldr	r3, [r2, #32]
1000633a:	2900      	cmp	r1, #0
1000633c:	d00c      	beq.n	10006358 <cdcd_deinit+0x24>
1000633e:	2b00      	cmp	r3, #0
10006340:	d007      	beq.n	10006352 <cdcd_deinit+0x1e>
10006342:	2300      	movs	r3, #0
10006344:	61d3      	str	r3, [r2, #28]
10006346:	6353      	str	r3, [r2, #52]	@ 0x34
10006348:	6313      	str	r3, [r2, #48]	@ 0x30
1000634a:	2300      	movs	r3, #0
1000634c:	6213      	str	r3, [r2, #32]
1000634e:	2001      	movs	r0, #1
10006350:	4770      	bx	lr
10006352:	6353      	str	r3, [r2, #52]	@ 0x34
10006354:	6313      	str	r3, [r2, #48]	@ 0x30
10006356:	e7fa      	b.n	1000634e <cdcd_deinit+0x1a>
10006358:	2b00      	cmp	r3, #0
1000635a:	d0f8      	beq.n	1000634e <cdcd_deinit+0x1a>
1000635c:	61d1      	str	r1, [r2, #28]
1000635e:	e7f4      	b.n	1000634a <cdcd_deinit+0x16>
10006360:	200013e0 	.word	0x200013e0

10006364 <cdcd_reset>:
10006364:	b570      	push	{r4, r5, r6, lr}
10006366:	4c0f      	ldr	r4, [pc, #60]	@ (100063a4 <cdcd_reset+0x40>)
10006368:	2205      	movs	r2, #5
1000636a:	2100      	movs	r1, #0
1000636c:	0020      	movs	r0, r4
1000636e:	f7fc fb69 	bl	10002a44 <__wrap_memset>
10006372:	4d0d      	ldr	r5, [pc, #52]	@ (100063a8 <cdcd_reset+0x44>)
10006374:	782b      	ldrb	r3, [r5, #0]
10006376:	07da      	lsls	r2, r3, #31
10006378:	d507      	bpl.n	1000638a <cdcd_reset+0x26>
1000637a:	4c0c      	ldr	r4, [pc, #48]	@ (100063ac <cdcd_reset+0x48>)
1000637c:	079b      	lsls	r3, r3, #30
1000637e:	d50c      	bpl.n	1000639a <cdcd_reset+0x36>
10006380:	2101      	movs	r1, #1
10006382:	0020      	movs	r0, r4
10006384:	f000 feb0 	bl	100070e8 <tu_fifo_set_overwritable>
10006388:	bd70      	pop	{r4, r5, r6, pc}
1000638a:	0020      	movs	r0, r4
1000638c:	3010      	adds	r0, #16
1000638e:	f000 fe8b 	bl	100070a8 <tu_fifo_clear>
10006392:	782b      	ldrb	r3, [r5, #0]
10006394:	4c05      	ldr	r4, [pc, #20]	@ (100063ac <cdcd_reset+0x48>)
10006396:	079b      	lsls	r3, r3, #30
10006398:	d4f2      	bmi.n	10006380 <cdcd_reset+0x1c>
1000639a:	0020      	movs	r0, r4
1000639c:	f000 fe84 	bl	100070a8 <tu_fifo_clear>
100063a0:	e7ee      	b.n	10006380 <cdcd_reset+0x1c>
100063a2:	46c0      	nop			@ (mov r8, r8)
100063a4:	200013e0 	.word	0x200013e0
100063a8:	200013dc 	.word	0x200013dc
100063ac:	20001404 	.word	0x20001404

100063b0 <cdcd_open>:
100063b0:	b5f0      	push	{r4, r5, r6, r7, lr}
100063b2:	794b      	ldrb	r3, [r1, #5]
100063b4:	0006      	movs	r6, r0
100063b6:	b083      	sub	sp, #12
100063b8:	2b02      	cmp	r3, #2
100063ba:	d102      	bne.n	100063c2 <cdcd_open+0x12>
100063bc:	798b      	ldrb	r3, [r1, #6]
100063be:	2b02      	cmp	r3, #2
100063c0:	d003      	beq.n	100063ca <cdcd_open+0x1a>
100063c2:	2500      	movs	r5, #0
100063c4:	0028      	movs	r0, r5
100063c6:	b003      	add	sp, #12
100063c8:	bdf0      	pop	{r4, r5, r6, r7, pc}
100063ca:	4f20      	ldr	r7, [pc, #128]	@ (1000644c <cdcd_open+0x9c>)
100063cc:	78bb      	ldrb	r3, [r7, #2]
100063ce:	2b00      	cmp	r3, #0
100063d0:	d1f7      	bne.n	100063c2 <cdcd_open+0x12>
100063d2:	788b      	ldrb	r3, [r1, #2]
100063d4:	2509      	movs	r5, #9
100063d6:	703b      	strb	r3, [r7, #0]
100063d8:	780c      	ldrb	r4, [r1, #0]
100063da:	190c      	adds	r4, r1, r4
100063dc:	7863      	ldrb	r3, [r4, #1]
100063de:	2b24      	cmp	r3, #36	@ 0x24
100063e0:	d007      	beq.n	100063f2 <cdcd_open+0x42>
100063e2:	e00c      	b.n	100063fe <cdcd_open+0x4e>
100063e4:	7823      	ldrb	r3, [r4, #0]
100063e6:	18e4      	adds	r4, r4, r3
100063e8:	195d      	adds	r5, r3, r5
100063ea:	7863      	ldrb	r3, [r4, #1]
100063ec:	b2ad      	uxth	r5, r5
100063ee:	2b24      	cmp	r3, #36	@ 0x24
100063f0:	d105      	bne.n	100063fe <cdcd_open+0x4e>
100063f2:	4295      	cmp	r5, r2
100063f4:	d9f6      	bls.n	100063e4 <cdcd_open+0x34>
100063f6:	2000      	movs	r0, #0
100063f8:	f7ff fe66 	bl	100060c8 <_prep_out_transaction.isra.0>
100063fc:	e7e2      	b.n	100063c4 <cdcd_open+0x14>
100063fe:	001a      	movs	r2, r3
10006400:	2b05      	cmp	r3, #5
10006402:	d015      	beq.n	10006430 <cdcd_open+0x80>
10006404:	2a04      	cmp	r2, #4
10006406:	d1f6      	bne.n	100063f6 <cdcd_open+0x46>
10006408:	7963      	ldrb	r3, [r4, #5]
1000640a:	2b0a      	cmp	r3, #10
1000640c:	d1f3      	bne.n	100063f6 <cdcd_open+0x46>
1000640e:	4b10      	ldr	r3, [pc, #64]	@ (10006450 <cdcd_open+0xa0>)
10006410:	7827      	ldrb	r7, [r4, #0]
10006412:	9301      	str	r3, [sp, #4]
10006414:	3301      	adds	r3, #1
10006416:	9300      	str	r3, [sp, #0]
10006418:	0030      	movs	r0, r6
1000641a:	2302      	movs	r3, #2
1000641c:	19e1      	adds	r1, r4, r7
1000641e:	3a02      	subs	r2, #2
10006420:	f7ff fc9e 	bl	10005d60 <usbd_open_edpt_pair>
10006424:	2800      	cmp	r0, #0
10006426:	d0cc      	beq.n	100063c2 <cdcd_open+0x12>
10006428:	350e      	adds	r5, #14
1000642a:	19ed      	adds	r5, r5, r7
1000642c:	b2ad      	uxth	r5, r5
1000642e:	e7e2      	b.n	100063f6 <cdcd_open+0x46>
10006430:	0021      	movs	r1, r4
10006432:	0030      	movs	r0, r6
10006434:	f7ff fce2 	bl	10005dfc <usbd_edpt_open>
10006438:	2800      	cmp	r0, #0
1000643a:	d0c2      	beq.n	100063c2 <cdcd_open+0x12>
1000643c:	78a3      	ldrb	r3, [r4, #2]
1000643e:	707b      	strb	r3, [r7, #1]
10006440:	7823      	ldrb	r3, [r4, #0]
10006442:	195d      	adds	r5, r3, r5
10006444:	18e4      	adds	r4, r4, r3
10006446:	7862      	ldrb	r2, [r4, #1]
10006448:	b2ad      	uxth	r5, r5
1000644a:	e7db      	b.n	10006404 <cdcd_open+0x54>
1000644c:	200013e0 	.word	0x200013e0
10006450:	200013e2 	.word	0x200013e2

10006454 <cdcd_control_xfer_cb>:
10006454:	b5f8      	push	{r3, r4, r5, r6, r7, lr}
10006456:	2360      	movs	r3, #96	@ 0x60
10006458:	0014      	movs	r4, r2
1000645a:	7812      	ldrb	r2, [r2, #0]
1000645c:	0005      	movs	r5, r0
1000645e:	4013      	ands	r3, r2
10006460:	2000      	movs	r0, #0
10006462:	2b20      	cmp	r3, #32
10006464:	d107      	bne.n	10006476 <cdcd_control_xfer_cb+0x22>
10006466:	4a30      	ldr	r2, [pc, #192]	@ (10006528 <cdcd_control_xfer_cb+0xd4>)
10006468:	7963      	ldrb	r3, [r4, #5]
1000646a:	7927      	ldrb	r7, [r4, #4]
1000646c:	7816      	ldrb	r6, [r2, #0]
1000646e:	021b      	lsls	r3, r3, #8
10006470:	433b      	orrs	r3, r7
10006472:	429e      	cmp	r6, r3
10006474:	d000      	beq.n	10006478 <cdcd_control_xfer_cb+0x24>
10006476:	bdf8      	pop	{r3, r4, r5, r6, r7, pc}
10006478:	7863      	ldrb	r3, [r4, #1]
1000647a:	2b22      	cmp	r3, #34	@ 0x22
1000647c:	d01a      	beq.n	100064b4 <cdcd_control_xfer_cb+0x60>
1000647e:	d807      	bhi.n	10006490 <cdcd_control_xfer_cb+0x3c>
10006480:	2b20      	cmp	r3, #32
10006482:	d034      	beq.n	100064ee <cdcd_control_xfer_cb+0x9a>
10006484:	2b21      	cmp	r3, #33	@ 0x21
10006486:	d1f6      	bne.n	10006476 <cdcd_control_xfer_cb+0x22>
10006488:	2901      	cmp	r1, #1
1000648a:	d03e      	beq.n	1000650a <cdcd_control_xfer_cb+0xb6>
1000648c:	2001      	movs	r0, #1
1000648e:	e7f2      	b.n	10006476 <cdcd_control_xfer_cb+0x22>
10006490:	2b23      	cmp	r3, #35	@ 0x23
10006492:	d1f0      	bne.n	10006476 <cdcd_control_xfer_cb+0x22>
10006494:	2901      	cmp	r1, #1
10006496:	d040      	beq.n	1000651a <cdcd_control_xfer_cb+0xc6>
10006498:	2903      	cmp	r1, #3
1000649a:	d1f7      	bne.n	1000648c <cdcd_control_xfer_cb+0x38>
1000649c:	4b23      	ldr	r3, [pc, #140]	@ (1000652c <cdcd_control_xfer_cb+0xd8>)
1000649e:	2b00      	cmp	r3, #0
100064a0:	d0f4      	beq.n	1000648c <cdcd_control_xfer_cb+0x38>
100064a2:	78e1      	ldrb	r1, [r4, #3]
100064a4:	78a3      	ldrb	r3, [r4, #2]
100064a6:	0209      	lsls	r1, r1, #8
100064a8:	2000      	movs	r0, #0
100064aa:	4319      	orrs	r1, r3
100064ac:	e000      	b.n	100064b0 <cdcd_control_xfer_cb+0x5c>
100064ae:	bf00      	nop
100064b0:	2001      	movs	r0, #1
100064b2:	e7e0      	b.n	10006476 <cdcd_control_xfer_cb+0x22>
100064b4:	2901      	cmp	r1, #1
100064b6:	d030      	beq.n	1000651a <cdcd_control_xfer_cb+0xc6>
100064b8:	2903      	cmp	r1, #3
100064ba:	d1e7      	bne.n	1000648c <cdcd_control_xfer_cb+0x38>
100064bc:	2501      	movs	r5, #1
100064be:	002e      	movs	r6, r5
100064c0:	78a3      	ldrb	r3, [r4, #2]
100064c2:	78e4      	ldrb	r4, [r4, #3]
100064c4:	3902      	subs	r1, #2
100064c6:	0224      	lsls	r4, r4, #8
100064c8:	431c      	orrs	r4, r3
100064ca:	7114      	strb	r4, [r2, #4]
100064cc:	4026      	ands	r6, r4
100064ce:	3224      	adds	r2, #36	@ 0x24
100064d0:	0010      	movs	r0, r2
100064d2:	4071      	eors	r1, r6
100064d4:	f000 fe08 	bl	100070e8 <tu_fifo_set_overwritable>
100064d8:	4b15      	ldr	r3, [pc, #84]	@ (10006530 <cdcd_control_xfer_cb+0xdc>)
100064da:	2b00      	cmp	r3, #0
100064dc:	d0d6      	beq.n	1000648c <cdcd_control_xfer_cb+0x38>
100064de:	0862      	lsrs	r2, r4, #1
100064e0:	2000      	movs	r0, #0
100064e2:	0031      	movs	r1, r6
100064e4:	402a      	ands	r2, r5
100064e6:	e000      	b.n	100064ea <cdcd_control_xfer_cb+0x96>
100064e8:	bf00      	nop
100064ea:	2001      	movs	r0, #1
100064ec:	e7c3      	b.n	10006476 <cdcd_control_xfer_cb+0x22>
100064ee:	2901      	cmp	r1, #1
100064f0:	d00b      	beq.n	1000650a <cdcd_control_xfer_cb+0xb6>
100064f2:	2903      	cmp	r1, #3
100064f4:	d1ca      	bne.n	1000648c <cdcd_control_xfer_cb+0x38>
100064f6:	4b0f      	ldr	r3, [pc, #60]	@ (10006534 <cdcd_control_xfer_cb+0xe0>)
100064f8:	2b00      	cmp	r3, #0
100064fa:	d0c7      	beq.n	1000648c <cdcd_control_xfer_cb+0x38>
100064fc:	3208      	adds	r2, #8
100064fe:	2000      	movs	r0, #0
10006500:	0011      	movs	r1, r2
10006502:	f7fe faad 	bl	10004a60 <tud_cdc_line_coding_cb>
10006506:	2001      	movs	r0, #1
10006508:	e7b5      	b.n	10006476 <cdcd_control_xfer_cb+0x22>
1000650a:	2307      	movs	r3, #7
1000650c:	0021      	movs	r1, r4
1000650e:	0028      	movs	r0, r5
10006510:	4a09      	ldr	r2, [pc, #36]	@ (10006538 <cdcd_control_xfer_cb+0xe4>)
10006512:	f7ff fcf1 	bl	10005ef8 <tud_control_xfer>
10006516:	2001      	movs	r0, #1
10006518:	e7ad      	b.n	10006476 <cdcd_control_xfer_cb+0x22>
1000651a:	0021      	movs	r1, r4
1000651c:	0028      	movs	r0, r5
1000651e:	f7ff fcd5 	bl	10005ecc <tud_control_status>
10006522:	2001      	movs	r0, #1
10006524:	e7a7      	b.n	10006476 <cdcd_control_xfer_cb+0x22>
10006526:	46c0      	nop			@ (mov r8, r8)
10006528:	200013e0 	.word	0x200013e0
	...
10006534:	10004a61 	.word	0x10004a61
10006538:	200013e8 	.word	0x200013e8

1000653c <cdcd_xfer_cb>:
1000653c:	b5f0      	push	{r4, r5, r6, r7, lr}
1000653e:	464f      	mov	r7, r9
10006540:	4646      	mov	r6, r8
10006542:	46d6      	mov	lr, sl
10006544:	b5c0      	push	{r6, r7, lr}
10006546:	4d36      	ldr	r5, [pc, #216]	@ (10006620 <cdcd_xfer_cb+0xe4>)
10006548:	4680      	mov	r8, r0
1000654a:	78ea      	ldrb	r2, [r5, #3]
1000654c:	000c      	movs	r4, r1
1000654e:	001f      	movs	r7, r3
10006550:	428a      	cmp	r2, r1
10006552:	d03c      	beq.n	100065ce <cdcd_xfer_cb+0x92>
10006554:	78ab      	ldrb	r3, [r5, #2]
10006556:	428b      	cmp	r3, r1
10006558:	d010      	beq.n	1000657c <cdcd_xfer_cb+0x40>
1000655a:	2000      	movs	r0, #0
1000655c:	bce0      	pop	{r5, r6, r7}
1000655e:	46ba      	mov	sl, r7
10006560:	46b1      	mov	r9, r6
10006562:	46a8      	mov	r8, r5
10006564:	bdf0      	pop	{r4, r5, r6, r7, pc}
10006566:	4b2f      	ldr	r3, [pc, #188]	@ (10006624 <cdcd_xfer_cb+0xe8>)
10006568:	2b00      	cmp	r3, #0
1000656a:	d004      	beq.n	10006576 <cdcd_xfer_cb+0x3a>
1000656c:	482e      	ldr	r0, [pc, #184]	@ (10006628 <cdcd_xfer_cb+0xec>)
1000656e:	f000 fbad 	bl	10006ccc <tu_fifo_empty>
10006572:	2800      	cmp	r0, #0
10006574:	d051      	beq.n	1000661a <cdcd_xfer_cb+0xde>
10006576:	2000      	movs	r0, #0
10006578:	f7ff fda6 	bl	100060c8 <_prep_out_transaction.isra.0>
1000657c:	78ab      	ldrb	r3, [r5, #2]
1000657e:	42a3      	cmp	r3, r4
10006580:	d001      	beq.n	10006586 <cdcd_xfer_cb+0x4a>
10006582:	2001      	movs	r0, #1
10006584:	e7ea      	b.n	1000655c <cdcd_xfer_cb+0x20>
10006586:	4b29      	ldr	r3, [pc, #164]	@ (1000662c <cdcd_xfer_cb+0xf0>)
10006588:	2b00      	cmp	r3, #0
1000658a:	d002      	beq.n	10006592 <cdcd_xfer_cb+0x56>
1000658c:	2000      	movs	r0, #0
1000658e:	e000      	b.n	10006592 <cdcd_xfer_cb+0x56>
10006590:	bf00      	nop
10006592:	2000      	movs	r0, #0
10006594:	f7ff fe32 	bl	100061fc <tud_cdc_n_write_flush>
10006598:	2800      	cmp	r0, #0
1000659a:	d1f2      	bne.n	10006582 <cdcd_xfer_cb+0x46>
1000659c:	4c24      	ldr	r4, [pc, #144]	@ (10006630 <cdcd_xfer_cb+0xf4>)
1000659e:	0020      	movs	r0, r4
100065a0:	f000 fb7e 	bl	10006ca0 <tu_fifo_count>
100065a4:	2800      	cmp	r0, #0
100065a6:	d1ec      	bne.n	10006582 <cdcd_xfer_cb+0x46>
100065a8:	2f00      	cmp	r7, #0
100065aa:	d0ea      	beq.n	10006582 <cdcd_xfer_cb+0x46>
100065ac:	06bf      	lsls	r7, r7, #26
100065ae:	d1e8      	bne.n	10006582 <cdcd_xfer_cb+0x46>
100065b0:	3c24      	subs	r4, #36	@ 0x24
100065b2:	4640      	mov	r0, r8
100065b4:	78a1      	ldrb	r1, [r4, #2]
100065b6:	f7ff fc3b 	bl	10005e30 <usbd_edpt_claim>
100065ba:	2800      	cmp	r0, #0
100065bc:	d0e1      	beq.n	10006582 <cdcd_xfer_cb+0x46>
100065be:	2300      	movs	r3, #0
100065c0:	2200      	movs	r2, #0
100065c2:	4640      	mov	r0, r8
100065c4:	78a1      	ldrb	r1, [r4, #2]
100065c6:	f7ff fc5b 	bl	10005e80 <usbd_edpt_xfer>
100065ca:	2001      	movs	r0, #1
100065cc:	e7c6      	b.n	1000655c <cdcd_xfer_cb+0x20>
100065ce:	b29a      	uxth	r2, r3
100065d0:	2310      	movs	r3, #16
100065d2:	469a      	mov	sl, r3
100065d4:	4e17      	ldr	r6, [pc, #92]	@ (10006634 <cdcd_xfer_cb+0xf8>)
100065d6:	44aa      	add	sl, r5
100065d8:	0031      	movs	r1, r6
100065da:	4650      	mov	r0, sl
100065dc:	f000 fca8 	bl	10006f30 <tu_fifo_write_n>
100065e0:	4b15      	ldr	r3, [pc, #84]	@ (10006638 <cdcd_xfer_cb+0xfc>)
100065e2:	2b00      	cmp	r3, #0
100065e4:	d0bf      	beq.n	10006566 <cdcd_xfer_cb+0x2a>
100065e6:	796b      	ldrb	r3, [r5, #5]
100065e8:	2bff      	cmp	r3, #255	@ 0xff
100065ea:	d0bc      	beq.n	10006566 <cdcd_xfer_cb+0x2a>
100065ec:	2f00      	cmp	r7, #0
100065ee:	d0ba      	beq.n	10006566 <cdcd_xfer_cb+0x2a>
100065f0:	19f2      	adds	r2, r6, r7
100065f2:	4691      	mov	r9, r2
100065f4:	e003      	b.n	100065fe <cdcd_xfer_cb+0xc2>
100065f6:	3601      	adds	r6, #1
100065f8:	454e      	cmp	r6, r9
100065fa:	d0b4      	beq.n	10006566 <cdcd_xfer_cb+0x2a>
100065fc:	796b      	ldrb	r3, [r5, #5]
100065fe:	7832      	ldrb	r2, [r6, #0]
10006600:	429a      	cmp	r2, r3
10006602:	d1f8      	bne.n	100065f6 <cdcd_xfer_cb+0xba>
10006604:	4650      	mov	r0, sl
10006606:	f000 fb61 	bl	10006ccc <tu_fifo_empty>
1000660a:	2800      	cmp	r0, #0
1000660c:	d1f3      	bne.n	100065f6 <cdcd_xfer_cb+0xba>
1000660e:	4653      	mov	r3, sl
10006610:	3b10      	subs	r3, #16
10006612:	7959      	ldrb	r1, [r3, #5]
10006614:	e000      	b.n	10006618 <cdcd_xfer_cb+0xdc>
10006616:	bf00      	nop
10006618:	e7ed      	b.n	100065f6 <cdcd_xfer_cb+0xba>
1000661a:	e000      	b.n	1000661e <cdcd_xfer_cb+0xe2>
1000661c:	bf00      	nop
1000661e:	e7aa      	b.n	10006576 <cdcd_xfer_cb+0x3a>
10006620:	200013e0 	.word	0x200013e0
10006624:	00000000 	.word	0x00000000
10006628:	200013f0 	.word	0x200013f0
1000662c:	00000000 	.word	0x00000000
10006630:	20001404 	.word	0x20001404
10006634:	2000135c 	.word	0x2000135c
10006638:	00000000 	.word	0x00000000

1000663c <vendord_init>:
1000663c:	2293      	movs	r2, #147	@ 0x93
1000663e:	b5f0      	push	{r4, r5, r6, r7, lr}
10006640:	4c13      	ldr	r4, [pc, #76]	@ (10006690 <vendord_init+0x54>)
10006642:	b085      	sub	sp, #20
10006644:	2100      	movs	r1, #0
10006646:	0020      	movs	r0, r4
10006648:	0092      	lsls	r2, r2, #2
1000664a:	f7fc f9fb 	bl	10002a44 <__wrap_memset>
1000664e:	0023      	movs	r3, r4
10006650:	0020      	movs	r0, r4
10006652:	2680      	movs	r6, #128	@ 0x80
10006654:	2740      	movs	r7, #64	@ 0x40
10006656:	4d0f      	ldr	r5, [pc, #60]	@ (10006694 <vendord_init+0x58>)
10006658:	334d      	adds	r3, #77	@ 0x4d
1000665a:	0076      	lsls	r6, r6, #1
1000665c:	33ff      	adds	r3, #255	@ 0xff
1000665e:	3029      	adds	r0, #41	@ 0x29
10006660:	9502      	str	r5, [sp, #8]
10006662:	9300      	str	r3, [sp, #0]
10006664:	2200      	movs	r2, #0
10006666:	2300      	movs	r3, #0
10006668:	2100      	movs	r1, #0
1000666a:	9703      	str	r7, [sp, #12]
1000666c:	9601      	str	r6, [sp, #4]
1000666e:	30ff      	adds	r0, #255	@ 0xff
10006670:	f000 f9d4 	bl	10006a1c <tu_edpt_stream_init>
10006674:	3540      	adds	r5, #64	@ 0x40
10006676:	1d20      	adds	r0, r4, #4
10006678:	3428      	adds	r4, #40	@ 0x28
1000667a:	2300      	movs	r3, #0
1000667c:	2201      	movs	r2, #1
1000667e:	2100      	movs	r1, #0
10006680:	9703      	str	r7, [sp, #12]
10006682:	9502      	str	r5, [sp, #8]
10006684:	9601      	str	r6, [sp, #4]
10006686:	9400      	str	r4, [sp, #0]
10006688:	f000 f9c8 	bl	10006a1c <tu_edpt_stream_init>
1000668c:	b005      	add	sp, #20
1000668e:	bdf0      	pop	{r4, r5, r6, r7, pc}
10006690:	200016a4 	.word	0x200016a4
10006694:	20001624 	.word	0x20001624

10006698 <vendord_deinit>:
10006698:	b510      	push	{r4, lr}
1000669a:	4c05      	ldr	r4, [pc, #20]	@ (100066b0 <vendord_deinit+0x18>)
1000669c:	0020      	movs	r0, r4
1000669e:	f000 f9f3 	bl	10006a88 <tu_edpt_stream_deinit>
100066a2:	0020      	movs	r0, r4
100066a4:	3825      	subs	r0, #37	@ 0x25
100066a6:	38ff      	subs	r0, #255	@ 0xff
100066a8:	f000 f9ee 	bl	10006a88 <tu_edpt_stream_deinit>
100066ac:	2001      	movs	r0, #1
100066ae:	bd10      	pop	{r4, pc}
100066b0:	200017cc 	.word	0x200017cc

100066b4 <vendord_reset>:
100066b4:	b570      	push	{r4, r5, r6, lr}
100066b6:	4c08      	ldr	r4, [pc, #32]	@ (100066d8 <vendord_reset+0x24>)
100066b8:	2500      	movs	r5, #0
100066ba:	0020      	movs	r0, r4
100066bc:	3031      	adds	r0, #49	@ 0x31
100066be:	30ff      	adds	r0, #255	@ 0xff
100066c0:	7025      	strb	r5, [r4, #0]
100066c2:	f000 fcf1 	bl	100070a8 <tu_fifo_clear>
100066c6:	0020      	movs	r0, r4
100066c8:	300c      	adds	r0, #12
100066ca:	f000 fced 	bl	100070a8 <tu_fifo_clear>
100066ce:	232a      	movs	r3, #42	@ 0x2a
100066d0:	33ff      	adds	r3, #255	@ 0xff
100066d2:	54e5      	strb	r5, [r4, r3]
100066d4:	7165      	strb	r5, [r4, #5]
100066d6:	bd70      	pop	{r4, r5, r6, pc}
100066d8:	200016a4 	.word	0x200016a4

100066dc <vendord_open>:
100066dc:	b5f8      	push	{r3, r4, r5, r6, r7, lr}
100066de:	4657      	mov	r7, sl
100066e0:	4645      	mov	r5, r8
100066e2:	46de      	mov	lr, fp
100066e4:	464e      	mov	r6, r9
100066e6:	b5e0      	push	{r5, r6, r7, lr}
100066e8:	794b      	ldrb	r3, [r1, #5]
100066ea:	4680      	mov	r8, r0
100066ec:	000f      	movs	r7, r1
100066ee:	2bff      	cmp	r3, #255	@ 0xff
100066f0:	d15b      	bne.n	100067aa <vendord_open+0xce>
100066f2:	4b40      	ldr	r3, [pc, #256]	@ (100067f4 <vendord_open+0x118>)
100066f4:	4699      	mov	r9, r3
100066f6:	232a      	movs	r3, #42	@ 0x2a
100066f8:	4649      	mov	r1, r9
100066fa:	33ff      	adds	r3, #255	@ 0xff
100066fc:	5ccb      	ldrb	r3, [r1, r3]
100066fe:	2b00      	cmp	r3, #0
10006700:	d153      	bne.n	100067aa <vendord_open+0xce>
10006702:	794e      	ldrb	r6, [r1, #5]
10006704:	2e00      	cmp	r6, #0
10006706:	d150      	bne.n	100067aa <vendord_open+0xce>
10006708:	78bb      	ldrb	r3, [r7, #2]
1000670a:	783c      	ldrb	r4, [r7, #0]
1000670c:	700b      	strb	r3, [r1, #0]
1000670e:	793b      	ldrb	r3, [r7, #4]
10006710:	193c      	adds	r4, r7, r4
10006712:	2b00      	cmp	r3, #0
10006714:	d046      	beq.n	100067a4 <vendord_open+0xc8>
10006716:	2398      	movs	r3, #152	@ 0x98
10006718:	005b      	lsls	r3, r3, #1
1000671a:	444b      	add	r3, r9
1000671c:	469a      	mov	sl, r3
1000671e:	230c      	movs	r3, #12
10006720:	444b      	add	r3, r9
10006722:	469b      	mov	fp, r3
10006724:	18a5      	adds	r5, r4, r2
10006726:	e003      	b.n	10006730 <vendord_open+0x54>
10006728:	42ac      	cmp	r4, r5
1000672a:	d23b      	bcs.n	100067a4 <vendord_open+0xc8>
1000672c:	7823      	ldrb	r3, [r4, #0]
1000672e:	18e4      	adds	r4, r4, r3
10006730:	7863      	ldrb	r3, [r4, #1]
10006732:	2b05      	cmp	r3, #5
10006734:	d1f8      	bne.n	10006728 <vendord_open+0x4c>
10006736:	42ac      	cmp	r4, r5
10006738:	d234      	bcs.n	100067a4 <vendord_open+0xc8>
1000673a:	0021      	movs	r1, r4
1000673c:	4640      	mov	r0, r8
1000673e:	f7ff fb5d 	bl	10005dfc <usbd_edpt_open>
10006742:	2800      	cmp	r0, #0
10006744:	d031      	beq.n	100067aa <vendord_open+0xce>
10006746:	78a3      	ldrb	r3, [r4, #2]
10006748:	3601      	adds	r6, #1
1000674a:	b2f6      	uxtb	r6, r6
1000674c:	09db      	lsrs	r3, r3, #7
1000674e:	2b01      	cmp	r3, #1
10006750:	d032      	beq.n	100067b8 <vendord_open+0xdc>
10006752:	4650      	mov	r0, sl
10006754:	f000 fca8 	bl	100070a8 <tu_fifo_clear>
10006758:	232a      	movs	r3, #42	@ 0x2a
1000675a:	4649      	mov	r1, r9
1000675c:	78a2      	ldrb	r2, [r4, #2]
1000675e:	33ff      	adds	r3, #255	@ 0xff
10006760:	54ca      	strb	r2, [r1, r3]
10006762:	7963      	ldrb	r3, [r4, #5]
10006764:	7922      	ldrb	r2, [r4, #4]
10006766:	021b      	lsls	r3, r3, #8
10006768:	4313      	orrs	r3, r2
1000676a:	4a23      	ldr	r2, [pc, #140]	@ (100067f8 <vendord_open+0x11c>)
1000676c:	055b      	lsls	r3, r3, #21
1000676e:	4694      	mov	ip, r2
10006770:	0d5b      	lsrs	r3, r3, #21
10006772:	2194      	movs	r1, #148	@ 0x94
10006774:	4463      	add	r3, ip
10006776:	425a      	negs	r2, r3
10006778:	4153      	adcs	r3, r2
1000677a:	464a      	mov	r2, r9
1000677c:	2002      	movs	r0, #2
1000677e:	0049      	lsls	r1, r1, #1
10006780:	5c52      	ldrb	r2, [r2, r1]
10006782:	005b      	lsls	r3, r3, #1
10006784:	4382      	bics	r2, r0
10006786:	4313      	orrs	r3, r2
10006788:	464a      	mov	r2, r9
1000678a:	5453      	strb	r3, [r2, r1]
1000678c:	4651      	mov	r1, sl
1000678e:	4640      	mov	r0, r8
10006790:	3908      	subs	r1, #8
10006792:	f000 f9e3 	bl	10006b5c <tu_edpt_stream_read_xfer>
10006796:	2800      	cmp	r0, #0
10006798:	d007      	beq.n	100067aa <vendord_open+0xce>
1000679a:	7823      	ldrb	r3, [r4, #0]
1000679c:	18e4      	adds	r4, r4, r3
1000679e:	793b      	ldrb	r3, [r7, #4]
100067a0:	42b3      	cmp	r3, r6
100067a2:	d8c5      	bhi.n	10006730 <vendord_open+0x54>
100067a4:	1be0      	subs	r0, r4, r7
100067a6:	b280      	uxth	r0, r0
100067a8:	e000      	b.n	100067ac <vendord_open+0xd0>
100067aa:	2000      	movs	r0, #0
100067ac:	bcf0      	pop	{r4, r5, r6, r7}
100067ae:	46bb      	mov	fp, r7
100067b0:	46b2      	mov	sl, r6
100067b2:	46a9      	mov	r9, r5
100067b4:	46a0      	mov	r8, r4
100067b6:	bdf8      	pop	{r3, r4, r5, r6, r7, pc}
100067b8:	4658      	mov	r0, fp
100067ba:	f000 fc75 	bl	100070a8 <tu_fifo_clear>
100067be:	465a      	mov	r2, fp
100067c0:	78a3      	ldrb	r3, [r4, #2]
100067c2:	3a0c      	subs	r2, #12
100067c4:	7153      	strb	r3, [r2, #5]
100067c6:	7963      	ldrb	r3, [r4, #5]
100067c8:	7921      	ldrb	r1, [r4, #4]
100067ca:	021b      	lsls	r3, r3, #8
100067cc:	430b      	orrs	r3, r1
100067ce:	490a      	ldr	r1, [pc, #40]	@ (100067f8 <vendord_open+0x11c>)
100067d0:	055b      	lsls	r3, r3, #21
100067d2:	468c      	mov	ip, r1
100067d4:	0d5b      	lsrs	r3, r3, #21
100067d6:	4463      	add	r3, ip
100067d8:	4259      	negs	r1, r3
100067da:	414b      	adcs	r3, r1
100067dc:	2002      	movs	r0, #2
100067de:	7911      	ldrb	r1, [r2, #4]
100067e0:	005b      	lsls	r3, r3, #1
100067e2:	4381      	bics	r1, r0
100067e4:	430b      	orrs	r3, r1
100067e6:	4659      	mov	r1, fp
100067e8:	2000      	movs	r0, #0
100067ea:	3908      	subs	r1, #8
100067ec:	7113      	strb	r3, [r2, #4]
100067ee:	f000 f981 	bl	10006af4 <tu_edpt_stream_write_xfer>
100067f2:	e7d2      	b.n	1000679a <vendord_open+0xbe>
100067f4:	200016a4 	.word	0x200016a4
100067f8:	fffffe00 	.word	0xfffffe00

100067fc <vendord_xfer_cb>:
100067fc:	b5f8      	push	{r3, r4, r5, r6, r7, lr}
100067fe:	252a      	movs	r5, #42	@ 0x2a
10006800:	0006      	movs	r6, r0
10006802:	481f      	ldr	r0, [pc, #124]	@ (10006880 <vendord_xfer_cb+0x84>)
10006804:	35ff      	adds	r5, #255	@ 0xff
10006806:	5d45      	ldrb	r5, [r0, r5]
10006808:	001f      	movs	r7, r3
1000680a:	428d      	cmp	r5, r1
1000680c:	d015      	beq.n	1000683a <vendord_xfer_cb+0x3e>
1000680e:	7943      	ldrb	r3, [r0, #5]
10006810:	428b      	cmp	r3, r1
10006812:	d001      	beq.n	10006818 <vendord_xfer_cb+0x1c>
10006814:	2000      	movs	r0, #0
10006816:	bdf8      	pop	{r3, r4, r5, r6, r7, pc}
10006818:	4b1a      	ldr	r3, [pc, #104]	@ (10006884 <vendord_xfer_cb+0x88>)
1000681a:	2b00      	cmp	r3, #0
1000681c:	d004      	beq.n	10006828 <vendord_xfer_cb+0x2c>
1000681e:	0439      	lsls	r1, r7, #16
10006820:	2000      	movs	r0, #0
10006822:	0c09      	lsrs	r1, r1, #16
10006824:	e000      	b.n	10006828 <vendord_xfer_cb+0x2c>
10006826:	bf00      	nop
10006828:	4c17      	ldr	r4, [pc, #92]	@ (10006888 <vendord_xfer_cb+0x8c>)
1000682a:	0030      	movs	r0, r6
1000682c:	0021      	movs	r1, r4
1000682e:	f000 f961 	bl	10006af4 <tu_edpt_stream_write_xfer>
10006832:	2800      	cmp	r0, #0
10006834:	d01d      	beq.n	10006872 <vendord_xfer_cb+0x76>
10006836:	2001      	movs	r0, #1
10006838:	e7ed      	b.n	10006816 <vendord_xfer_cb+0x1a>
1000683a:	239a      	movs	r3, #154	@ 0x9a
1000683c:	005b      	lsls	r3, r3, #1
1000683e:	5ac3      	ldrh	r3, [r0, r3]
10006840:	2b00      	cmp	r3, #0
10006842:	d10d      	bne.n	10006860 <vendord_xfer_cb+0x64>
10006844:	4b11      	ldr	r3, [pc, #68]	@ (1000688c <vendord_xfer_cb+0x90>)
10006846:	2b00      	cmp	r3, #0
10006848:	d004      	beq.n	10006854 <vendord_xfer_cb+0x58>
1000684a:	2000      	movs	r0, #0
1000684c:	4910      	ldr	r1, [pc, #64]	@ (10006890 <vendord_xfer_cb+0x94>)
1000684e:	b2ba      	uxth	r2, r7
10006850:	e000      	b.n	10006854 <vendord_xfer_cb+0x58>
10006852:	bf00      	nop
10006854:	0030      	movs	r0, r6
10006856:	490f      	ldr	r1, [pc, #60]	@ (10006894 <vendord_xfer_cb+0x98>)
10006858:	f000 f980 	bl	10006b5c <tu_edpt_stream_read_xfer>
1000685c:	2001      	movs	r0, #1
1000685e:	e7da      	b.n	10006816 <vendord_xfer_cb+0x1a>
10006860:	2396      	movs	r3, #150	@ 0x96
10006862:	005b      	lsls	r3, r3, #1
10006864:	58c1      	ldr	r1, [r0, r3]
10006866:	3031      	adds	r0, #49	@ 0x31
10006868:	b2ba      	uxth	r2, r7
1000686a:	30ff      	adds	r0, #255	@ 0xff
1000686c:	f000 fb60 	bl	10006f30 <tu_fifo_write_n>
10006870:	e7e8      	b.n	10006844 <vendord_xfer_cb+0x48>
10006872:	003a      	movs	r2, r7
10006874:	0021      	movs	r1, r4
10006876:	0030      	movs	r0, r6
10006878:	f000 f908 	bl	10006a8c <tu_edpt_stream_write_zlp_if_needed>
1000687c:	2001      	movs	r0, #1
1000687e:	e7ca      	b.n	10006816 <vendord_xfer_cb+0x1a>
10006880:	200016a4 	.word	0x200016a4
10006884:	00000000 	.word	0x00000000
10006888:	200016a8 	.word	0x200016a8
1000688c:	00000000 	.word	0x00000000
10006890:	20001624 	.word	0x20001624
10006894:	200017cc 	.word	0x200017cc

10006898 <tusb_rhport_init>:
10006898:	b500      	push	{lr}
1000689a:	0003      	movs	r3, r0
1000689c:	b083      	sub	sp, #12
1000689e:	2900      	cmp	r1, #0
100068a0:	d010      	beq.n	100068c4 <tusb_rhport_init+0x2c>
100068a2:	2000      	movs	r0, #0
100068a4:	2b01      	cmp	r3, #1
100068a6:	d807      	bhi.n	100068b8 <tusb_rhport_init+0x20>
100068a8:	780a      	ldrb	r2, [r1, #0]
100068aa:	2a00      	cmp	r2, #0
100068ac:	d004      	beq.n	100068b8 <tusb_rhport_init+0x20>
100068ae:	480c      	ldr	r0, [pc, #48]	@ (100068e0 <tusb_rhport_init+0x48>)
100068b0:	54c2      	strb	r2, [r0, r3]
100068b2:	2001      	movs	r0, #1
100068b4:	2a01      	cmp	r2, #1
100068b6:	d001      	beq.n	100068bc <tusb_rhport_init+0x24>
100068b8:	b003      	add	sp, #12
100068ba:	bd00      	pop	{pc}
100068bc:	0018      	movs	r0, r3
100068be:	f7fe fdd5 	bl	1000546c <tud_rhport_init>
100068c2:	e7f9      	b.n	100068b8 <tusb_rhport_init+0x20>
100068c4:	2301      	movs	r3, #1
100068c6:	466a      	mov	r2, sp
100068c8:	2000      	movs	r0, #0
100068ca:	a901      	add	r1, sp, #4
100068cc:	8093      	strh	r3, [r2, #4]
100068ce:	f7fe fdcd 	bl	1000546c <tud_rhport_init>
100068d2:	2800      	cmp	r0, #0
100068d4:	d0f0      	beq.n	100068b8 <tusb_rhport_init+0x20>
100068d6:	2201      	movs	r2, #1
100068d8:	4b01      	ldr	r3, [pc, #4]	@ (100068e0 <tusb_rhport_init+0x48>)
100068da:	701a      	strb	r2, [r3, #0]
100068dc:	e7ec      	b.n	100068b8 <tusb_rhport_init+0x20>
100068de:	46c0      	nop			@ (mov r8, r8)
100068e0:	200014fc 	.word	0x200014fc

100068e4 <tu_edpt_claim>:
100068e4:	7803      	ldrb	r3, [r0, #0]
100068e6:	b570      	push	{r4, r5, r6, lr}
100068e8:	07db      	lsls	r3, r3, #31
100068ea:	0004      	movs	r4, r0
100068ec:	000e      	movs	r6, r1
100068ee:	0fdd      	lsrs	r5, r3, #31
100068f0:	2b00      	cmp	r3, #0
100068f2:	d117      	bne.n	10006924 <tu_edpt_claim+0x40>
100068f4:	7803      	ldrb	r3, [r0, #0]
100068f6:	075b      	lsls	r3, r3, #29
100068f8:	d501      	bpl.n	100068fe <tu_edpt_claim+0x1a>
100068fa:	0028      	movs	r0, r5
100068fc:	bd70      	pop	{r4, r5, r6, pc}
100068fe:	2101      	movs	r1, #1
10006900:	0030      	movs	r0, r6
10006902:	4249      	negs	r1, r1
10006904:	f000 fde0 	bl	100074c8 <__mutex_enter_timeout_ms_veneer>
10006908:	7823      	ldrb	r3, [r4, #0]
1000690a:	07db      	lsls	r3, r3, #31
1000690c:	0fdd      	lsrs	r5, r3, #31
1000690e:	2b00      	cmp	r3, #0
10006910:	d10a      	bne.n	10006928 <tu_edpt_claim+0x44>
10006912:	7823      	ldrb	r3, [r4, #0]
10006914:	075b      	lsls	r3, r3, #29
10006916:	d408      	bmi.n	1000692a <tu_edpt_claim+0x46>
10006918:	2204      	movs	r2, #4
1000691a:	7823      	ldrb	r3, [r4, #0]
1000691c:	2501      	movs	r5, #1
1000691e:	4313      	orrs	r3, r2
10006920:	7023      	strb	r3, [r4, #0]
10006922:	e002      	b.n	1000692a <tu_edpt_claim+0x46>
10006924:	2500      	movs	r5, #0
10006926:	e7e8      	b.n	100068fa <tu_edpt_claim+0x16>
10006928:	2500      	movs	r5, #0
1000692a:	0030      	movs	r0, r6
1000692c:	f000 fd9c 	bl	10007468 <__mutex_exit_veneer>
10006930:	e7e3      	b.n	100068fa <tu_edpt_claim+0x16>
10006932:	46c0      	nop			@ (mov r8, r8)

10006934 <tu_edpt_release>:
10006934:	b570      	push	{r4, r5, r6, lr}
10006936:	000c      	movs	r4, r1
10006938:	2101      	movs	r1, #1
1000693a:	0006      	movs	r6, r0
1000693c:	4249      	negs	r1, r1
1000693e:	0020      	movs	r0, r4
10006940:	f000 fdc2 	bl	100074c8 <__mutex_enter_timeout_ms_veneer>
10006944:	7833      	ldrb	r3, [r6, #0]
10006946:	075b      	lsls	r3, r3, #29
10006948:	0fdd      	lsrs	r5, r3, #31
1000694a:	2b00      	cmp	r3, #0
1000694c:	db04      	blt.n	10006958 <tu_edpt_release+0x24>
1000694e:	0020      	movs	r0, r4
10006950:	f000 fd8a 	bl	10007468 <__mutex_exit_veneer>
10006954:	0028      	movs	r0, r5
10006956:	bd70      	pop	{r4, r5, r6, pc}
10006958:	7833      	ldrb	r3, [r6, #0]
1000695a:	07db      	lsls	r3, r3, #31
1000695c:	d404      	bmi.n	10006968 <tu_edpt_release+0x34>
1000695e:	2204      	movs	r2, #4
10006960:	7833      	ldrb	r3, [r6, #0]
10006962:	4393      	bics	r3, r2
10006964:	7033      	strb	r3, [r6, #0]
10006966:	e7f2      	b.n	1000694e <tu_edpt_release+0x1a>
10006968:	2500      	movs	r5, #0
1000696a:	e7f0      	b.n	1000694e <tu_edpt_release+0x1a>

1000696c <tu_edpt_validate>:
1000696c:	7943      	ldrb	r3, [r0, #5]
1000696e:	7902      	ldrb	r2, [r0, #4]
10006970:	021b      	lsls	r3, r3, #8
10006972:	4313      	orrs	r3, r2
10006974:	78c2      	ldrb	r2, [r0, #3]
10006976:	055b      	lsls	r3, r3, #21
10006978:	0792      	lsls	r2, r2, #30
1000697a:	0d5b      	lsrs	r3, r3, #21
1000697c:	0f92      	lsrs	r2, r2, #30
1000697e:	2a02      	cmp	r2, #2
10006980:	d01d      	beq.n	100069be <tu_edpt_validate+0x52>
10006982:	2a03      	cmp	r2, #3
10006984:	d00c      	beq.n	100069a0 <tu_edpt_validate+0x34>
10006986:	2000      	movs	r0, #0
10006988:	2a01      	cmp	r2, #1
1000698a:	d108      	bne.n	1000699e <tu_edpt_validate+0x32>
1000698c:	3902      	subs	r1, #2
1000698e:	424a      	negs	r2, r1
10006990:	4151      	adcs	r1, r2
10006992:	4a12      	ldr	r2, [pc, #72]	@ (100069dc <tu_edpt_validate+0x70>)
10006994:	4694      	mov	ip, r2
10006996:	4461      	add	r1, ip
10006998:	4299      	cmp	r1, r3
1000699a:	4140      	adcs	r0, r0
1000699c:	b2c0      	uxtb	r0, r0
1000699e:	4770      	bx	lr
100069a0:	3902      	subs	r1, #2
100069a2:	1e4a      	subs	r2, r1, #1
100069a4:	4191      	sbcs	r1, r2
100069a6:	4a0e      	ldr	r2, [pc, #56]	@ (100069e0 <tu_edpt_validate+0x74>)
100069a8:	4249      	negs	r1, r1
100069aa:	4011      	ands	r1, r2
100069ac:	2280      	movs	r2, #128	@ 0x80
100069ae:	00d2      	lsls	r2, r2, #3
100069b0:	4694      	mov	ip, r2
100069b2:	2000      	movs	r0, #0
100069b4:	4461      	add	r1, ip
100069b6:	4299      	cmp	r1, r3
100069b8:	4140      	adcs	r0, r0
100069ba:	b2c0      	uxtb	r0, r0
100069bc:	e7ef      	b.n	1000699e <tu_edpt_validate+0x32>
100069be:	2902      	cmp	r1, #2
100069c0:	d005      	beq.n	100069ce <tu_edpt_validate+0x62>
100069c2:	2000      	movs	r0, #0
100069c4:	2240      	movs	r2, #64	@ 0x40
100069c6:	429a      	cmp	r2, r3
100069c8:	4140      	adcs	r0, r0
100069ca:	b2c0      	uxtb	r0, r0
100069cc:	e7e7      	b.n	1000699e <tu_edpt_validate+0x32>
100069ce:	4a05      	ldr	r2, [pc, #20]	@ (100069e4 <tu_edpt_validate+0x78>)
100069d0:	1898      	adds	r0, r3, r2
100069d2:	4243      	negs	r3, r0
100069d4:	4158      	adcs	r0, r3
100069d6:	b2c0      	uxtb	r0, r0
100069d8:	e7e1      	b.n	1000699e <tu_edpt_validate+0x32>
100069da:	46c0      	nop			@ (mov r8, r8)
100069dc:	000003ff 	.word	0x000003ff
100069e0:	fffffc40 	.word	0xfffffc40
100069e4:	fffffe00 	.word	0xfffffe00

100069e8 <tu_edpt_bind_driver>:
100069e8:	188a      	adds	r2, r1, r2
100069ea:	b570      	push	{r4, r5, r6, lr}
100069ec:	4291      	cmp	r1, r2
100069ee:	d207      	bcs.n	10006a00 <tu_edpt_bind_driver+0x18>
100069f0:	267f      	movs	r6, #127	@ 0x7f
100069f2:	784c      	ldrb	r4, [r1, #1]
100069f4:	2c05      	cmp	r4, #5
100069f6:	d004      	beq.n	10006a02 <tu_edpt_bind_driver+0x1a>
100069f8:	780c      	ldrb	r4, [r1, #0]
100069fa:	1909      	adds	r1, r1, r4
100069fc:	428a      	cmp	r2, r1
100069fe:	d8f8      	bhi.n	100069f2 <tu_edpt_bind_driver+0xa>
10006a00:	bd70      	pop	{r4, r5, r6, pc}
10006a02:	0034      	movs	r4, r6
10006a04:	788d      	ldrb	r5, [r1, #2]
10006a06:	402c      	ands	r4, r5
10006a08:	0064      	lsls	r4, r4, #1
10006a0a:	1904      	adds	r4, r0, r4
10006a0c:	09ed      	lsrs	r5, r5, #7
10006a0e:	5563      	strb	r3, [r4, r5]
10006a10:	780c      	ldrb	r4, [r1, #0]
10006a12:	1909      	adds	r1, r1, r4
10006a14:	428a      	cmp	r2, r1
10006a16:	d8ec      	bhi.n	100069f2 <tu_edpt_bind_driver+0xa>
10006a18:	e7f2      	b.n	10006a00 <tu_edpt_bind_driver+0x18>
10006a1a:	46c0      	nop			@ (mov r8, r8)

10006a1c <tu_edpt_stream_init>:
10006a1c:	b5f0      	push	{r4, r5, r6, r7, lr}
10006a1e:	46c6      	mov	lr, r8
10006a20:	b500      	push	{lr}
10006a22:	b082      	sub	sp, #8
10006a24:	0015      	movs	r5, r2
10006a26:	aa08      	add	r2, sp, #32
10006a28:	ca40      	ldmia	r2!, {r6}
10006a2a:	0004      	movs	r4, r0
10006a2c:	8817      	ldrh	r7, [r2, #0]
10006a2e:	466a      	mov	r2, sp
10006a30:	8d92      	ldrh	r2, [r2, #44]	@ 0x2c
10006a32:	2001      	movs	r0, #1
10006a34:	4690      	mov	r8, r2
10006a36:	000a      	movs	r2, r1
10006a38:	7821      	ldrb	r1, [r4, #0]
10006a3a:	4002      	ands	r2, r0
10006a3c:	4381      	bics	r1, r0
10006a3e:	0020      	movs	r0, r4
10006a40:	4311      	orrs	r1, r2
10006a42:	7021      	strb	r1, [r4, #0]
10006a44:	003a      	movs	r2, r7
10006a46:	9300      	str	r3, [sp, #0]
10006a48:	0031      	movs	r1, r6
10006a4a:	2301      	movs	r3, #1
10006a4c:	3008      	adds	r0, #8
10006a4e:	f000 f8f1 	bl	10006c34 <tu_fifo_config>
10006a52:	2e00      	cmp	r6, #0
10006a54:	d001      	beq.n	10006a5a <tu_edpt_stream_init+0x3e>
10006a56:	2f00      	cmp	r7, #0
10006a58:	d108      	bne.n	10006a6c <tu_edpt_stream_init+0x50>
10006a5a:	9b0a      	ldr	r3, [sp, #40]	@ 0x28
10006a5c:	2001      	movs	r0, #1
10006a5e:	6063      	str	r3, [r4, #4]
10006a60:	4643      	mov	r3, r8
10006a62:	8063      	strh	r3, [r4, #2]
10006a64:	b002      	add	sp, #8
10006a66:	bc80      	pop	{r7}
10006a68:	46b8      	mov	r8, r7
10006a6a:	bdf0      	pop	{r4, r5, r6, r7, pc}
10006a6c:	0026      	movs	r6, r4
10006a6e:	361c      	adds	r6, #28
10006a70:	0030      	movs	r0, r6
10006a72:	f7fa fb2f 	bl	100010d4 <mutex_init>
10006a76:	2300      	movs	r3, #0
10006a78:	2d00      	cmp	r5, #0
10006a7a:	d001      	beq.n	10006a80 <tu_edpt_stream_init+0x64>
10006a7c:	0033      	movs	r3, r6
10006a7e:	2600      	movs	r6, #0
10006a80:	6163      	str	r3, [r4, #20]
10006a82:	61a6      	str	r6, [r4, #24]
10006a84:	e7e9      	b.n	10006a5a <tu_edpt_stream_init+0x3e>
10006a86:	46c0      	nop			@ (mov r8, r8)

10006a88 <tu_edpt_stream_deinit>:
10006a88:	2001      	movs	r0, #1
10006a8a:	4770      	bx	lr

10006a8c <tu_edpt_stream_write_zlp_if_needed>:
10006a8c:	b5f8      	push	{r3, r4, r5, r6, r7, lr}
10006a8e:	2402      	movs	r4, #2
10006a90:	780b      	ldrb	r3, [r1, #0]
10006a92:	0007      	movs	r7, r0
10006a94:	401c      	ands	r4, r3
10006a96:	4263      	negs	r3, r4
10006a98:	415c      	adcs	r4, r3
10006a9a:	4b14      	ldr	r3, [pc, #80]	@ (10006aec <tu_edpt_stream_write_zlp_if_needed+0x60>)
10006a9c:	4264      	negs	r4, r4
10006a9e:	401c      	ands	r4, r3
10006aa0:	4b13      	ldr	r3, [pc, #76]	@ (10006af0 <tu_edpt_stream_write_zlp_if_needed+0x64>)
10006aa2:	0008      	movs	r0, r1
10006aa4:	469c      	mov	ip, r3
10006aa6:	3008      	adds	r0, #8
10006aa8:	000d      	movs	r5, r1
10006aaa:	0016      	movs	r6, r2
10006aac:	4464      	add	r4, ip
10006aae:	f000 f8f7 	bl	10006ca0 <tu_fifo_count>
10006ab2:	2800      	cmp	r0, #0
10006ab4:	d107      	bne.n	10006ac6 <tu_edpt_stream_write_zlp_if_needed+0x3a>
10006ab6:	2e00      	cmp	r6, #0
10006ab8:	d005      	beq.n	10006ac6 <tu_edpt_stream_write_zlp_if_needed+0x3a>
10006aba:	4234      	tst	r4, r6
10006abc:	d103      	bne.n	10006ac6 <tu_edpt_stream_write_zlp_if_needed+0x3a>
10006abe:	2401      	movs	r4, #1
10006ac0:	782b      	ldrb	r3, [r5, #0]
10006ac2:	421c      	tst	r4, r3
10006ac4:	d001      	beq.n	10006aca <tu_edpt_stream_write_zlp_if_needed+0x3e>
10006ac6:	2000      	movs	r0, #0
10006ac8:	bdf8      	pop	{r3, r4, r5, r6, r7, pc}
10006aca:	0038      	movs	r0, r7
10006acc:	7869      	ldrb	r1, [r5, #1]
10006ace:	f7ff f9af 	bl	10005e30 <usbd_edpt_claim>
10006ad2:	2800      	cmp	r0, #0
10006ad4:	d0f7      	beq.n	10006ac6 <tu_edpt_stream_write_zlp_if_needed+0x3a>
10006ad6:	782b      	ldrb	r3, [r5, #0]
10006ad8:	421c      	tst	r4, r3
10006ada:	d1f4      	bne.n	10006ac6 <tu_edpt_stream_write_zlp_if_needed+0x3a>
10006adc:	2300      	movs	r3, #0
10006ade:	2200      	movs	r2, #0
10006ae0:	0038      	movs	r0, r7
10006ae2:	7869      	ldrb	r1, [r5, #1]
10006ae4:	f7ff f9cc 	bl	10005e80 <usbd_edpt_xfer>
10006ae8:	e7ee      	b.n	10006ac8 <tu_edpt_stream_write_zlp_if_needed+0x3c>
10006aea:	46c0      	nop			@ (mov r8, r8)
10006aec:	fffffe40 	.word	0xfffffe40
10006af0:	000001ff 	.word	0x000001ff

10006af4 <tu_edpt_stream_write_xfer>:
10006af4:	b5f8      	push	{r3, r4, r5, r6, r7, lr}
10006af6:	000d      	movs	r5, r1
10006af8:	3508      	adds	r5, #8
10006afa:	0006      	movs	r6, r0
10006afc:	0028      	movs	r0, r5
10006afe:	000c      	movs	r4, r1
10006b00:	f000 f8ce 	bl	10006ca0 <tu_fifo_count>
10006b04:	2800      	cmp	r0, #0
10006b06:	d003      	beq.n	10006b10 <tu_edpt_stream_write_xfer+0x1c>
10006b08:	2701      	movs	r7, #1
10006b0a:	7823      	ldrb	r3, [r4, #0]
10006b0c:	421f      	tst	r7, r3
10006b0e:	d001      	beq.n	10006b14 <tu_edpt_stream_write_xfer+0x20>
10006b10:	2000      	movs	r0, #0
10006b12:	bdf8      	pop	{r3, r4, r5, r6, r7, pc}
10006b14:	0030      	movs	r0, r6
10006b16:	7861      	ldrb	r1, [r4, #1]
10006b18:	f7ff f98a 	bl	10005e30 <usbd_edpt_claim>
10006b1c:	2800      	cmp	r0, #0
10006b1e:	d0f7      	beq.n	10006b10 <tu_edpt_stream_write_xfer+0x1c>
10006b20:	0028      	movs	r0, r5
10006b22:	8862      	ldrh	r2, [r4, #2]
10006b24:	6861      	ldr	r1, [r4, #4]
10006b26:	f000 f93d 	bl	10006da4 <tu_fifo_read_n>
10006b2a:	7823      	ldrb	r3, [r4, #0]
10006b2c:	0005      	movs	r5, r0
10006b2e:	401f      	ands	r7, r3
10006b30:	2800      	cmp	r0, #0
10006b32:	d00b      	beq.n	10006b4c <tu_edpt_stream_write_xfer+0x58>
10006b34:	2f00      	cmp	r7, #0
10006b36:	d1eb      	bne.n	10006b10 <tu_edpt_stream_write_xfer+0x1c>
10006b38:	0003      	movs	r3, r0
10006b3a:	6862      	ldr	r2, [r4, #4]
10006b3c:	0030      	movs	r0, r6
10006b3e:	7861      	ldrb	r1, [r4, #1]
10006b40:	f7ff f99e 	bl	10005e80 <usbd_edpt_xfer>
10006b44:	2800      	cmp	r0, #0
10006b46:	d0e3      	beq.n	10006b10 <tu_edpt_stream_write_xfer+0x1c>
10006b48:	0028      	movs	r0, r5
10006b4a:	e7e2      	b.n	10006b12 <tu_edpt_stream_write_xfer+0x1e>
10006b4c:	2f00      	cmp	r7, #0
10006b4e:	d1df      	bne.n	10006b10 <tu_edpt_stream_write_xfer+0x1c>
10006b50:	0030      	movs	r0, r6
10006b52:	7861      	ldrb	r1, [r4, #1]
10006b54:	f7ff f980 	bl	10005e58 <usbd_edpt_release>
10006b58:	e7da      	b.n	10006b10 <tu_edpt_stream_write_xfer+0x1c>
10006b5a:	46c0      	nop			@ (mov r8, r8)

10006b5c <tu_edpt_stream_read_xfer>:
10006b5c:	b5f8      	push	{r3, r4, r5, r6, r7, lr}
10006b5e:	46ce      	mov	lr, r9
10006b60:	4647      	mov	r7, r8
10006b62:	b580      	push	{r7, lr}
10006b64:	898a      	ldrh	r2, [r1, #12]
10006b66:	0006      	movs	r6, r0
10006b68:	000c      	movs	r4, r1
10006b6a:	780b      	ldrb	r3, [r1, #0]
10006b6c:	2a00      	cmp	r2, #0
10006b6e:	d107      	bne.n	10006b80 <tu_edpt_stream_read_xfer+0x24>
10006b70:	2501      	movs	r5, #1
10006b72:	421d      	tst	r5, r3
10006b74:	d040      	beq.n	10006bf8 <tu_edpt_stream_read_xfer+0x9c>
10006b76:	2000      	movs	r0, #0
10006b78:	bcc0      	pop	{r6, r7}
10006b7a:	46b9      	mov	r9, r7
10006b7c:	46b0      	mov	r8, r6
10006b7e:	bdf8      	pop	{r3, r4, r5, r6, r7, pc}
10006b80:	079b      	lsls	r3, r3, #30
10006b82:	d433      	bmi.n	10006bec <tu_edpt_stream_read_xfer+0x90>
10006b84:	4b2a      	ldr	r3, [pc, #168]	@ (10006c30 <tu_edpt_stream_read_xfer+0xd4>)
10006b86:	2540      	movs	r5, #64	@ 0x40
10006b88:	4699      	mov	r9, r3
10006b8a:	0027      	movs	r7, r4
10006b8c:	3708      	adds	r7, #8
10006b8e:	0038      	movs	r0, r7
10006b90:	f000 f8a4 	bl	10006cdc <tu_fifo_remaining>
10006b94:	4285      	cmp	r5, r0
10006b96:	d8ee      	bhi.n	10006b76 <tu_edpt_stream_read_xfer+0x1a>
10006b98:	2201      	movs	r2, #1
10006b9a:	7823      	ldrb	r3, [r4, #0]
10006b9c:	4690      	mov	r8, r2
10006b9e:	421a      	tst	r2, r3
10006ba0:	d1e9      	bne.n	10006b76 <tu_edpt_stream_read_xfer+0x1a>
10006ba2:	0030      	movs	r0, r6
10006ba4:	7861      	ldrb	r1, [r4, #1]
10006ba6:	f7ff f943 	bl	10005e30 <usbd_edpt_claim>
10006baa:	2800      	cmp	r0, #0
10006bac:	d0e3      	beq.n	10006b76 <tu_edpt_stream_read_xfer+0x1a>
10006bae:	0038      	movs	r0, r7
10006bb0:	f000 f894 	bl	10006cdc <tu_fifo_remaining>
10006bb4:	4642      	mov	r2, r8
10006bb6:	7823      	ldrb	r3, [r4, #0]
10006bb8:	401a      	ands	r2, r3
10006bba:	4285      	cmp	r5, r0
10006bbc:	d831      	bhi.n	10006c22 <tu_edpt_stream_read_xfer+0xc6>
10006bbe:	2a00      	cmp	r2, #0
10006bc0:	d1d9      	bne.n	10006b76 <tu_edpt_stream_read_xfer+0x1a>
10006bc2:	464a      	mov	r2, r9
10006bc4:	8863      	ldrh	r3, [r4, #2]
10006bc6:	4002      	ands	r2, r0
10006bc8:	1c1d      	adds	r5, r3, #0
10006bca:	4293      	cmp	r3, r2
10006bcc:	d900      	bls.n	10006bd0 <tu_edpt_stream_read_xfer+0x74>
10006bce:	1c15      	adds	r5, r2, #0
10006bd0:	b2ad      	uxth	r5, r5
10006bd2:	2200      	movs	r2, #0
10006bd4:	7861      	ldrb	r1, [r4, #1]
10006bd6:	2d00      	cmp	r5, #0
10006bd8:	d000      	beq.n	10006bdc <tu_edpt_stream_read_xfer+0x80>
10006bda:	6862      	ldr	r2, [r4, #4]
10006bdc:	002b      	movs	r3, r5
10006bde:	0030      	movs	r0, r6
10006be0:	f7ff f94e 	bl	10005e80 <usbd_edpt_xfer>
10006be4:	2800      	cmp	r0, #0
10006be6:	d0c6      	beq.n	10006b76 <tu_edpt_stream_read_xfer+0x1a>
10006be8:	0028      	movs	r0, r5
10006bea:	e7c5      	b.n	10006b78 <tu_edpt_stream_read_xfer+0x1c>
10006bec:	23fe      	movs	r3, #254	@ 0xfe
10006bee:	2580      	movs	r5, #128	@ 0x80
10006bf0:	021b      	lsls	r3, r3, #8
10006bf2:	4699      	mov	r9, r3
10006bf4:	00ad      	lsls	r5, r5, #2
10006bf6:	e7c8      	b.n	10006b8a <tu_edpt_stream_read_xfer+0x2e>
10006bf8:	7849      	ldrb	r1, [r1, #1]
10006bfa:	f7ff f919 	bl	10005e30 <usbd_edpt_claim>
10006bfe:	2800      	cmp	r0, #0
10006c00:	d0b9      	beq.n	10006b76 <tu_edpt_stream_read_xfer+0x1a>
10006c02:	7823      	ldrb	r3, [r4, #0]
10006c04:	421d      	tst	r5, r3
10006c06:	d1b6      	bne.n	10006b76 <tu_edpt_stream_read_xfer+0x1a>
10006c08:	8863      	ldrh	r3, [r4, #2]
10006c0a:	2200      	movs	r2, #0
10006c0c:	7861      	ldrb	r1, [r4, #1]
10006c0e:	2b00      	cmp	r3, #0
10006c10:	d000      	beq.n	10006c14 <tu_edpt_stream_read_xfer+0xb8>
10006c12:	6862      	ldr	r2, [r4, #4]
10006c14:	0030      	movs	r0, r6
10006c16:	f7ff f933 	bl	10005e80 <usbd_edpt_xfer>
10006c1a:	2800      	cmp	r0, #0
10006c1c:	d0ab      	beq.n	10006b76 <tu_edpt_stream_read_xfer+0x1a>
10006c1e:	8860      	ldrh	r0, [r4, #2]
10006c20:	e7aa      	b.n	10006b78 <tu_edpt_stream_read_xfer+0x1c>
10006c22:	2a00      	cmp	r2, #0
10006c24:	d1a7      	bne.n	10006b76 <tu_edpt_stream_read_xfer+0x1a>
10006c26:	0030      	movs	r0, r6
10006c28:	7861      	ldrb	r1, [r4, #1]
10006c2a:	f7ff f915 	bl	10005e58 <usbd_edpt_release>
10006c2e:	e7a2      	b.n	10006b76 <tu_edpt_stream_read_xfer+0x1a>
10006c30:	0000ffc0 	.word	0x0000ffc0

10006c34 <tu_fifo_config>:
10006c34:	b5f0      	push	{r4, r5, r6, r7, lr}
10006c36:	46c6      	mov	lr, r8
10006c38:	b500      	push	{lr}
10006c3a:	0004      	movs	r4, r0
10006c3c:	4668      	mov	r0, sp
10006c3e:	7e05      	ldrb	r5, [r0, #24]
10006c40:	2080      	movs	r0, #128	@ 0x80
10006c42:	4688      	mov	r8, r1
10006c44:	0017      	movs	r7, r2
10006c46:	001e      	movs	r6, r3
10006c48:	0200      	lsls	r0, r0, #8
10006c4a:	4282      	cmp	r2, r0
10006c4c:	d826      	bhi.n	10006c9c <tu_fifo_config+0x68>
10006c4e:	68e0      	ldr	r0, [r4, #12]
10006c50:	2800      	cmp	r0, #0
10006c52:	d003      	beq.n	10006c5c <tu_fifo_config+0x28>
10006c54:	2101      	movs	r1, #1
10006c56:	4249      	negs	r1, r1
10006c58:	f000 fc36 	bl	100074c8 <__mutex_enter_timeout_ms_veneer>
10006c5c:	6920      	ldr	r0, [r4, #16]
10006c5e:	2800      	cmp	r0, #0
10006c60:	d003      	beq.n	10006c6a <tu_fifo_config+0x36>
10006c62:	2101      	movs	r1, #1
10006c64:	4249      	negs	r1, r1
10006c66:	f000 fc2f 	bl	100074c8 <__mutex_enter_timeout_ms_veneer>
10006c6a:	4643      	mov	r3, r8
10006c6c:	6023      	str	r3, [r4, #0]
10006c6e:	0473      	lsls	r3, r6, #17
10006c70:	0c5b      	lsrs	r3, r3, #17
10006c72:	03ed      	lsls	r5, r5, #15
10006c74:	431d      	orrs	r5, r3
10006c76:	2300      	movs	r3, #0
10006c78:	68e0      	ldr	r0, [r4, #12]
10006c7a:	8163      	strh	r3, [r4, #10]
10006c7c:	80a7      	strh	r7, [r4, #4]
10006c7e:	80e5      	strh	r5, [r4, #6]
10006c80:	8123      	strh	r3, [r4, #8]
10006c82:	2800      	cmp	r0, #0
10006c84:	d001      	beq.n	10006c8a <tu_fifo_config+0x56>
10006c86:	f000 fbef 	bl	10007468 <__mutex_exit_veneer>
10006c8a:	6920      	ldr	r0, [r4, #16]
10006c8c:	2800      	cmp	r0, #0
10006c8e:	d001      	beq.n	10006c94 <tu_fifo_config+0x60>
10006c90:	f000 fbea 	bl	10007468 <__mutex_exit_veneer>
10006c94:	2001      	movs	r0, #1
10006c96:	bc80      	pop	{r7}
10006c98:	46b8      	mov	r8, r7
10006c9a:	bdf0      	pop	{r4, r5, r6, r7, pc}
10006c9c:	2000      	movs	r0, #0
10006c9e:	e7fa      	b.n	10006c96 <tu_fifo_config+0x62>

10006ca0 <tu_fifo_count>:
10006ca0:	b510      	push	{r4, lr}
10006ca2:	8904      	ldrh	r4, [r0, #8]
10006ca4:	8941      	ldrh	r1, [r0, #10]
10006ca6:	8882      	ldrh	r2, [r0, #4]
10006ca8:	b2a3      	uxth	r3, r4
10006caa:	b288      	uxth	r0, r1
10006cac:	428c      	cmp	r4, r1
10006cae:	d307      	bcc.n	10006cc0 <tu_fifo_count+0x20>
10006cb0:	1a1b      	subs	r3, r3, r0
10006cb2:	b29b      	uxth	r3, r3
10006cb4:	1c10      	adds	r0, r2, #0
10006cb6:	429a      	cmp	r2, r3
10006cb8:	d900      	bls.n	10006cbc <tu_fifo_count+0x1c>
10006cba:	1c18      	adds	r0, r3, #0
10006cbc:	b280      	uxth	r0, r0
10006cbe:	bd10      	pop	{r4, pc}
10006cc0:	0051      	lsls	r1, r2, #1
10006cc2:	1a09      	subs	r1, r1, r0
10006cc4:	185b      	adds	r3, r3, r1
10006cc6:	b29b      	uxth	r3, r3
10006cc8:	e7f4      	b.n	10006cb4 <tu_fifo_count+0x14>
10006cca:	46c0      	nop			@ (mov r8, r8)

10006ccc <tu_fifo_empty>:
10006ccc:	8903      	ldrh	r3, [r0, #8]
10006cce:	8940      	ldrh	r0, [r0, #10]
10006cd0:	1a18      	subs	r0, r3, r0
10006cd2:	4243      	negs	r3, r0
10006cd4:	4158      	adcs	r0, r3
10006cd6:	b2c0      	uxtb	r0, r0
10006cd8:	4770      	bx	lr
10006cda:	46c0      	nop			@ (mov r8, r8)

10006cdc <tu_fifo_remaining>:
10006cdc:	b510      	push	{r4, lr}
10006cde:	8904      	ldrh	r4, [r0, #8]
10006ce0:	8941      	ldrh	r1, [r0, #10]
10006ce2:	8882      	ldrh	r2, [r0, #4]
10006ce4:	b2a3      	uxth	r3, r4
10006ce6:	b288      	uxth	r0, r1
10006ce8:	428c      	cmp	r4, r1
10006cea:	d307      	bcc.n	10006cfc <tu_fifo_remaining+0x20>
10006cec:	1a1b      	subs	r3, r3, r0
10006cee:	b29b      	uxth	r3, r3
10006cf0:	2000      	movs	r0, #0
10006cf2:	429a      	cmp	r2, r3
10006cf4:	d901      	bls.n	10006cfa <tu_fifo_remaining+0x1e>
10006cf6:	1ad2      	subs	r2, r2, r3
10006cf8:	b290      	uxth	r0, r2
10006cfa:	bd10      	pop	{r4, pc}
10006cfc:	0051      	lsls	r1, r2, #1
10006cfe:	1a09      	subs	r1, r1, r0
10006d00:	185b      	adds	r3, r3, r1
10006d02:	b29b      	uxth	r3, r3
10006d04:	e7f4      	b.n	10006cf0 <tu_fifo_remaining+0x14>
10006d06:	46c0      	nop			@ (mov r8, r8)

10006d08 <tu_fifo_read>:
10006d08:	b570      	push	{r4, r5, r6, lr}
10006d0a:	0004      	movs	r4, r0
10006d0c:	6900      	ldr	r0, [r0, #16]
10006d0e:	000e      	movs	r6, r1
10006d10:	2800      	cmp	r0, #0
10006d12:	d003      	beq.n	10006d1c <tu_fifo_read+0x14>
10006d14:	2101      	movs	r1, #1
10006d16:	4249      	negs	r1, r1
10006d18:	f000 fbd6 	bl	100074c8 <__mutex_enter_timeout_ms_veneer>
10006d1c:	8925      	ldrh	r5, [r4, #8]
10006d1e:	8960      	ldrh	r0, [r4, #10]
10006d20:	88a2      	ldrh	r2, [r4, #4]
10006d22:	b2a9      	uxth	r1, r5
10006d24:	b283      	uxth	r3, r0
10006d26:	4285      	cmp	r5, r0
10006d28:	d332      	bcc.n	10006d90 <tu_fifo_read+0x88>
10006d2a:	1acd      	subs	r5, r1, r3
10006d2c:	b2ad      	uxth	r5, r5
10006d2e:	2d00      	cmp	r5, #0
10006d30:	d028      	beq.n	10006d84 <tu_fifo_read+0x7c>
10006d32:	42aa      	cmp	r2, r5
10006d34:	d208      	bcs.n	10006d48 <tu_fifo_read+0x40>
10006d36:	4291      	cmp	r1, r2
10006d38:	d32f      	bcc.n	10006d9a <tu_fifo_read+0x92>
10006d3a:	1a89      	subs	r1, r1, r2
10006d3c:	b28b      	uxth	r3, r1
10006d3e:	8163      	strh	r3, [r4, #10]
10006d40:	429a      	cmp	r2, r3
10006d42:	d803      	bhi.n	10006d4c <tu_fifo_read+0x44>
10006d44:	1a9b      	subs	r3, r3, r2
10006d46:	b29b      	uxth	r3, r3
10006d48:	429a      	cmp	r2, r3
10006d4a:	d9fb      	bls.n	10006d44 <tu_fifo_read+0x3c>
10006d4c:	88e2      	ldrh	r2, [r4, #6]
10006d4e:	6821      	ldr	r1, [r4, #0]
10006d50:	0452      	lsls	r2, r2, #17
10006d52:	0c52      	lsrs	r2, r2, #17
10006d54:	4353      	muls	r3, r2
10006d56:	0030      	movs	r0, r6
10006d58:	18c9      	adds	r1, r1, r3
10006d5a:	f7fb fe79 	bl	10002a50 <__wrap___aeabi_memcpy>
10006d5e:	8963      	ldrh	r3, [r4, #10]
10006d60:	2501      	movs	r5, #1
10006d62:	1c59      	adds	r1, r3, #1
10006d64:	b289      	uxth	r1, r1
10006d66:	88a2      	ldrh	r2, [r4, #4]
10006d68:	428b      	cmp	r3, r1
10006d6a:	d90d      	bls.n	10006d88 <tu_fifo_read+0x80>
10006d6c:	2100      	movs	r1, #0
10006d6e:	0052      	lsls	r2, r2, #1
10006d70:	1a89      	subs	r1, r1, r2
10006d72:	b289      	uxth	r1, r1
10006d74:	6920      	ldr	r0, [r4, #16]
10006d76:	8161      	strh	r1, [r4, #10]
10006d78:	2800      	cmp	r0, #0
10006d7a:	d001      	beq.n	10006d80 <tu_fifo_read+0x78>
10006d7c:	f000 fb74 	bl	10007468 <__mutex_exit_veneer>
10006d80:	0028      	movs	r0, r5
10006d82:	bd70      	pop	{r4, r5, r6, pc}
10006d84:	8961      	ldrh	r1, [r4, #10]
10006d86:	b289      	uxth	r1, r1
10006d88:	0052      	lsls	r2, r2, #1
10006d8a:	4291      	cmp	r1, r2
10006d8c:	dbf2      	blt.n	10006d74 <tu_fifo_read+0x6c>
10006d8e:	e7ef      	b.n	10006d70 <tu_fifo_read+0x68>
10006d90:	0055      	lsls	r5, r2, #1
10006d92:	1aed      	subs	r5, r5, r3
10006d94:	194d      	adds	r5, r1, r5
10006d96:	b2ad      	uxth	r5, r5
10006d98:	e7c9      	b.n	10006d2e <tu_fifo_read+0x26>
10006d9a:	1889      	adds	r1, r1, r2
10006d9c:	b28b      	uxth	r3, r1
10006d9e:	8163      	strh	r3, [r4, #10]
10006da0:	e7ce      	b.n	10006d40 <tu_fifo_read+0x38>
10006da2:	46c0      	nop			@ (mov r8, r8)

10006da4 <tu_fifo_read_n>:
10006da4:	b5f0      	push	{r4, r5, r6, r7, lr}
10006da6:	4646      	mov	r6, r8
10006da8:	464f      	mov	r7, r9
10006daa:	46d6      	mov	lr, sl
10006dac:	b5c0      	push	{r6, r7, lr}
10006dae:	0006      	movs	r6, r0
10006db0:	6900      	ldr	r0, [r0, #16]
10006db2:	4689      	mov	r9, r1
10006db4:	4690      	mov	r8, r2
10006db6:	2800      	cmp	r0, #0
10006db8:	d003      	beq.n	10006dc2 <tu_fifo_read_n+0x1e>
10006dba:	2101      	movs	r1, #1
10006dbc:	4249      	negs	r1, r1
10006dbe:	f000 fb83 	bl	100074c8 <__mutex_enter_timeout_ms_veneer>
10006dc2:	8931      	ldrh	r1, [r6, #8]
10006dc4:	8972      	ldrh	r2, [r6, #10]
10006dc6:	88b5      	ldrh	r5, [r6, #4]
10006dc8:	b28b      	uxth	r3, r1
10006dca:	b294      	uxth	r4, r2
10006dcc:	4291      	cmp	r1, r2
10006dce:	d354      	bcc.n	10006e7a <tu_fifo_read_n+0xd6>
10006dd0:	1b1f      	subs	r7, r3, r4
10006dd2:	b2bf      	uxth	r7, r7
10006dd4:	2f00      	cmp	r7, #0
10006dd6:	d04a      	beq.n	10006e6e <tu_fifo_read_n+0xca>
10006dd8:	42bd      	cmp	r5, r7
10006dda:	d205      	bcs.n	10006de8 <tu_fifo_read_n+0x44>
10006ddc:	42ab      	cmp	r3, r5
10006dde:	d251      	bcs.n	10006e84 <tu_fifo_read_n+0xe0>
10006de0:	195b      	adds	r3, r3, r5
10006de2:	b29c      	uxth	r4, r3
10006de4:	002f      	movs	r7, r5
10006de6:	8174      	strh	r4, [r6, #10]
10006de8:	4643      	mov	r3, r8
10006dea:	45b8      	cmp	r8, r7
10006dec:	d83d      	bhi.n	10006e6a <tu_fifo_read_n+0xc6>
10006dee:	b29f      	uxth	r7, r3
10006df0:	42a5      	cmp	r5, r4
10006df2:	d803      	bhi.n	10006dfc <tu_fifo_read_n+0x58>
10006df4:	1b64      	subs	r4, r4, r5
10006df6:	b2a4      	uxth	r4, r4
10006df8:	42a5      	cmp	r5, r4
10006dfa:	d9fb      	bls.n	10006df4 <tu_fifo_read_n+0x50>
10006dfc:	88f2      	ldrh	r2, [r6, #6]
10006dfe:	6831      	ldr	r1, [r6, #0]
10006e00:	0452      	lsls	r2, r2, #17
10006e02:	0c52      	lsrs	r2, r2, #17
10006e04:	4690      	mov	r8, r2
10006e06:	4362      	muls	r2, r4
10006e08:	1b2b      	subs	r3, r5, r4
10006e0a:	b29b      	uxth	r3, r3
10006e0c:	1889      	adds	r1, r1, r2
10006e0e:	4642      	mov	r2, r8
10006e10:	429f      	cmp	r7, r3
10006e12:	d925      	bls.n	10006e60 <tu_fifo_read_n+0xbc>
10006e14:	4353      	muls	r3, r2
10006e16:	b29b      	uxth	r3, r3
10006e18:	001a      	movs	r2, r3
10006e1a:	4648      	mov	r0, r9
10006e1c:	469a      	mov	sl, r3
10006e1e:	f7fb fe17 	bl	10002a50 <__wrap___aeabi_memcpy>
10006e22:	4643      	mov	r3, r8
10006e24:	4648      	mov	r0, r9
10006e26:	1b7d      	subs	r5, r7, r5
10006e28:	1964      	adds	r4, r4, r5
10006e2a:	435c      	muls	r4, r3
10006e2c:	6831      	ldr	r1, [r6, #0]
10006e2e:	4450      	add	r0, sl
10006e30:	b2a2      	uxth	r2, r4
10006e32:	f7fb fe0d 	bl	10002a50 <__wrap___aeabi_memcpy>
10006e36:	8971      	ldrh	r1, [r6, #10]
10006e38:	88b5      	ldrh	r5, [r6, #4]
10006e3a:	19cb      	adds	r3, r1, r7
10006e3c:	b29b      	uxth	r3, r3
10006e3e:	006a      	lsls	r2, r5, #1
10006e40:	4299      	cmp	r1, r3
10006e42:	d916      	bls.n	10006e72 <tu_fifo_read_n+0xce>
10006e44:	1a9b      	subs	r3, r3, r2
10006e46:	b29b      	uxth	r3, r3
10006e48:	6930      	ldr	r0, [r6, #16]
10006e4a:	8173      	strh	r3, [r6, #10]
10006e4c:	2800      	cmp	r0, #0
10006e4e:	d001      	beq.n	10006e54 <tu_fifo_read_n+0xb0>
10006e50:	f000 fb0a 	bl	10007468 <__mutex_exit_veneer>
10006e54:	0038      	movs	r0, r7
10006e56:	bce0      	pop	{r5, r6, r7}
10006e58:	46ba      	mov	sl, r7
10006e5a:	46b1      	mov	r9, r6
10006e5c:	46a8      	mov	r8, r5
10006e5e:	bdf0      	pop	{r4, r5, r6, r7, pc}
10006e60:	4648      	mov	r0, r9
10006e62:	437a      	muls	r2, r7
10006e64:	f7fb fdf4 	bl	10002a50 <__wrap___aeabi_memcpy>
10006e68:	e7e5      	b.n	10006e36 <tu_fifo_read_n+0x92>
10006e6a:	1c3b      	adds	r3, r7, #0
10006e6c:	e7bf      	b.n	10006dee <tu_fifo_read_n+0x4a>
10006e6e:	8973      	ldrh	r3, [r6, #10]
10006e70:	b29b      	uxth	r3, r3
10006e72:	006a      	lsls	r2, r5, #1
10006e74:	4293      	cmp	r3, r2
10006e76:	dbe7      	blt.n	10006e48 <tu_fifo_read_n+0xa4>
10006e78:	e7e4      	b.n	10006e44 <tu_fifo_read_n+0xa0>
10006e7a:	006f      	lsls	r7, r5, #1
10006e7c:	1b3f      	subs	r7, r7, r4
10006e7e:	19df      	adds	r7, r3, r7
10006e80:	b2bf      	uxth	r7, r7
10006e82:	e7a7      	b.n	10006dd4 <tu_fifo_read_n+0x30>
10006e84:	1b5b      	subs	r3, r3, r5
10006e86:	b29c      	uxth	r4, r3
10006e88:	e7ac      	b.n	10006de4 <tu_fifo_read_n+0x40>
10006e8a:	46c0      	nop			@ (mov r8, r8)

10006e8c <tu_fifo_write>:
10006e8c:	b5f8      	push	{r3, r4, r5, r6, r7, lr}
10006e8e:	0004      	movs	r4, r0
10006e90:	68c0      	ldr	r0, [r0, #12]
10006e92:	000e      	movs	r6, r1
10006e94:	2800      	cmp	r0, #0
10006e96:	d003      	beq.n	10006ea0 <tu_fifo_write+0x14>
10006e98:	2101      	movs	r1, #1
10006e9a:	4249      	negs	r1, r1
10006e9c:	f000 fb14 	bl	100074c8 <__mutex_enter_timeout_ms_veneer>
10006ea0:	8925      	ldrh	r5, [r4, #8]
10006ea2:	8920      	ldrh	r0, [r4, #8]
10006ea4:	8961      	ldrh	r1, [r4, #10]
10006ea6:	88a2      	ldrh	r2, [r4, #4]
10006ea8:	b2ad      	uxth	r5, r5
10006eaa:	b283      	uxth	r3, r0
10006eac:	b28f      	uxth	r7, r1
10006eae:	4288      	cmp	r0, r1
10006eb0:	d329      	bcc.n	10006f06 <tu_fifo_write+0x7a>
10006eb2:	1bdb      	subs	r3, r3, r7
10006eb4:	b29b      	uxth	r3, r3
10006eb6:	429a      	cmp	r2, r3
10006eb8:	d809      	bhi.n	10006ece <tu_fifo_write+0x42>
10006eba:	79e7      	ldrb	r7, [r4, #7]
10006ebc:	09ff      	lsrs	r7, r7, #7
10006ebe:	d106      	bne.n	10006ece <tu_fifo_write+0x42>
10006ec0:	68e0      	ldr	r0, [r4, #12]
10006ec2:	2800      	cmp	r0, #0
10006ec4:	d001      	beq.n	10006eca <tu_fifo_write+0x3e>
10006ec6:	f000 facf 	bl	10007468 <__mutex_exit_veneer>
10006eca:	0038      	movs	r0, r7
10006ecc:	bdf8      	pop	{r3, r4, r5, r6, r7, pc}
10006ece:	002b      	movs	r3, r5
10006ed0:	4295      	cmp	r5, r2
10006ed2:	d31d      	bcc.n	10006f10 <tu_fifo_write+0x84>
10006ed4:	1a9b      	subs	r3, r3, r2
10006ed6:	b29b      	uxth	r3, r3
10006ed8:	4293      	cmp	r3, r2
10006eda:	d2fb      	bcs.n	10006ed4 <tu_fifo_write+0x48>
10006edc:	88e2      	ldrh	r2, [r4, #6]
10006ede:	6820      	ldr	r0, [r4, #0]
10006ee0:	0452      	lsls	r2, r2, #17
10006ee2:	0c52      	lsrs	r2, r2, #17
10006ee4:	4353      	muls	r3, r2
10006ee6:	0031      	movs	r1, r6
10006ee8:	18c0      	adds	r0, r0, r3
10006eea:	f7fb fdb1 	bl	10002a50 <__wrap___aeabi_memcpy>
10006eee:	1c6b      	adds	r3, r5, #1
10006ef0:	b29b      	uxth	r3, r3
10006ef2:	88a2      	ldrh	r2, [r4, #4]
10006ef4:	429d      	cmp	r5, r3
10006ef6:	d917      	bls.n	10006f28 <tu_fifo_write+0x9c>
10006ef8:	2300      	movs	r3, #0
10006efa:	0052      	lsls	r2, r2, #1
10006efc:	1a9b      	subs	r3, r3, r2
10006efe:	b29b      	uxth	r3, r3
10006f00:	2701      	movs	r7, #1
10006f02:	8123      	strh	r3, [r4, #8]
10006f04:	e7dc      	b.n	10006ec0 <tu_fifo_write+0x34>
10006f06:	0051      	lsls	r1, r2, #1
10006f08:	1bc9      	subs	r1, r1, r7
10006f0a:	185b      	adds	r3, r3, r1
10006f0c:	b29b      	uxth	r3, r3
10006f0e:	e7d2      	b.n	10006eb6 <tu_fifo_write+0x2a>
10006f10:	88e2      	ldrh	r2, [r4, #6]
10006f12:	6820      	ldr	r0, [r4, #0]
10006f14:	0452      	lsls	r2, r2, #17
10006f16:	0c52      	lsrs	r2, r2, #17
10006f18:	4353      	muls	r3, r2
10006f1a:	0031      	movs	r1, r6
10006f1c:	18c0      	adds	r0, r0, r3
10006f1e:	f7fb fd97 	bl	10002a50 <__wrap___aeabi_memcpy>
10006f22:	3501      	adds	r5, #1
10006f24:	88a2      	ldrh	r2, [r4, #4]
10006f26:	b2ab      	uxth	r3, r5
10006f28:	0052      	lsls	r2, r2, #1
10006f2a:	4293      	cmp	r3, r2
10006f2c:	dbe8      	blt.n	10006f00 <tu_fifo_write+0x74>
10006f2e:	e7e5      	b.n	10006efc <tu_fifo_write+0x70>

10006f30 <tu_fifo_write_n>:
10006f30:	b5f0      	push	{r4, r5, r6, r7, lr}
10006f32:	464e      	mov	r6, r9
10006f34:	4657      	mov	r7, sl
10006f36:	46de      	mov	lr, fp
10006f38:	4645      	mov	r5, r8
10006f3a:	b5e0      	push	{r5, r6, r7, lr}
10006f3c:	4689      	mov	r9, r1
10006f3e:	0006      	movs	r6, r0
10006f40:	0017      	movs	r7, r2
10006f42:	b083      	sub	sp, #12
10006f44:	2a00      	cmp	r2, #0
10006f46:	d067      	beq.n	10007018 <tu_fifo_write_n+0xe8>
10006f48:	68c0      	ldr	r0, [r0, #12]
10006f4a:	2800      	cmp	r0, #0
10006f4c:	d003      	beq.n	10006f56 <tu_fifo_write_n+0x26>
10006f4e:	2101      	movs	r1, #1
10006f50:	4249      	negs	r1, r1
10006f52:	f000 fab9 	bl	100074c8 <__mutex_enter_timeout_ms_veneer>
10006f56:	8933      	ldrh	r3, [r6, #8]
10006f58:	79f2      	ldrb	r2, [r6, #7]
10006f5a:	b29b      	uxth	r3, r3
10006f5c:	4698      	mov	r8, r3
10006f5e:	8973      	ldrh	r3, [r6, #10]
10006f60:	88b5      	ldrh	r5, [r6, #4]
10006f62:	b29b      	uxth	r3, r3
10006f64:	09d2      	lsrs	r2, r2, #7
10006f66:	d140      	bne.n	10006fea <tu_fifo_write_n+0xba>
10006f68:	4598      	cmp	r8, r3
10006f6a:	d25e      	bcs.n	1000702a <tu_fifo_write_n+0xfa>
10006f6c:	006a      	lsls	r2, r5, #1
10006f6e:	1ad3      	subs	r3, r2, r3
10006f70:	4443      	add	r3, r8
10006f72:	b29b      	uxth	r3, r3
10006f74:	42ab      	cmp	r3, r5
10006f76:	d25d      	bcs.n	10007034 <tu_fifo_write_n+0x104>
10006f78:	1aeb      	subs	r3, r5, r3
10006f7a:	1c1a      	adds	r2, r3, #0
10006f7c:	b29b      	uxth	r3, r3
10006f7e:	42bb      	cmp	r3, r7
10006f80:	d900      	bls.n	10006f84 <tu_fifo_write_n+0x54>
10006f82:	1c3a      	adds	r2, r7, #0
10006f84:	b297      	uxth	r7, r2
10006f86:	1b7b      	subs	r3, r7, r5
10006f88:	b29b      	uxth	r3, r3
10006f8a:	9301      	str	r3, [sp, #4]
10006f8c:	88f3      	ldrh	r3, [r6, #6]
10006f8e:	045b      	lsls	r3, r3, #17
10006f90:	0c5b      	lsrs	r3, r3, #17
10006f92:	469a      	mov	sl, r3
10006f94:	4643      	mov	r3, r8
10006f96:	19db      	adds	r3, r3, r7
10006f98:	b29b      	uxth	r3, r3
10006f9a:	469b      	mov	fp, r3
10006f9c:	4644      	mov	r4, r8
10006f9e:	45a8      	cmp	r8, r5
10006fa0:	d303      	bcc.n	10006faa <tu_fifo_write_n+0x7a>
10006fa2:	1b64      	subs	r4, r4, r5
10006fa4:	b2a4      	uxth	r4, r4
10006fa6:	42ac      	cmp	r4, r5
10006fa8:	d2fb      	bcs.n	10006fa2 <tu_fifo_write_n+0x72>
10006faa:	4653      	mov	r3, sl
10006fac:	4363      	muls	r3, r4
10006fae:	6830      	ldr	r0, [r6, #0]
10006fb0:	1b2d      	subs	r5, r5, r4
10006fb2:	b2ad      	uxth	r5, r5
10006fb4:	18c0      	adds	r0, r0, r3
10006fb6:	42bd      	cmp	r5, r7
10006fb8:	d34b      	bcc.n	10007052 <tu_fifo_write_n+0x122>
10006fba:	4652      	mov	r2, sl
10006fbc:	4649      	mov	r1, r9
10006fbe:	437a      	muls	r2, r7
10006fc0:	f7fb fd46 	bl	10002a50 <__wrap___aeabi_memcpy>
10006fc4:	88b3      	ldrh	r3, [r6, #4]
10006fc6:	005b      	lsls	r3, r3, #1
10006fc8:	45d8      	cmp	r8, fp
10006fca:	d801      	bhi.n	10006fd0 <tu_fifo_write_n+0xa0>
10006fcc:	459b      	cmp	fp, r3
10006fce:	db03      	blt.n	10006fd8 <tu_fifo_write_n+0xa8>
10006fd0:	465a      	mov	r2, fp
10006fd2:	1ad3      	subs	r3, r2, r3
10006fd4:	b29b      	uxth	r3, r3
10006fd6:	469b      	mov	fp, r3
10006fd8:	465b      	mov	r3, fp
10006fda:	003d      	movs	r5, r7
10006fdc:	8133      	strh	r3, [r6, #8]
10006fde:	68f0      	ldr	r0, [r6, #12]
10006fe0:	2800      	cmp	r0, #0
10006fe2:	d01a      	beq.n	1000701a <tu_fifo_write_n+0xea>
10006fe4:	f000 fa40 	bl	10007468 <__mutex_exit_veneer>
10006fe8:	e017      	b.n	1000701a <tu_fifo_write_n+0xea>
10006fea:	88f2      	ldrh	r2, [r6, #6]
10006fec:	0452      	lsls	r2, r2, #17
10006fee:	0c52      	lsrs	r2, r2, #17
10006ff0:	4692      	mov	sl, r2
10006ff2:	42af      	cmp	r7, r5
10006ff4:	d220      	bcs.n	10007038 <tu_fifo_write_n+0x108>
10006ff6:	4598      	cmp	r8, r3
10006ff8:	d34d      	bcc.n	10007096 <tu_fifo_write_n+0x166>
10006ffa:	4642      	mov	r2, r8
10006ffc:	1ad2      	subs	r2, r2, r3
10006ffe:	b292      	uxth	r2, r2
10007000:	0069      	lsls	r1, r5, #1
10007002:	1b78      	subs	r0, r7, r5
10007004:	b280      	uxth	r0, r0
10007006:	19d2      	adds	r2, r2, r7
10007008:	9001      	str	r0, [sp, #4]
1000700a:	428a      	cmp	r2, r1
1000700c:	da33      	bge.n	10007076 <tu_fifo_write_n+0x146>
1000700e:	4643      	mov	r3, r8
10007010:	18fb      	adds	r3, r7, r3
10007012:	b29b      	uxth	r3, r3
10007014:	469b      	mov	fp, r3
10007016:	e7c1      	b.n	10006f9c <tu_fifo_write_n+0x6c>
10007018:	2500      	movs	r5, #0
1000701a:	0028      	movs	r0, r5
1000701c:	b003      	add	sp, #12
1000701e:	bcf0      	pop	{r4, r5, r6, r7}
10007020:	46bb      	mov	fp, r7
10007022:	46b2      	mov	sl, r6
10007024:	46a9      	mov	r9, r5
10007026:	46a0      	mov	r8, r4
10007028:	bdf0      	pop	{r4, r5, r6, r7, pc}
1000702a:	4642      	mov	r2, r8
1000702c:	1ad3      	subs	r3, r2, r3
1000702e:	b29b      	uxth	r3, r3
10007030:	42ab      	cmp	r3, r5
10007032:	d3a1      	bcc.n	10006f78 <tu_fifo_write_n+0x48>
10007034:	2500      	movs	r5, #0
10007036:	e7d2      	b.n	10006fde <tu_fifo_write_n+0xae>
10007038:	2d00      	cmp	r5, #0
1000703a:	d0d0      	beq.n	10006fde <tu_fifo_write_n+0xae>
1000703c:	1b7f      	subs	r7, r7, r5
1000703e:	4357      	muls	r7, r2
10007040:	4698      	mov	r8, r3
10007042:	195a      	adds	r2, r3, r5
10007044:	2300      	movs	r3, #0
10007046:	b292      	uxth	r2, r2
10007048:	44b9      	add	r9, r7
1000704a:	4693      	mov	fp, r2
1000704c:	002f      	movs	r7, r5
1000704e:	9301      	str	r3, [sp, #4]
10007050:	e7a4      	b.n	10006f9c <tu_fifo_write_n+0x6c>
10007052:	4653      	mov	r3, sl
10007054:	435d      	muls	r5, r3
10007056:	b2ad      	uxth	r5, r5
10007058:	002a      	movs	r2, r5
1000705a:	4649      	mov	r1, r9
1000705c:	f7fb fcf8 	bl	10002a50 <__wrap___aeabi_memcpy>
10007060:	9b01      	ldr	r3, [sp, #4]
10007062:	0029      	movs	r1, r5
10007064:	18e2      	adds	r2, r4, r3
10007066:	4653      	mov	r3, sl
10007068:	435a      	muls	r2, r3
1000706a:	6830      	ldr	r0, [r6, #0]
1000706c:	b292      	uxth	r2, r2
1000706e:	4449      	add	r1, r9
10007070:	f7fb fcee 	bl	10002a50 <__wrap___aeabi_memcpy>
10007074:	e7a6      	b.n	10006fc4 <tu_fifo_write_n+0x94>
10007076:	195a      	adds	r2, r3, r5
10007078:	b292      	uxth	r2, r2
1000707a:	4693      	mov	fp, r2
1000707c:	1bd2      	subs	r2, r2, r7
1000707e:	b292      	uxth	r2, r2
10007080:	4690      	mov	r8, r2
10007082:	4293      	cmp	r3, r2
10007084:	d90c      	bls.n	100070a0 <tu_fifo_write_n+0x170>
10007086:	4643      	mov	r3, r8
10007088:	1a59      	subs	r1, r3, r1
1000708a:	b28b      	uxth	r3, r1
1000708c:	4698      	mov	r8, r3
1000708e:	18fb      	adds	r3, r7, r3
10007090:	b29b      	uxth	r3, r3
10007092:	469b      	mov	fp, r3
10007094:	e782      	b.n	10006f9c <tu_fifo_write_n+0x6c>
10007096:	0069      	lsls	r1, r5, #1
10007098:	1aca      	subs	r2, r1, r3
1000709a:	4442      	add	r2, r8
1000709c:	b292      	uxth	r2, r2
1000709e:	e7b0      	b.n	10007002 <tu_fifo_write_n+0xd2>
100070a0:	4291      	cmp	r1, r2
100070a2:	dd00      	ble.n	100070a6 <tu_fifo_write_n+0x176>
100070a4:	e77a      	b.n	10006f9c <tu_fifo_write_n+0x6c>
100070a6:	e7ee      	b.n	10007086 <tu_fifo_write_n+0x156>

100070a8 <tu_fifo_clear>:
100070a8:	b510      	push	{r4, lr}
100070aa:	0004      	movs	r4, r0
100070ac:	68c0      	ldr	r0, [r0, #12]
100070ae:	2800      	cmp	r0, #0
100070b0:	d003      	beq.n	100070ba <tu_fifo_clear+0x12>
100070b2:	2101      	movs	r1, #1
100070b4:	4249      	negs	r1, r1
100070b6:	f000 fa07 	bl	100074c8 <__mutex_enter_timeout_ms_veneer>
100070ba:	6920      	ldr	r0, [r4, #16]
100070bc:	2800      	cmp	r0, #0
100070be:	d003      	beq.n	100070c8 <tu_fifo_clear+0x20>
100070c0:	2101      	movs	r1, #1
100070c2:	4249      	negs	r1, r1
100070c4:	f000 fa00 	bl	100074c8 <__mutex_enter_timeout_ms_veneer>
100070c8:	2300      	movs	r3, #0
100070ca:	68e0      	ldr	r0, [r4, #12]
100070cc:	8163      	strh	r3, [r4, #10]
100070ce:	8123      	strh	r3, [r4, #8]
100070d0:	2800      	cmp	r0, #0
100070d2:	d001      	beq.n	100070d8 <tu_fifo_clear+0x30>
100070d4:	f000 f9c8 	bl	10007468 <__mutex_exit_veneer>
100070d8:	6920      	ldr	r0, [r4, #16]
100070da:	2800      	cmp	r0, #0
100070dc:	d001      	beq.n	100070e2 <tu_fifo_clear+0x3a>
100070de:	f000 f9c3 	bl	10007468 <__mutex_exit_veneer>
100070e2:	2001      	movs	r0, #1
100070e4:	bd10      	pop	{r4, pc}
100070e6:	46c0      	nop			@ (mov r8, r8)

100070e8 <tu_fifo_set_overwritable>:
100070e8:	b570      	push	{r4, r5, r6, lr}
100070ea:	0004      	movs	r4, r0
100070ec:	68c0      	ldr	r0, [r0, #12]
100070ee:	000d      	movs	r5, r1
100070f0:	2800      	cmp	r0, #0
100070f2:	d003      	beq.n	100070fc <tu_fifo_set_overwritable+0x14>
100070f4:	2101      	movs	r1, #1
100070f6:	4249      	negs	r1, r1
100070f8:	f000 f9e6 	bl	100074c8 <__mutex_enter_timeout_ms_veneer>
100070fc:	6920      	ldr	r0, [r4, #16]
100070fe:	2800      	cmp	r0, #0
10007100:	d003      	beq.n	1000710a <tu_fifo_set_overwritable+0x22>
10007102:	2101      	movs	r1, #1
10007104:	4249      	negs	r1, r1
10007106:	f000 f9df 	bl	100074c8 <__mutex_enter_timeout_ms_veneer>
1000710a:	217f      	movs	r1, #127	@ 0x7f
1000710c:	79e3      	ldrb	r3, [r4, #7]
1000710e:	01ed      	lsls	r5, r5, #7
10007110:	4019      	ands	r1, r3
10007112:	68e0      	ldr	r0, [r4, #12]
10007114:	4329      	orrs	r1, r5
10007116:	71e1      	strb	r1, [r4, #7]
10007118:	2800      	cmp	r0, #0
1000711a:	d001      	beq.n	10007120 <tu_fifo_set_overwritable+0x38>
1000711c:	f000 f9a4 	bl	10007468 <__mutex_exit_veneer>
10007120:	6920      	ldr	r0, [r4, #16]
10007122:	2800      	cmp	r0, #0
10007124:	d001      	beq.n	1000712a <tu_fifo_set_overwritable+0x42>
10007126:	f000 f99f 	bl	10007468 <__mutex_exit_veneer>
1000712a:	2001      	movs	r0, #1
1000712c:	bd70      	pop	{r4, r5, r6, pc}
1000712e:	46c0      	nop			@ (mov r8, r8)

10007130 <i2c_read_blocking_internal.constprop.0>:
10007130:	b5f0      	push	{r4, r5, r6, r7, lr}
10007132:	46de      	mov	lr, fp
10007134:	4657      	mov	r7, sl
10007136:	464e      	mov	r6, r9
10007138:	4645      	mov	r5, r8
1000713a:	b5e0      	push	{r5, r6, r7, lr}
1000713c:	0007      	movs	r7, r0
1000713e:	b083      	sub	sp, #12
10007140:	a80c      	add	r0, sp, #48	@ 0x30
10007142:	9201      	str	r2, [sp, #4]
10007144:	7802      	ldrb	r2, [r0, #0]
10007146:	2000      	movs	r0, #0
10007148:	683c      	ldr	r4, [r7, #0]
1000714a:	469b      	mov	fp, r3
1000714c:	66e0      	str	r0, [r4, #108]	@ 0x6c
1000714e:	6061      	str	r1, [r4, #4]
10007150:	2101      	movs	r1, #1
10007152:	4691      	mov	r9, r2
10007154:	66e1      	str	r1, [r4, #108]	@ 0x6c
10007156:	2b00      	cmp	r3, #0
10007158:	dd34      	ble.n	100071c4 <i2c_read_blocking_internal.constprop.0+0x94>
1000715a:	1e5a      	subs	r2, r3, #1
1000715c:	4690      	mov	r8, r2
1000715e:	2280      	movs	r2, #128	@ 0x80
10007160:	0052      	lsls	r2, r2, #1
10007162:	4694      	mov	ip, r2
10007164:	2680      	movs	r6, #128	@ 0x80
10007166:	2540      	movs	r5, #64	@ 0x40
10007168:	6f61      	ldr	r1, [r4, #116]	@ 0x74
1000716a:	2910      	cmp	r1, #16
1000716c:	d0fc      	beq.n	10007168 <i2c_read_blocking_internal.constprop.0+0x38>
1000716e:	2100      	movs	r1, #0
10007170:	2800      	cmp	r0, #0
10007172:	d101      	bne.n	10007178 <i2c_read_blocking_internal.constprop.0+0x48>
10007174:	7939      	ldrb	r1, [r7, #4]
10007176:	0289      	lsls	r1, r1, #10
10007178:	4540      	cmp	r0, r8
1000717a:	d01d      	beq.n	100071b8 <i2c_read_blocking_internal.constprop.0+0x88>
1000717c:	4662      	mov	r2, ip
1000717e:	4311      	orrs	r1, r2
10007180:	6121      	str	r1, [r4, #16]
10007182:	59a1      	ldr	r1, [r4, r6]
10007184:	6b61      	ldr	r1, [r4, #52]	@ 0x34
10007186:	420d      	tst	r5, r1
10007188:	d00b      	beq.n	100071a2 <i2c_read_blocking_internal.constprop.0+0x72>
1000718a:	2001      	movs	r0, #1
1000718c:	6d63      	ldr	r3, [r4, #84]	@ 0x54
1000718e:	4240      	negs	r0, r0
10007190:	464b      	mov	r3, r9
10007192:	713b      	strb	r3, [r7, #4]
10007194:	b003      	add	sp, #12
10007196:	bcf0      	pop	{r4, r5, r6, r7}
10007198:	46bb      	mov	fp, r7
1000719a:	46b2      	mov	sl, r6
1000719c:	46a9      	mov	r9, r5
1000719e:	46a0      	mov	r8, r4
100071a0:	bdf0      	pop	{r4, r5, r6, r7, pc}
100071a2:	6fa1      	ldr	r1, [r4, #120]	@ 0x78
100071a4:	2900      	cmp	r1, #0
100071a6:	d0ec      	beq.n	10007182 <i2c_read_blocking_internal.constprop.0+0x52>
100071a8:	6921      	ldr	r1, [r4, #16]
100071aa:	9b01      	ldr	r3, [sp, #4]
100071ac:	5419      	strb	r1, [r3, r0]
100071ae:	3001      	adds	r0, #1
100071b0:	4583      	cmp	fp, r0
100071b2:	d0ed      	beq.n	10007190 <i2c_read_blocking_internal.constprop.0+0x60>
100071b4:	683c      	ldr	r4, [r7, #0]
100071b6:	e7d7      	b.n	10007168 <i2c_read_blocking_internal.constprop.0+0x38>
100071b8:	464b      	mov	r3, r9
100071ba:	2201      	movs	r2, #1
100071bc:	405a      	eors	r2, r3
100071be:	0253      	lsls	r3, r2, #9
100071c0:	4319      	orrs	r1, r3
100071c2:	e7db      	b.n	1000717c <i2c_read_blocking_internal.constprop.0+0x4c>
100071c4:	2000      	movs	r0, #0
100071c6:	e7e3      	b.n	10007190 <i2c_read_blocking_internal.constprop.0+0x60>

100071c8 <i2c_write_blocking_internal.constprop.0>:
100071c8:	b5f0      	push	{r4, r5, r6, r7, lr}
100071ca:	46de      	mov	lr, fp
100071cc:	4657      	mov	r7, sl
100071ce:	464e      	mov	r6, r9
100071d0:	4645      	mov	r5, r8
100071d2:	4690      	mov	r8, r2
100071d4:	2200      	movs	r2, #0
100071d6:	b5e0      	push	{r5, r6, r7, lr}
100071d8:	b085      	sub	sp, #20
100071da:	001e      	movs	r6, r3
100071dc:	ab0e      	add	r3, sp, #56	@ 0x38
100071de:	781b      	ldrb	r3, [r3, #0]
100071e0:	0007      	movs	r7, r0
100071e2:	469b      	mov	fp, r3
100071e4:	6803      	ldr	r3, [r0, #0]
100071e6:	66da      	str	r2, [r3, #108]	@ 0x6c
100071e8:	3201      	adds	r2, #1
100071ea:	6059      	str	r1, [r3, #4]
100071ec:	66da      	str	r2, [r3, #108]	@ 0x6c
100071ee:	2e00      	cmp	r6, #0
100071f0:	dd60      	ble.n	100072b4 <i2c_write_blocking_internal.constprop.0+0xec>
100071f2:	7902      	ldrb	r2, [r0, #4]
100071f4:	4659      	mov	r1, fp
100071f6:	0292      	lsls	r2, r2, #10
100071f8:	4692      	mov	sl, r2
100071fa:	2201      	movs	r2, #1
100071fc:	404a      	eors	r2, r1
100071fe:	0252      	lsls	r2, r2, #9
10007200:	4694      	mov	ip, r2
10007202:	2280      	movs	r2, #128	@ 0x80
10007204:	4691      	mov	r9, r2
10007206:	465a      	mov	r2, fp
10007208:	2480      	movs	r4, #128	@ 0x80
1000720a:	9203      	str	r2, [sp, #12]
1000720c:	4662      	mov	r2, ip
1000720e:	46bb      	mov	fp, r7
10007210:	2000      	movs	r0, #0
10007212:	2110      	movs	r1, #16
10007214:	4647      	mov	r7, r8
10007216:	46b4      	mov	ip, r6
10007218:	1e75      	subs	r5, r6, #1
1000721a:	00a4      	lsls	r4, r4, #2
1000721c:	9201      	str	r2, [sp, #4]
1000721e:	1b42      	subs	r2, r0, r5
10007220:	0016      	movs	r6, r2
10007222:	4272      	negs	r2, r6
10007224:	4172      	adcs	r2, r6
10007226:	9e01      	ldr	r6, [sp, #4]
10007228:	4252      	negs	r2, r2
1000722a:	4016      	ands	r6, r2
1000722c:	9602      	str	r6, [sp, #8]
1000722e:	5c3e      	ldrb	r6, [r7, r0]
10007230:	46b0      	mov	r8, r6
10007232:	4656      	mov	r6, sl
10007234:	4642      	mov	r2, r8
10007236:	4316      	orrs	r6, r2
10007238:	0032      	movs	r2, r6
1000723a:	9e02      	ldr	r6, [sp, #8]
1000723c:	4316      	orrs	r6, r2
1000723e:	611e      	str	r6, [r3, #16]
10007240:	9e01      	ldr	r6, [sp, #4]
10007242:	6b5a      	ldr	r2, [r3, #52]	@ 0x34
10007244:	4211      	tst	r1, r2
10007246:	d0fc      	beq.n	10007242 <i2c_write_blocking_internal.constprop.0+0x7a>
10007248:	464a      	mov	r2, r9
1000724a:	589a      	ldr	r2, [r3, r2]
1000724c:	9601      	str	r6, [sp, #4]
1000724e:	4692      	mov	sl, r2
10007250:	2a00      	cmp	r2, #0
10007252:	d10a      	bne.n	1000726a <i2c_write_blocking_internal.constprop.0+0xa2>
10007254:	42a8      	cmp	r0, r5
10007256:	d028      	beq.n	100072aa <i2c_write_blocking_internal.constprop.0+0xe2>
10007258:	2200      	movs	r2, #0
1000725a:	3001      	adds	r0, #1
1000725c:	4692      	mov	sl, r2
1000725e:	4584      	cmp	ip, r0
10007260:	d1dd      	bne.n	1000721e <i2c_write_blocking_internal.constprop.0+0x56>
10007262:	9b03      	ldr	r3, [sp, #12]
10007264:	465f      	mov	r7, fp
10007266:	469b      	mov	fp, r3
10007268:	e016      	b.n	10007298 <i2c_write_blocking_internal.constprop.0+0xd0>
1000726a:	6d5a      	ldr	r2, [r3, #84]	@ 0x54
1000726c:	2201      	movs	r2, #1
1000726e:	4690      	mov	r8, r2
10007270:	6b5a      	ldr	r2, [r3, #52]	@ 0x34
10007272:	4222      	tst	r2, r4
10007274:	d0fc      	beq.n	10007270 <i2c_write_blocking_internal.constprop.0+0xa8>
10007276:	6e1a      	ldr	r2, [r3, #96]	@ 0x60
10007278:	4642      	mov	r2, r8
1000727a:	9601      	str	r6, [sp, #4]
1000727c:	2a00      	cmp	r2, #0
1000727e:	d0eb      	beq.n	10007258 <i2c_write_blocking_internal.constprop.0+0x90>
10007280:	9b03      	ldr	r3, [sp, #12]
10007282:	465f      	mov	r7, fp
10007284:	469b      	mov	fp, r3
10007286:	4653      	mov	r3, sl
10007288:	2b00      	cmp	r3, #0
1000728a:	d015      	beq.n	100072b8 <i2c_write_blocking_internal.constprop.0+0xf0>
1000728c:	4653      	mov	r3, sl
1000728e:	07db      	lsls	r3, r3, #31
10007290:	d412      	bmi.n	100072b8 <i2c_write_blocking_internal.constprop.0+0xf0>
10007292:	4653      	mov	r3, sl
10007294:	071b      	lsls	r3, r3, #28
10007296:	d50f      	bpl.n	100072b8 <i2c_write_blocking_internal.constprop.0+0xf0>
10007298:	465b      	mov	r3, fp
1000729a:	713b      	strb	r3, [r7, #4]
1000729c:	b005      	add	sp, #20
1000729e:	bcf0      	pop	{r4, r5, r6, r7}
100072a0:	46bb      	mov	fp, r7
100072a2:	46b2      	mov	sl, r6
100072a4:	46a9      	mov	r9, r5
100072a6:	46a0      	mov	r8, r4
100072a8:	bdf0      	pop	{r4, r5, r6, r7, pc}
100072aa:	9a03      	ldr	r2, [sp, #12]
100072ac:	2a00      	cmp	r2, #0
100072ae:	d1d3      	bne.n	10007258 <i2c_write_blocking_internal.constprop.0+0x90>
100072b0:	4690      	mov	r8, r2
100072b2:	e7dd      	b.n	10007270 <i2c_write_blocking_internal.constprop.0+0xa8>
100072b4:	2000      	movs	r0, #0
100072b6:	e7ef      	b.n	10007298 <i2c_write_blocking_internal.constprop.0+0xd0>
100072b8:	2001      	movs	r0, #1
100072ba:	4240      	negs	r0, r0
100072bc:	e7ec      	b.n	10007298 <i2c_write_blocking_internal.constprop.0+0xd0>
100072be:	46c0      	nop			@ (mov r8, r8)

100072c0 <i2c_set_baudrate>:
100072c0:	b5f8      	push	{r3, r4, r5, r6, r7, lr}
100072c2:	46de      	mov	lr, fp
100072c4:	4657      	mov	r7, sl
100072c6:	464e      	mov	r6, r9
100072c8:	4645      	mov	r5, r8
100072ca:	4683      	mov	fp, r0
100072cc:	b5e0      	push	{r5, r6, r7, lr}
100072ce:	2005      	movs	r0, #5
100072d0:	000c      	movs	r4, r1
100072d2:	f7fa fd0d 	bl	10001cf0 <clock_get_hz>
100072d6:	0006      	movs	r6, r0
100072d8:	0860      	lsrs	r0, r4, #1
100072da:	0021      	movs	r1, r4
100072dc:	1980      	adds	r0, r0, r6
100072de:	f7fa ff61 	bl	100021a4 <__wrap___aeabi_uidiv>
100072e2:	0043      	lsls	r3, r0, #1
100072e4:	4698      	mov	r8, r3
100072e6:	4480      	add	r8, r0
100072e8:	0007      	movs	r7, r0
100072ea:	2105      	movs	r1, #5
100072ec:	4640      	mov	r0, r8
100072ee:	f7fa ff59 	bl	100021a4 <__wrap___aeabi_uidiv>
100072f2:	1a3b      	subs	r3, r7, r0
100072f4:	469a      	mov	sl, r3
100072f6:	4b1e      	ldr	r3, [pc, #120]	@ (10007370 <i2c_set_baudrate+0xb0>)
100072f8:	4681      	mov	r9, r0
100072fa:	0070      	lsls	r0, r6, #1
100072fc:	1980      	adds	r0, r0, r6
100072fe:	429c      	cmp	r4, r3
10007300:	d831      	bhi.n	10007366 <i2c_set_baudrate+0xa6>
10007302:	491c      	ldr	r1, [pc, #112]	@ (10007374 <i2c_set_baudrate+0xb4>)
10007304:	f7fa ff4e 	bl	100021a4 <__wrap___aeabi_uidiv>
10007308:	1c45      	adds	r5, r0, #1
1000730a:	465b      	mov	r3, fp
1000730c:	681c      	ldr	r4, [r3, #0]
1000730e:	2300      	movs	r3, #0
10007310:	66e3      	str	r3, [r4, #108]	@ 0x6c
10007312:	6822      	ldr	r2, [r4, #0]
10007314:	3304      	adds	r3, #4
10007316:	405a      	eors	r2, r3
10007318:	3302      	adds	r3, #2
1000731a:	4013      	ands	r3, r2
1000731c:	2280      	movs	r2, #128	@ 0x80
1000731e:	0152      	lsls	r2, r2, #5
10007320:	18a2      	adds	r2, r4, r2
10007322:	6013      	str	r3, [r2, #0]
10007324:	4653      	mov	r3, sl
10007326:	61e3      	str	r3, [r4, #28]
10007328:	464b      	mov	r3, r9
1000732a:	6223      	str	r3, [r4, #32]
1000732c:	4643      	mov	r3, r8
1000732e:	2001      	movs	r0, #1
10007330:	2b4f      	cmp	r3, #79	@ 0x4f
10007332:	d903      	bls.n	1000733c <i2c_set_baudrate+0x7c>
10007334:	2150      	movs	r1, #80	@ 0x50
10007336:	4640      	mov	r0, r8
10007338:	f7fa ff34 	bl	100021a4 <__wrap___aeabi_uidiv>
1000733c:	23a0      	movs	r3, #160	@ 0xa0
1000733e:	50e0      	str	r0, [r4, r3]
10007340:	6fe3      	ldr	r3, [r4, #124]	@ 0x7c
10007342:	0039      	movs	r1, r7
10007344:	405d      	eors	r5, r3
10007346:	4b0c      	ldr	r3, [pc, #48]	@ (10007378 <i2c_set_baudrate+0xb8>)
10007348:	042d      	lsls	r5, r5, #16
1000734a:	0c2d      	lsrs	r5, r5, #16
1000734c:	18e3      	adds	r3, r4, r3
1000734e:	601d      	str	r5, [r3, #0]
10007350:	2301      	movs	r3, #1
10007352:	0030      	movs	r0, r6
10007354:	66e3      	str	r3, [r4, #108]	@ 0x6c
10007356:	f7fa ff25 	bl	100021a4 <__wrap___aeabi_uidiv>
1000735a:	bcf0      	pop	{r4, r5, r6, r7}
1000735c:	46bb      	mov	fp, r7
1000735e:	46b2      	mov	sl, r6
10007360:	46a9      	mov	r9, r5
10007362:	46a0      	mov	r8, r4
10007364:	bdf8      	pop	{r3, r4, r5, r6, r7, pc}
10007366:	4905      	ldr	r1, [pc, #20]	@ (1000737c <i2c_set_baudrate+0xbc>)
10007368:	f7fa ff1c 	bl	100021a4 <__wrap___aeabi_uidiv>
1000736c:	1c45      	adds	r5, r0, #1
1000736e:	e7cc      	b.n	1000730a <i2c_set_baudrate+0x4a>
10007370:	000f423f 	.word	0x000f423f
10007374:	00989680 	.word	0x00989680
10007378:	0000107c 	.word	0x0000107c
1000737c:	017d7840 	.word	0x017d7840

10007380 <i2c_init>:
10007380:	4a0f      	ldr	r2, [pc, #60]	@ (100073c0 <i2c_init+0x40>)
10007382:	b570      	push	{r4, r5, r6, lr}
10007384:	1a82      	subs	r2, r0, r2
10007386:	1e53      	subs	r3, r2, #1
10007388:	419a      	sbcs	r2, r3
1000738a:	4b0e      	ldr	r3, [pc, #56]	@ (100073c4 <i2c_init+0x44>)
1000738c:	00d2      	lsls	r2, r2, #3
1000738e:	3208      	adds	r2, #8
10007390:	601a      	str	r2, [r3, #0]
10007392:	4b0d      	ldr	r3, [pc, #52]	@ (100073c8 <i2c_init+0x48>)
10007394:	4c0d      	ldr	r4, [pc, #52]	@ (100073cc <i2c_init+0x4c>)
10007396:	601a      	str	r2, [r3, #0]
10007398:	0015      	movs	r5, r2
1000739a:	6823      	ldr	r3, [r4, #0]
1000739c:	439d      	bics	r5, r3
1000739e:	1e2b      	subs	r3, r5, #0
100073a0:	d1fa      	bne.n	10007398 <i2c_init+0x18>
100073a2:	2466      	movs	r4, #102	@ 0x66
100073a4:	6802      	ldr	r2, [r0, #0]
100073a6:	34ff      	adds	r4, #255	@ 0xff
100073a8:	7105      	strb	r5, [r0, #4]
100073aa:	66d5      	str	r5, [r2, #108]	@ 0x6c
100073ac:	6014      	str	r4, [r2, #0]
100073ae:	3c63      	subs	r4, #99	@ 0x63
100073b0:	3388      	adds	r3, #136	@ 0x88
100073b2:	3cff      	subs	r4, #255	@ 0xff
100073b4:	63d5      	str	r5, [r2, #60]	@ 0x3c
100073b6:	6395      	str	r5, [r2, #56]	@ 0x38
100073b8:	50d4      	str	r4, [r2, r3]
100073ba:	f7ff ff81 	bl	100072c0 <i2c_set_baudrate>
100073be:	bd70      	pop	{r4, r5, r6, pc}
100073c0:	200010c0 	.word	0x200010c0
100073c4:	4000e000 	.word	0x4000e000
100073c8:	4000f000 	.word	0x4000f000
100073cc:	4000c008 	.word	0x4000c008

100073d0 <i2c_write_blocking>:
100073d0:	b510      	push	{r4, lr}
100073d2:	b082      	sub	sp, #8
100073d4:	466c      	mov	r4, sp
100073d6:	7c24      	ldrb	r4, [r4, #16]
100073d8:	9400      	str	r4, [sp, #0]
100073da:	f7ff fef5 	bl	100071c8 <i2c_write_blocking_internal.constprop.0>
100073de:	b002      	add	sp, #8
100073e0:	bd10      	pop	{r4, pc}
100073e2:	46c0      	nop			@ (mov r8, r8)

100073e4 <i2c_read_blocking>:
100073e4:	b510      	push	{r4, lr}
100073e6:	b082      	sub	sp, #8
100073e8:	466c      	mov	r4, sp
100073ea:	7c24      	ldrb	r4, [r4, #16]
100073ec:	9400      	str	r4, [sp, #0]
100073ee:	f7ff fe9f 	bl	10007130 <i2c_read_blocking_internal.constprop.0>
100073f2:	b002      	add	sp, #8
100073f4:	bd10      	pop	{r4, pc}
100073f6:	46c0      	nop			@ (mov r8, r8)

100073f8 <strlen>:
100073f8:	b510      	push	{r4, lr}
100073fa:	0783      	lsls	r3, r0, #30
100073fc:	d00a      	beq.n	10007414 <strlen+0x1c>
100073fe:	0003      	movs	r3, r0
10007400:	2103      	movs	r1, #3
10007402:	e002      	b.n	1000740a <strlen+0x12>
10007404:	3301      	adds	r3, #1
10007406:	420b      	tst	r3, r1
10007408:	d005      	beq.n	10007416 <strlen+0x1e>
1000740a:	781a      	ldrb	r2, [r3, #0]
1000740c:	2a00      	cmp	r2, #0
1000740e:	d1f9      	bne.n	10007404 <strlen+0xc>
10007410:	1a18      	subs	r0, r3, r0
10007412:	bd10      	pop	{r4, pc}
10007414:	0003      	movs	r3, r0
10007416:	6819      	ldr	r1, [r3, #0]
10007418:	4a0c      	ldr	r2, [pc, #48]	@ (1000744c <strlen+0x54>)
1000741a:	4c0d      	ldr	r4, [pc, #52]	@ (10007450 <strlen+0x58>)
1000741c:	188a      	adds	r2, r1, r2
1000741e:	438a      	bics	r2, r1
10007420:	4222      	tst	r2, r4
10007422:	d10f      	bne.n	10007444 <strlen+0x4c>
10007424:	6859      	ldr	r1, [r3, #4]
10007426:	4a09      	ldr	r2, [pc, #36]	@ (1000744c <strlen+0x54>)
10007428:	3304      	adds	r3, #4
1000742a:	188a      	adds	r2, r1, r2
1000742c:	438a      	bics	r2, r1
1000742e:	4222      	tst	r2, r4
10007430:	d108      	bne.n	10007444 <strlen+0x4c>
10007432:	6859      	ldr	r1, [r3, #4]
10007434:	4a05      	ldr	r2, [pc, #20]	@ (1000744c <strlen+0x54>)
10007436:	3304      	adds	r3, #4
10007438:	188a      	adds	r2, r1, r2
1000743a:	438a      	bics	r2, r1
1000743c:	4222      	tst	r2, r4
1000743e:	d0f1      	beq.n	10007424 <strlen+0x2c>
10007440:	e000      	b.n	10007444 <strlen+0x4c>
10007442:	3301      	adds	r3, #1
10007444:	781a      	ldrb	r2, [r3, #0]
10007446:	2a00      	cmp	r2, #0
10007448:	d1fb      	bne.n	10007442 <strlen+0x4a>
1000744a:	e7e1      	b.n	10007410 <strlen+0x18>
1000744c:	fefefeff 	.word	0xfefefeff
10007450:	80808080 	.word	0x80808080

10007454 <_fini>:
10007454:	b5f8      	push	{r3, r4, r5, r6, r7, lr}
10007456:	46c0      	nop			@ (mov r8, r8)

10007458 <__flash_do_cmd_veneer>:
10007458:	b401      	push	{r0}
1000745a:	4802      	ldr	r0, [pc, #8]	@ (10007464 <__flash_do_cmd_veneer+0xc>)
1000745c:	4684      	mov	ip, r0
1000745e:	bc01      	pop	{r0}
10007460:	4760      	bx	ip
10007462:	bf00      	nop
10007464:	20000301 	.word	0x20000301

10007468 <__mutex_exit_veneer>:
10007468:	b401      	push	{r0}
1000746a:	4802      	ldr	r0, [pc, #8]	@ (10007474 <__mutex_exit_veneer+0xc>)
1000746c:	4684      	mov	ip, r0
1000746e:	bc01      	pop	{r0}
10007470:	4760      	bx	ip
10007472:	bf00      	nop
10007474:	20000225 	.word	0x20000225

10007478 <____aeabi_ldiv0_veneer>:
10007478:	b401      	push	{r0}
1000747a:	4802      	ldr	r0, [pc, #8]	@ (10007484 <____aeabi_ldiv0_veneer+0xc>)
1000747c:	4684      	mov	ip, r0
1000747e:	bc01      	pop	{r0}
10007480:	4760      	bx	ip
10007482:	bf00      	nop
10007484:	20000f5d 	.word	0x20000f5d

10007488 <__reset_non_control_endpoints_veneer>:
10007488:	b401      	push	{r0}
1000748a:	4802      	ldr	r0, [pc, #8]	@ (10007494 <__reset_non_control_endpoints_veneer+0xc>)
1000748c:	4684      	mov	ip, r0
1000748e:	bc01      	pop	{r0}
10007490:	4760      	bx	ip
10007492:	bf00      	nop
10007494:	2000043d 	.word	0x2000043d

10007498 <____aeabi_idiv0_veneer>:
10007498:	b401      	push	{r0}
1000749a:	4802      	ldr	r0, [pc, #8]	@ (100074a4 <____aeabi_idiv0_veneer+0xc>)
1000749c:	4684      	mov	ip, r0
1000749e:	bc01      	pop	{r0}
100074a0:	4760      	bx	ip
100074a2:	bf00      	nop
100074a4:	20000f5d 	.word	0x20000f5d

100074a8 <__e15_is_bulkin_ep_veneer>:
100074a8:	b401      	push	{r0}
100074aa:	4802      	ldr	r0, [pc, #8]	@ (100074b4 <__e15_is_bulkin_ep_veneer+0xc>)
100074ac:	4684      	mov	ip, r0
100074ae:	bc01      	pop	{r0}
100074b0:	4760      	bx	ip
100074b2:	bf00      	nop
100074b4:	20000c19 	.word	0x20000c19

100074b8 <__mutex_try_enter_veneer>:
100074b8:	b401      	push	{r0}
100074ba:	4802      	ldr	r0, [pc, #8]	@ (100074c4 <__mutex_try_enter_veneer+0xc>)
100074bc:	4684      	mov	ip, r0
100074be:	bc01      	pop	{r0}
100074c0:	4760      	bx	ip
100074c2:	bf00      	nop
100074c4:	200000c1 	.word	0x200000c1

100074c8 <__mutex_enter_timeout_ms_veneer>:
100074c8:	b401      	push	{r0}
100074ca:	4802      	ldr	r0, [pc, #8]	@ (100074d4 <__mutex_enter_timeout_ms_veneer+0xc>)
100074cc:	4684      	mov	ip, r0
100074ce:	bc01      	pop	{r0}
100074d0:	4760      	bx	ip
100074d2:	bf00      	nop
100074d4:	20000199 	.word	0x20000199

100074d8 <__mutex_try_enter_block_until_veneer>:
100074d8:	b401      	push	{r0}
100074da:	4802      	ldr	r0, [pc, #8]	@ (100074e4 <__mutex_try_enter_block_until_veneer+0xc>)
100074dc:	4684      	mov	ip, r0
100074de:	bc01      	pop	{r0}
100074e0:	4760      	bx	ip
100074e2:	bf00      	nop
100074e4:	20000101 	.word	0x20000101

100074e8 <__hw_endpoint_start_next_buffer_veneer>:
100074e8:	b401      	push	{r0}
100074ea:	4802      	ldr	r0, [pc, #8]	@ (100074f4 <__hw_endpoint_start_next_buffer_veneer+0xc>)
100074ec:	4684      	mov	ip, r0
100074ee:	bc01      	pop	{r0}
100074f0:	4760      	bx	ip
100074f2:	bf00      	nop
100074f4:	20000cd1 	.word	0x20000cd1

100074f8 <__e15_is_critical_frame_period_veneer>:
100074f8:	b401      	push	{r0}
100074fa:	4802      	ldr	r0, [pc, #8]	@ (10007504 <__e15_is_critical_frame_period_veneer+0xc>)
100074fc:	4684      	mov	ip, r0
100074fe:	bc01      	pop	{r0}
10007500:	4760      	bx	ip
10007502:	bf00      	nop
10007504:	20000c41 	.word	0x20000c41

10007508 <___hw_endpoint_buffer_control_update32_veneer>:
10007508:	b401      	push	{r0}
1000750a:	4802      	ldr	r0, [pc, #8]	@ (10007514 <___hw_endpoint_buffer_control_update32_veneer+0xc>)
1000750c:	4684      	mov	ip, r0
1000750e:	bc01      	pop	{r0}
10007510:	4760      	bx	ip
10007512:	bf00      	nop
10007514:	20000c81 	.word	0x20000c81

10007518 <__pre_init_runtime_init_early_resets>:
10007518:	10001f35                                5...

1000751c <__pre_init_runtime_init_usb_power_down>:
1000751c:	10001f61 10002145 10002a35 100027cd     a...E!..5*...'..
1000752c:	100029d9                                .)..

10007530 <__pre_init_runtime_init_clocks>:
10007530:	1000206d                                m ..

10007534 <__pre_init_runtime_init_post_clock_resets>:
10007534:	10001f7d                                }...

10007538 <__pre_init_runtime_init_rp2040_gpio_ie_disable>:
10007538:	10001f9d                                ....

1000753c <__pre_init_runtime_init_spin_locks_reset>:
1000753c:	10001fb1                                ....

10007540 <__pre_init_runtime_init_mutex>:
10007540:	10001085                                ....

10007544 <__pre_init_runtime_init_install_ram_vector_table>:
10007544:	10001fb9                                ....

10007548 <__pre_init_runtime_init_default_alarm_pool>:
10007548:	10001451                                Q...

1000754c <__pre_init_first_per_core_initializer>:
1000754c:	10001efd                                ....

10007550 <__pre_init_runtime_init_per_core_irq_priorities>:
10007550:	10000ae5                                ....

10007554 <__init_array_start>:
10007554:	10004f25 	.word	0x10004f25

10007558 <__frame_dummy_init_array_entry>:
10007558:	100002b1                                ....

Disassembly of section .data:

200000c0 <mutex_try_enter>:
200000c0:	0003      	movs	r3, r0
200000c2:	6800      	ldr	r0, [r0, #0]
200000c4:	f3ef 8c10 	mrs	ip, PRIMASK
200000c8:	b672      	cpsid	i
200000ca:	6802      	ldr	r2, [r0, #0]
200000cc:	2a00      	cmp	r2, #0
200000ce:	d0fc      	beq.n	200000ca <mutex_try_enter+0xa>
200000d0:	f3bf 8f5f 	dmb	sy
200000d4:	2204      	movs	r2, #4
200000d6:	569a      	ldrsb	r2, [r3, r2]
200000d8:	2a00      	cmp	r2, #0
200000da:	db0b      	blt.n	200000f4 <mutex_try_enter+0x34>
200000dc:	2900      	cmp	r1, #0
200000de:	d000      	beq.n	200000e2 <mutex_try_enter+0x22>
200000e0:	600a      	str	r2, [r1, #0]
200000e2:	2000      	movs	r0, #0
200000e4:	681b      	ldr	r3, [r3, #0]
200000e6:	f3bf 8f5f 	dmb	sy
200000ea:	2200      	movs	r2, #0
200000ec:	601a      	str	r2, [r3, #0]
200000ee:	f38c 8810 	msr	PRIMASK, ip
200000f2:	4770      	bx	lr
200000f4:	22d0      	movs	r2, #208	@ 0xd0
200000f6:	0612      	lsls	r2, r2, #24
200000f8:	6812      	ldr	r2, [r2, #0]
200000fa:	2001      	movs	r0, #1
200000fc:	711a      	strb	r2, [r3, #4]
200000fe:	e7f1      	b.n	200000e4 <mutex_try_enter+0x24>

20000100 <mutex_try_enter_block_until>:
20000100:	b5f0      	push	{r4, r5, r6, r7, lr}
20000102:	46c6      	mov	lr, r8
20000104:	0015      	movs	r5, r2
20000106:	b500      	push	{lr}
20000108:	0004      	movs	r4, r0
2000010a:	001e      	movs	r6, r3
2000010c:	6802      	ldr	r2, [r0, #0]
2000010e:	f3ef 8110 	mrs	r1, PRIMASK
20000112:	b672      	cpsid	i
20000114:	6813      	ldr	r3, [r2, #0]
20000116:	2b00      	cmp	r3, #0
20000118:	d0fc      	beq.n	20000114 <mutex_try_enter_block_until+0x14>
2000011a:	f3bf 8f5f 	dmb	sy
2000011e:	2304      	movs	r3, #4
20000120:	56e3      	ldrsb	r3, [r4, r3]
20000122:	6822      	ldr	r2, [r4, #0]
20000124:	2b00      	cmp	r3, #0
20000126:	db2b      	blt.n	20000180 <mutex_try_enter_block_until+0x80>
20000128:	f3bf 8f5f 	dmb	sy
2000012c:	2000      	movs	r0, #0
2000012e:	6010      	str	r0, [r2, #0]
20000130:	f381 8810 	msr	PRIMASK, r1
20000134:	22d0      	movs	r2, #208	@ 0xd0
20000136:	0612      	lsls	r2, r2, #24
20000138:	7812      	ldrb	r2, [r2, #0]
2000013a:	2700      	movs	r7, #0
2000013c:	b252      	sxtb	r2, r2
2000013e:	4690      	mov	r8, r2
20000140:	429a      	cmp	r2, r3
20000142:	d10e      	bne.n	20000162 <mutex_try_enter_block_until+0x62>
20000144:	2000      	movs	r0, #0
20000146:	bc80      	pop	{r7}
20000148:	46b8      	mov	r8, r7
2000014a:	bdf0      	pop	{r4, r5, r6, r7, pc}
2000014c:	f3bf 8f5f 	dmb	sy
20000150:	6017      	str	r7, [r2, #0]
20000152:	f381 8810 	msr	PRIMASK, r1
20000156:	0028      	movs	r0, r5
20000158:	0031      	movs	r1, r6
2000015a:	f000 ff31 	bl	20000fc0 <__best_effort_wfe_or_timeout_veneer>
2000015e:	2800      	cmp	r0, #0
20000160:	d1f0      	bne.n	20000144 <mutex_try_enter_block_until+0x44>
20000162:	6822      	ldr	r2, [r4, #0]
20000164:	f3ef 8110 	mrs	r1, PRIMASK
20000168:	b672      	cpsid	i
2000016a:	6813      	ldr	r3, [r2, #0]
2000016c:	2b00      	cmp	r3, #0
2000016e:	d0fc      	beq.n	2000016a <mutex_try_enter_block_until+0x6a>
20000170:	f3bf 8f5f 	dmb	sy
20000174:	7923      	ldrb	r3, [r4, #4]
20000176:	6822      	ldr	r2, [r4, #0]
20000178:	2b7f      	cmp	r3, #127	@ 0x7f
2000017a:	d9e7      	bls.n	2000014c <mutex_try_enter_block_until+0x4c>
2000017c:	4643      	mov	r3, r8
2000017e:	e002      	b.n	20000186 <mutex_try_enter_block_until+0x86>
20000180:	23d0      	movs	r3, #208	@ 0xd0
20000182:	061b      	lsls	r3, r3, #24
20000184:	681b      	ldr	r3, [r3, #0]
20000186:	7123      	strb	r3, [r4, #4]
20000188:	f3bf 8f5f 	dmb	sy
2000018c:	2300      	movs	r3, #0
2000018e:	6013      	str	r3, [r2, #0]
20000190:	f381 8810 	msr	PRIMASK, r1
20000194:	2001      	movs	r0, #1
20000196:	e7d6      	b.n	20000146 <mutex_try_enter_block_until+0x46>

20000198 <mutex_enter_timeout_ms>:
20000198:	b5f0      	push	{r4, r5, r6, r7, lr}
2000019a:	46c6      	mov	lr, r8
2000019c:	b500      	push	{lr}
2000019e:	000d      	movs	r5, r1
200001a0:	0004      	movs	r4, r0
200001a2:	f000 ff15 	bl	20000fd0 <__time_us_64_veneer>
200001a6:	22fa      	movs	r2, #250	@ 0xfa
200001a8:	0006      	movs	r6, r0
200001aa:	000f      	movs	r7, r1
200001ac:	2300      	movs	r3, #0
200001ae:	0028      	movs	r0, r5
200001b0:	2100      	movs	r1, #0
200001b2:	0092      	lsls	r2, r2, #2
200001b4:	f000 fefc 	bl	20000fb0 <____wrap___aeabi_lmul_veneer>
200001b8:	1836      	adds	r6, r6, r0
200001ba:	414f      	adcs	r7, r1
200001bc:	2f00      	cmp	r7, #0
200001be:	da02      	bge.n	200001c6 <mutex_enter_timeout_ms+0x2e>
200001c0:	2601      	movs	r6, #1
200001c2:	4f17      	ldr	r7, [pc, #92]	@ (20000220 <mutex_enter_timeout_ms+0x88>)
200001c4:	4276      	negs	r6, r6
200001c6:	23d0      	movs	r3, #208	@ 0xd0
200001c8:	061b      	lsls	r3, r3, #24
200001ca:	681b      	ldr	r3, [r3, #0]
200001cc:	2500      	movs	r5, #0
200001ce:	4698      	mov	r8, r3
200001d0:	e00a      	b.n	200001e8 <mutex_enter_timeout_ms+0x50>
200001d2:	f3bf 8f5f 	dmb	sy
200001d6:	6015      	str	r5, [r2, #0]
200001d8:	f381 8810 	msr	PRIMASK, r1
200001dc:	0030      	movs	r0, r6
200001de:	0039      	movs	r1, r7
200001e0:	f000 feee 	bl	20000fc0 <__best_effort_wfe_or_timeout_veneer>
200001e4:	2800      	cmp	r0, #0
200001e6:	d118      	bne.n	2000021a <mutex_enter_timeout_ms+0x82>
200001e8:	6822      	ldr	r2, [r4, #0]
200001ea:	f3ef 8110 	mrs	r1, PRIMASK
200001ee:	b672      	cpsid	i
200001f0:	6813      	ldr	r3, [r2, #0]
200001f2:	2b00      	cmp	r3, #0
200001f4:	d0fc      	beq.n	200001f0 <mutex_enter_timeout_ms+0x58>
200001f6:	f3bf 8f5f 	dmb	sy
200001fa:	7923      	ldrb	r3, [r4, #4]
200001fc:	6822      	ldr	r2, [r4, #0]
200001fe:	2b7f      	cmp	r3, #127	@ 0x7f
20000200:	d9e7      	bls.n	200001d2 <mutex_enter_timeout_ms+0x3a>
20000202:	4643      	mov	r3, r8
20000204:	7123      	strb	r3, [r4, #4]
20000206:	f3bf 8f5f 	dmb	sy
2000020a:	2300      	movs	r3, #0
2000020c:	6013      	str	r3, [r2, #0]
2000020e:	f381 8810 	msr	PRIMASK, r1
20000212:	2001      	movs	r0, #1
20000214:	bc80      	pop	{r7}
20000216:	46b8      	mov	r8, r7
20000218:	bdf0      	pop	{r4, r5, r6, r7, pc}
2000021a:	2000      	movs	r0, #0
2000021c:	e7fa      	b.n	20000214 <mutex_enter_timeout_ms+0x7c>
2000021e:	46c0      	nop			@ (mov r8, r8)
20000220:	7fffffff 	.word	0x7fffffff

20000224 <mutex_exit>:
20000224:	6802      	ldr	r2, [r0, #0]
20000226:	f3ef 8110 	mrs	r1, PRIMASK
2000022a:	b672      	cpsid	i
2000022c:	6813      	ldr	r3, [r2, #0]
2000022e:	2b00      	cmp	r3, #0
20000230:	d0fc      	beq.n	2000022c <mutex_exit+0x8>
20000232:	f3bf 8f5f 	dmb	sy
20000236:	23ff      	movs	r3, #255	@ 0xff
20000238:	7103      	strb	r3, [r0, #4]
2000023a:	6803      	ldr	r3, [r0, #0]
2000023c:	f3bf 8f5f 	dmb	sy
20000240:	2200      	movs	r2, #0
20000242:	601a      	str	r2, [r3, #0]
20000244:	f381 8810 	msr	PRIMASK, r1
20000248:	bf40      	sev
2000024a:	4770      	bx	lr

2000024c <flash_init_boot2_copyout>:
2000024c:	b510      	push	{r4, lr}
2000024e:	4c08      	ldr	r4, [pc, #32]	@ (20000270 <flash_init_boot2_copyout+0x24>)
20000250:	7823      	ldrb	r3, [r4, #0]
20000252:	2b00      	cmp	r3, #0
20000254:	d10a      	bne.n	2000026c <flash_init_boot2_copyout+0x20>
20000256:	2380      	movs	r3, #128	@ 0x80
20000258:	4806      	ldr	r0, [pc, #24]	@ (20000274 <flash_init_boot2_copyout+0x28>)
2000025a:	4907      	ldr	r1, [pc, #28]	@ (20000278 <flash_init_boot2_copyout+0x2c>)
2000025c:	055b      	lsls	r3, r3, #21
2000025e:	681a      	ldr	r2, [r3, #0]
20000260:	50c2      	str	r2, [r0, r3]
20000262:	3304      	adds	r3, #4
20000264:	428b      	cmp	r3, r1
20000266:	d1fa      	bne.n	2000025e <flash_init_boot2_copyout+0x12>
20000268:	2301      	movs	r3, #1
2000026a:	7023      	strb	r3, [r4, #0]
2000026c:	bd10      	pop	{r4, pc}
2000026e:	46c0      	nop			@ (mov r8, r8)
20000270:	20001fd8 	.word	0x20001fd8
20000274:	100018f0 	.word	0x100018f0
20000278:	10000100 	.word	0x10000100

2000027c <flash_enable_xip_via_boot2>:
2000027c:	b510      	push	{r4, lr}
2000027e:	4b01      	ldr	r3, [pc, #4]	@ (20000284 <flash_enable_xip_via_boot2+0x8>)
20000280:	4798      	blx	r3
20000282:	bd10      	pop	{r4, pc}
20000284:	200018f1 	.word	0x200018f1

20000288 <flash_save_hardware_state>:
20000288:	4b06      	ldr	r3, [pc, #24]	@ (200002a4 <flash_save_hardware_state+0x1c>)
2000028a:	685a      	ldr	r2, [r3, #4]
2000028c:	6002      	str	r2, [r0, #0]
2000028e:	689a      	ldr	r2, [r3, #8]
20000290:	6042      	str	r2, [r0, #4]
20000292:	68da      	ldr	r2, [r3, #12]
20000294:	6082      	str	r2, [r0, #8]
20000296:	691a      	ldr	r2, [r3, #16]
20000298:	60c2      	str	r2, [r0, #12]
2000029a:	695a      	ldr	r2, [r3, #20]
2000029c:	6102      	str	r2, [r0, #16]
2000029e:	699b      	ldr	r3, [r3, #24]
200002a0:	6143      	str	r3, [r0, #20]
200002a2:	4770      	bx	lr
200002a4:	40020000 	.word	0x40020000

200002a8 <flash_restore_hardware_state>:
200002a8:	6802      	ldr	r2, [r0, #0]
200002aa:	4b06      	ldr	r3, [pc, #24]	@ (200002c4 <flash_restore_hardware_state+0x1c>)
200002ac:	605a      	str	r2, [r3, #4]
200002ae:	6842      	ldr	r2, [r0, #4]
200002b0:	609a      	str	r2, [r3, #8]
200002b2:	6882      	ldr	r2, [r0, #8]
200002b4:	60da      	str	r2, [r3, #12]
200002b6:	68c2      	ldr	r2, [r0, #12]
200002b8:	611a      	str	r2, [r3, #16]
200002ba:	6902      	ldr	r2, [r0, #16]
200002bc:	615a      	str	r2, [r3, #20]
200002be:	6942      	ldr	r2, [r0, #20]
200002c0:	619a      	str	r2, [r3, #24]
200002c2:	4770      	bx	lr
200002c4:	40020000 	.word	0x40020000

200002c8 <flash_cs_force.constprop.0>:
200002c8:	4b03      	ldr	r3, [pc, #12]	@ (200002d8 <flash_cs_force.constprop.0+0x10>)
200002ca:	681a      	ldr	r2, [r3, #0]
200002cc:	23c0      	movs	r3, #192	@ 0xc0
200002ce:	009b      	lsls	r3, r3, #2
200002d0:	4393      	bics	r3, r2
200002d2:	4a02      	ldr	r2, [pc, #8]	@ (200002dc <flash_cs_force.constprop.0+0x14>)
200002d4:	6013      	str	r3, [r2, #0]
200002d6:	4770      	bx	lr
200002d8:	4001800c 	.word	0x4001800c
200002dc:	4001900c 	.word	0x4001900c

200002e0 <flash_cs_force.constprop.1>:
200002e0:	4b05      	ldr	r3, [pc, #20]	@ (200002f8 <flash_cs_force.constprop.1+0x18>)
200002e2:	681a      	ldr	r2, [r3, #0]
200002e4:	2380      	movs	r3, #128	@ 0x80
200002e6:	009b      	lsls	r3, r3, #2
200002e8:	4053      	eors	r3, r2
200002ea:	22c0      	movs	r2, #192	@ 0xc0
200002ec:	0092      	lsls	r2, r2, #2
200002ee:	4013      	ands	r3, r2
200002f0:	4a02      	ldr	r2, [pc, #8]	@ (200002fc <flash_cs_force.constprop.1+0x1c>)
200002f2:	6013      	str	r3, [r2, #0]
200002f4:	4770      	bx	lr
200002f6:	46c0      	nop			@ (mov r8, r8)
200002f8:	4001800c 	.word	0x4001800c
200002fc:	4001900c 	.word	0x4001900c

20000300 <flash_do_cmd>:
20000300:	2300      	movs	r3, #0
20000302:	b5f0      	push	{r4, r5, r6, r7, lr}
20000304:	46de      	mov	lr, fp
20000306:	4657      	mov	r7, sl
20000308:	464e      	mov	r6, r9
2000030a:	4645      	mov	r5, r8
2000030c:	469a      	mov	sl, r3
2000030e:	b5e0      	push	{r5, r6, r7, lr}
20000310:	b089      	sub	sp, #36	@ 0x24
20000312:	9001      	str	r0, [sp, #4]
20000314:	000e      	movs	r6, r1
20000316:	8a98      	ldrh	r0, [r3, #20]
20000318:	4945      	ldr	r1, [pc, #276]	@ (20000430 <flash_do_cmd+0x130>)
2000031a:	8b1b      	ldrh	r3, [r3, #24]
2000031c:	0014      	movs	r4, r2
2000031e:	4798      	blx	r3
20000320:	4653      	mov	r3, sl
20000322:	4681      	mov	r9, r0
20000324:	4943      	ldr	r1, [pc, #268]	@ (20000434 <flash_do_cmd+0x134>)
20000326:	8a98      	ldrh	r0, [r3, #20]
20000328:	8b1b      	ldrh	r3, [r3, #24]
2000032a:	4798      	blx	r3
2000032c:	4653      	mov	r3, sl
2000032e:	4942      	ldr	r1, [pc, #264]	@ (20000438 <flash_do_cmd+0x138>)
20000330:	0005      	movs	r5, r0
20000332:	8a98      	ldrh	r0, [r3, #20]
20000334:	8b1b      	ldrh	r3, [r3, #24]
20000336:	4798      	blx	r3
20000338:	4680      	mov	r8, r0
2000033a:	f7ff ff87 	bl	2000024c <flash_init_boot2_copyout>
2000033e:	a802      	add	r0, sp, #8
20000340:	f7ff ffa2 	bl	20000288 <flash_save_hardware_state>
20000344:	47c8      	blx	r9
20000346:	47a8      	blx	r5
20000348:	f7ff ffca 	bl	200002e0 <flash_cs_force.constprop.1>
2000034c:	1e25      	subs	r5, r4, #0
2000034e:	d022      	beq.n	20000396 <flash_do_cmd+0x96>
20000350:	2308      	movs	r3, #8
20000352:	21c0      	movs	r1, #192	@ 0xc0
20000354:	469c      	mov	ip, r3
20000356:	2002      	movs	r0, #2
20000358:	0549      	lsls	r1, r1, #21
2000035a:	4662      	mov	r2, ip
2000035c:	6a8b      	ldr	r3, [r1, #40]	@ 0x28
2000035e:	401a      	ands	r2, r3
20000360:	4218      	tst	r0, r3
20000362:	d03f      	beq.n	200003e4 <flash_do_cmd+0xe4>
20000364:	1b63      	subs	r3, r4, r5
20000366:	2d00      	cmp	r5, #0
20000368:	d12f      	bne.n	200003ca <flash_do_cmd+0xca>
2000036a:	2a00      	cmp	r2, #0
2000036c:	d111      	bne.n	20000392 <flash_do_cmd+0x92>
2000036e:	2c00      	cmp	r4, #0
20000370:	d011      	beq.n	20000396 <flash_do_cmd+0x96>
20000372:	23c0      	movs	r3, #192	@ 0xc0
20000374:	055b      	lsls	r3, r3, #21
20000376:	469b      	mov	fp, r3
20000378:	2302      	movs	r3, #2
2000037a:	469a      	mov	sl, r3
2000037c:	3306      	adds	r3, #6
2000037e:	4699      	mov	r9, r3
20000380:	465b      	mov	r3, fp
20000382:	464a      	mov	r2, r9
20000384:	4657      	mov	r7, sl
20000386:	6a9b      	ldr	r3, [r3, #40]	@ 0x28
20000388:	401a      	ands	r2, r3
2000038a:	421f      	tst	r7, r3
2000038c:	d042      	beq.n	20000414 <flash_do_cmd+0x114>
2000038e:	2a00      	cmp	r2, #0
20000390:	d0f6      	beq.n	20000380 <flash_do_cmd+0x80>
20000392:	2c00      	cmp	r4, #0
20000394:	d130      	bne.n	200003f8 <flash_do_cmd+0xf8>
20000396:	f7ff ff97 	bl	200002c8 <flash_cs_force.constprop.0>
2000039a:	47c0      	blx	r8
2000039c:	f7ff ff6e 	bl	2000027c <flash_enable_xip_via_boot2>
200003a0:	a802      	add	r0, sp, #8
200003a2:	f7ff ff81 	bl	200002a8 <flash_restore_hardware_state>
200003a6:	b009      	add	sp, #36	@ 0x24
200003a8:	bcf0      	pop	{r4, r5, r6, r7}
200003aa:	46bb      	mov	fp, r7
200003ac:	46b2      	mov	sl, r6
200003ae:	46a9      	mov	r9, r5
200003b0:	46a0      	mov	r8, r4
200003b2:	bdf0      	pop	{r4, r5, r6, r7, pc}
200003b4:	2c00      	cmp	r4, #0
200003b6:	d12f      	bne.n	20000418 <flash_do_cmd+0x118>
200003b8:	22c0      	movs	r2, #192	@ 0xc0
200003ba:	0552      	lsls	r2, r2, #21
200003bc:	6a92      	ldr	r2, [r2, #40]	@ 0x28
200003be:	4691      	mov	r9, r2
200003c0:	2208      	movs	r2, #8
200003c2:	464f      	mov	r7, r9
200003c4:	403a      	ands	r2, r7
200003c6:	07bf      	lsls	r7, r7, #30
200003c8:	d52d      	bpl.n	20000426 <flash_do_cmd+0x126>
200003ca:	2b0d      	cmp	r3, #13
200003cc:	d91b      	bls.n	20000406 <flash_do_cmd+0x106>
200003ce:	2a00      	cmp	r2, #0
200003d0:	d1f0      	bne.n	200003b4 <flash_do_cmd+0xb4>
200003d2:	22c0      	movs	r2, #192	@ 0xc0
200003d4:	0552      	lsls	r2, r2, #21
200003d6:	6a92      	ldr	r2, [r2, #40]	@ 0x28
200003d8:	4691      	mov	r9, r2
200003da:	2208      	movs	r2, #8
200003dc:	464f      	mov	r7, r9
200003de:	403a      	ands	r2, r7
200003e0:	07bf      	lsls	r7, r7, #30
200003e2:	d4f2      	bmi.n	200003ca <flash_do_cmd+0xca>
200003e4:	2a00      	cmp	r2, #0
200003e6:	d104      	bne.n	200003f2 <flash_do_cmd+0xf2>
200003e8:	002b      	movs	r3, r5
200003ea:	4323      	orrs	r3, r4
200003ec:	2b00      	cmp	r3, #0
200003ee:	d1b4      	bne.n	2000035a <flash_do_cmd+0x5a>
200003f0:	e7d1      	b.n	20000396 <flash_do_cmd+0x96>
200003f2:	002b      	movs	r3, r5
200003f4:	2c00      	cmp	r4, #0
200003f6:	d0f9      	beq.n	200003ec <flash_do_cmd+0xec>
200003f8:	6e0b      	ldr	r3, [r1, #96]	@ 0x60
200003fa:	3c01      	subs	r4, #1
200003fc:	7033      	strb	r3, [r6, #0]
200003fe:	0023      	movs	r3, r4
20000400:	3601      	adds	r6, #1
20000402:	432b      	orrs	r3, r5
20000404:	e7f2      	b.n	200003ec <flash_do_cmd+0xec>
20000406:	9f01      	ldr	r7, [sp, #4]
20000408:	3d01      	subs	r5, #1
2000040a:	783b      	ldrb	r3, [r7, #0]
2000040c:	3701      	adds	r7, #1
2000040e:	660b      	str	r3, [r1, #96]	@ 0x60
20000410:	9701      	str	r7, [sp, #4]
20000412:	e7e7      	b.n	200003e4 <flash_do_cmd+0xe4>
20000414:	2500      	movs	r5, #0
20000416:	e7e5      	b.n	200003e4 <flash_do_cmd+0xe4>
20000418:	23c0      	movs	r3, #192	@ 0xc0
2000041a:	055b      	lsls	r3, r3, #21
2000041c:	6e1b      	ldr	r3, [r3, #96]	@ 0x60
2000041e:	3c01      	subs	r4, #1
20000420:	7033      	strb	r3, [r6, #0]
20000422:	3601      	adds	r6, #1
20000424:	e799      	b.n	2000035a <flash_do_cmd+0x5a>
20000426:	002b      	movs	r3, r5
20000428:	2a00      	cmp	r2, #0
2000042a:	d1df      	bne.n	200003ec <flash_do_cmd+0xec>
2000042c:	e7dc      	b.n	200003e8 <flash_do_cmd+0xe8>
2000042e:	46c0      	nop			@ (mov r8, r8)
20000430:	00004649 	.word	0x00004649
20000434:	00005845 	.word	0x00005845
20000438:	00004346 	.word	0x00004346

2000043c <reset_non_control_endpoints>:
2000043c:	2200      	movs	r2, #0
2000043e:	4b15      	ldr	r3, [pc, #84]	@ (20000494 <reset_non_control_endpoints+0x58>)
20000440:	b510      	push	{r4, lr}
20000442:	609a      	str	r2, [r3, #8]
20000444:	60da      	str	r2, [r3, #12]
20000446:	611a      	str	r2, [r3, #16]
20000448:	615a      	str	r2, [r3, #20]
2000044a:	619a      	str	r2, [r3, #24]
2000044c:	61da      	str	r2, [r3, #28]
2000044e:	621a      	str	r2, [r3, #32]
20000450:	625a      	str	r2, [r3, #36]	@ 0x24
20000452:	629a      	str	r2, [r3, #40]	@ 0x28
20000454:	62da      	str	r2, [r3, #44]	@ 0x2c
20000456:	631a      	str	r2, [r3, #48]	@ 0x30
20000458:	635a      	str	r2, [r3, #52]	@ 0x34
2000045a:	639a      	str	r2, [r3, #56]	@ 0x38
2000045c:	63da      	str	r2, [r3, #60]	@ 0x3c
2000045e:	641a      	str	r2, [r3, #64]	@ 0x40
20000460:	645a      	str	r2, [r3, #68]	@ 0x44
20000462:	649a      	str	r2, [r3, #72]	@ 0x48
20000464:	64da      	str	r2, [r3, #76]	@ 0x4c
20000466:	651a      	str	r2, [r3, #80]	@ 0x50
20000468:	655a      	str	r2, [r3, #84]	@ 0x54
2000046a:	659a      	str	r2, [r3, #88]	@ 0x58
2000046c:	65da      	str	r2, [r3, #92]	@ 0x5c
2000046e:	661a      	str	r2, [r3, #96]	@ 0x60
20000470:	665a      	str	r2, [r3, #100]	@ 0x64
20000472:	669a      	str	r2, [r3, #104]	@ 0x68
20000474:	66da      	str	r2, [r3, #108]	@ 0x6c
20000476:	671a      	str	r2, [r3, #112]	@ 0x70
20000478:	675a      	str	r2, [r3, #116]	@ 0x74
2000047a:	679a      	str	r2, [r3, #120]	@ 0x78
2000047c:	67da      	str	r2, [r3, #124]	@ 0x7c
2000047e:	32f0      	adds	r2, #240	@ 0xf0
20000480:	0092      	lsls	r2, r2, #2
20000482:	2100      	movs	r1, #0
20000484:	4804      	ldr	r0, [pc, #16]	@ (20000498 <reset_non_control_endpoints+0x5c>)
20000486:	f000 fd7b 	bl	20000f80 <____wrap_memset_veneer>
2000048a:	4b04      	ldr	r3, [pc, #16]	@ (2000049c <reset_non_control_endpoints+0x60>)
2000048c:	4a04      	ldr	r2, [pc, #16]	@ (200004a0 <reset_non_control_endpoints+0x64>)
2000048e:	601a      	str	r2, [r3, #0]
20000490:	bd10      	pop	{r4, pc}
20000492:	46c0      	nop			@ (mov r8, r8)
20000494:	50100000 	.word	0x50100000
20000498:	20001aa4 	.word	0x20001aa4
2000049c:	20001e6c 	.word	0x20001e6c
200004a0:	50100180 	.word	0x50100180

200004a4 <hw_handle_buff_status>:
200004a4:	b5f0      	push	{r4, r5, r6, r7, lr}
200004a6:	464e      	mov	r6, r9
200004a8:	4645      	mov	r5, r8
200004aa:	46de      	mov	lr, fp
200004ac:	4657      	mov	r7, sl
200004ae:	b5e0      	push	{r5, r6, r7, lr}
200004b0:	4b21      	ldr	r3, [pc, #132]	@ (20000538 <hw_handle_buff_status+0x94>)
200004b2:	2400      	movs	r4, #0
200004b4:	6d9e      	ldr	r6, [r3, #88]	@ 0x58
200004b6:	2501      	movs	r5, #1
200004b8:	b085      	sub	sp, #20
200004ba:	2e00      	cmp	r6, #0
200004bc:	d022      	beq.n	20000504 <hw_handle_buff_status+0x60>
200004be:	4b1f      	ldr	r3, [pc, #124]	@ (2000053c <hw_handle_buff_status+0x98>)
200004c0:	469a      	mov	sl, r3
200004c2:	2301      	movs	r3, #1
200004c4:	4699      	mov	r9, r3
200004c6:	4b1e      	ldr	r3, [pc, #120]	@ (20000540 <hw_handle_buff_status+0x9c>)
200004c8:	4698      	mov	r8, r3
200004ca:	e001      	b.n	200004d0 <hw_handle_buff_status+0x2c>
200004cc:	2c20      	cmp	r4, #32
200004ce:	d019      	beq.n	20000504 <hw_handle_buff_status+0x60>
200004d0:	002a      	movs	r2, r5
200004d2:	0023      	movs	r3, r4
200004d4:	3401      	adds	r4, #1
200004d6:	002f      	movs	r7, r5
200004d8:	4032      	ands	r2, r6
200004da:	b2e4      	uxtb	r4, r4
200004dc:	006d      	lsls	r5, r5, #1
200004de:	2a00      	cmp	r2, #0
200004e0:	d0f4      	beq.n	200004cc <hw_handle_buff_status+0x28>
200004e2:	4652      	mov	r2, sl
200004e4:	6597      	str	r7, [r2, #88]	@ 0x58
200004e6:	464a      	mov	r2, r9
200004e8:	085b      	lsrs	r3, r3, #1
200004ea:	005b      	lsls	r3, r3, #1
200004ec:	4022      	ands	r2, r4
200004ee:	189b      	adds	r3, r3, r2
200004f0:	015b      	lsls	r3, r3, #5
200004f2:	4443      	add	r3, r8
200004f4:	0018      	movs	r0, r3
200004f6:	469b      	mov	fp, r3
200004f8:	f000 fc1e 	bl	20000d38 <hw_endpoint_xfer_continue>
200004fc:	2800      	cmp	r0, #0
200004fe:	d108      	bne.n	20000512 <hw_handle_buff_status+0x6e>
20000500:	43be      	bics	r6, r7
20000502:	d1e3      	bne.n	200004cc <hw_handle_buff_status+0x28>
20000504:	b005      	add	sp, #20
20000506:	bcf0      	pop	{r4, r5, r6, r7}
20000508:	46bb      	mov	fp, r7
2000050a:	46b2      	mov	sl, r6
2000050c:	46a9      	mov	r9, r5
2000050e:	46a0      	mov	r8, r4
20000510:	bdf0      	pop	{r4, r5, r6, r7, pc}
20000512:	465b      	mov	r3, fp
20000514:	21e0      	movs	r1, #224	@ 0xe0
20000516:	789a      	ldrb	r2, [r3, #2]
20000518:	8adb      	ldrh	r3, [r3, #22]
2000051a:	a801      	add	r0, sp, #4
2000051c:	6083      	str	r3, [r0, #8]
2000051e:	2300      	movs	r3, #0
20000520:	00c9      	lsls	r1, r1, #3
20000522:	8001      	strh	r1, [r0, #0]
20000524:	2101      	movs	r1, #1
20000526:	7102      	strb	r2, [r0, #4]
20000528:	7143      	strb	r3, [r0, #5]
2000052a:	f000 fc25 	bl	20000d78 <dcd_event_handler>
2000052e:	4658      	mov	r0, fp
20000530:	f000 fba0 	bl	20000c74 <hw_endpoint_reset_transfer>
20000534:	e7e4      	b.n	20000500 <hw_handle_buff_status+0x5c>
20000536:	46c0      	nop			@ (mov r8, r8)
20000538:	50110000 	.word	0x50110000
2000053c:	50113000 	.word	0x50113000
20000540:	20001a64 	.word	0x20001a64

20000544 <dcd_rp2040_irq>:
20000544:	2398      	movs	r3, #152	@ 0x98
20000546:	b5f0      	push	{r4, r5, r6, r7, lr}
20000548:	46c6      	mov	lr, r8
2000054a:	4ac8      	ldr	r2, [pc, #800]	@ (2000086c <dcd_rp2040_irq+0x328>)
2000054c:	b500      	push	{lr}
2000054e:	58d5      	ldr	r5, [r2, r3]
20000550:	2380      	movs	r3, #128	@ 0x80
20000552:	002e      	movs	r6, r5
20000554:	029b      	lsls	r3, r3, #10
20000556:	2410      	movs	r4, #16
20000558:	b084      	sub	sp, #16
2000055a:	401e      	ands	r6, r3
2000055c:	421d      	tst	r5, r3
2000055e:	d074      	beq.n	2000064a <dcd_rp2040_irq+0x106>
20000560:	4bc3      	ldr	r3, [pc, #780]	@ (20000870 <dcd_rp2040_irq+0x32c>)
20000562:	4cc4      	ldr	r4, [pc, #784]	@ (20000874 <dcd_rp2040_irq+0x330>)
20000564:	6a9a      	ldr	r2, [r3, #40]	@ 0x28
20000566:	4bc4      	ldr	r3, [pc, #784]	@ (20000878 <dcd_rp2040_irq+0x334>)
20000568:	2600      	movs	r6, #0
2000056a:	601a      	str	r2, [r3, #0]
2000056c:	233b      	movs	r3, #59	@ 0x3b
2000056e:	5ce3      	ldrb	r3, [r4, r3]
20000570:	2b02      	cmp	r3, #2
20000572:	d100      	bne.n	20000576 <dcd_rp2040_irq+0x32>
20000574:	e14f      	b.n	20000816 <dcd_rp2040_irq+0x2d2>
20000576:	237b      	movs	r3, #123	@ 0x7b
20000578:	5ce3      	ldrb	r3, [r4, r3]
2000057a:	2b02      	cmp	r3, #2
2000057c:	d100      	bne.n	20000580 <dcd_rp2040_irq+0x3c>
2000057e:	e0f3      	b.n	20000768 <dcd_rp2040_irq+0x224>
20000580:	23bb      	movs	r3, #187	@ 0xbb
20000582:	5ce3      	ldrb	r3, [r4, r3]
20000584:	2b02      	cmp	r3, #2
20000586:	d100      	bne.n	2000058a <dcd_rp2040_irq+0x46>
20000588:	e0fa      	b.n	20000780 <dcd_rp2040_irq+0x23c>
2000058a:	23fb      	movs	r3, #251	@ 0xfb
2000058c:	5ce3      	ldrb	r3, [r4, r3]
2000058e:	2b02      	cmp	r3, #2
20000590:	d100      	bne.n	20000594 <dcd_rp2040_irq+0x50>
20000592:	e101      	b.n	20000798 <dcd_rp2040_irq+0x254>
20000594:	233c      	movs	r3, #60	@ 0x3c
20000596:	33ff      	adds	r3, #255	@ 0xff
20000598:	5ce3      	ldrb	r3, [r4, r3]
2000059a:	2b02      	cmp	r3, #2
2000059c:	d100      	bne.n	200005a0 <dcd_rp2040_irq+0x5c>
2000059e:	e12d      	b.n	200007fc <dcd_rp2040_irq+0x2b8>
200005a0:	237c      	movs	r3, #124	@ 0x7c
200005a2:	33ff      	adds	r3, #255	@ 0xff
200005a4:	5ce3      	ldrb	r3, [r4, r3]
200005a6:	2b02      	cmp	r3, #2
200005a8:	d100      	bne.n	200005ac <dcd_rp2040_irq+0x68>
200005aa:	e10e      	b.n	200007ca <dcd_rp2040_irq+0x286>
200005ac:	23bc      	movs	r3, #188	@ 0xbc
200005ae:	33ff      	adds	r3, #255	@ 0xff
200005b0:	5ce3      	ldrb	r3, [r4, r3]
200005b2:	2b02      	cmp	r3, #2
200005b4:	d100      	bne.n	200005b8 <dcd_rp2040_irq+0x74>
200005b6:	e13f      	b.n	20000838 <dcd_rp2040_irq+0x2f4>
200005b8:	23fc      	movs	r3, #252	@ 0xfc
200005ba:	33ff      	adds	r3, #255	@ 0xff
200005bc:	5ce3      	ldrb	r3, [r4, r3]
200005be:	2b02      	cmp	r3, #2
200005c0:	d100      	bne.n	200005c4 <dcd_rp2040_irq+0x80>
200005c2:	e0f5      	b.n	200007b0 <dcd_rp2040_irq+0x26c>
200005c4:	4bad      	ldr	r3, [pc, #692]	@ (2000087c <dcd_rp2040_irq+0x338>)
200005c6:	5ce3      	ldrb	r3, [r4, r3]
200005c8:	2b02      	cmp	r3, #2
200005ca:	d100      	bne.n	200005ce <dcd_rp2040_irq+0x8a>
200005cc:	e174      	b.n	200008b8 <dcd_rp2040_irq+0x374>
200005ce:	4bac      	ldr	r3, [pc, #688]	@ (20000880 <dcd_rp2040_irq+0x33c>)
200005d0:	5ce3      	ldrb	r3, [r4, r3]
200005d2:	2b02      	cmp	r3, #2
200005d4:	d100      	bne.n	200005d8 <dcd_rp2040_irq+0x94>
200005d6:	e105      	b.n	200007e4 <dcd_rp2040_irq+0x2a0>
200005d8:	4baa      	ldr	r3, [pc, #680]	@ (20000884 <dcd_rp2040_irq+0x340>)
200005da:	5ce3      	ldrb	r3, [r4, r3]
200005dc:	2b02      	cmp	r3, #2
200005de:	d100      	bne.n	200005e2 <dcd_rp2040_irq+0x9e>
200005e0:	e175      	b.n	200008ce <dcd_rp2040_irq+0x38a>
200005e2:	4ba9      	ldr	r3, [pc, #676]	@ (20000888 <dcd_rp2040_irq+0x344>)
200005e4:	5ce3      	ldrb	r3, [r4, r3]
200005e6:	2b02      	cmp	r3, #2
200005e8:	d100      	bne.n	200005ec <dcd_rp2040_irq+0xa8>
200005ea:	e132      	b.n	20000852 <dcd_rp2040_irq+0x30e>
200005ec:	4ba7      	ldr	r3, [pc, #668]	@ (2000088c <dcd_rp2040_irq+0x348>)
200005ee:	5ce3      	ldrb	r3, [r4, r3]
200005f0:	2b02      	cmp	r3, #2
200005f2:	d100      	bne.n	200005f6 <dcd_rp2040_irq+0xb2>
200005f4:	e1a0      	b.n	20000938 <dcd_rp2040_irq+0x3f4>
200005f6:	4ba6      	ldr	r3, [pc, #664]	@ (20000890 <dcd_rp2040_irq+0x34c>)
200005f8:	5ce3      	ldrb	r3, [r4, r3]
200005fa:	2b02      	cmp	r3, #2
200005fc:	d100      	bne.n	20000600 <dcd_rp2040_irq+0xbc>
200005fe:	e171      	b.n	200008e4 <dcd_rp2040_irq+0x3a0>
20000600:	4ba4      	ldr	r3, [pc, #656]	@ (20000894 <dcd_rp2040_irq+0x350>)
20000602:	5ce3      	ldrb	r3, [r4, r3]
20000604:	2b02      	cmp	r3, #2
20000606:	d100      	bne.n	2000060a <dcd_rp2040_irq+0xc6>
20000608:	e1a1      	b.n	2000094e <dcd_rp2040_irq+0x40a>
2000060a:	4ba3      	ldr	r3, [pc, #652]	@ (20000898 <dcd_rp2040_irq+0x354>)
2000060c:	5ce3      	ldrb	r3, [r4, r3]
2000060e:	2b02      	cmp	r3, #2
20000610:	d100      	bne.n	20000614 <dcd_rp2040_irq+0xd0>
20000612:	e17f      	b.n	20000914 <dcd_rp2040_irq+0x3d0>
20000614:	2e00      	cmp	r6, #0
20000616:	d108      	bne.n	2000062a <dcd_rp2040_irq+0xe6>
20000618:	4ba0      	ldr	r3, [pc, #640]	@ (2000089c <dcd_rp2040_irq+0x358>)
2000061a:	781b      	ldrb	r3, [r3, #0]
2000061c:	2b00      	cmp	r3, #0
2000061e:	d104      	bne.n	2000062a <dcd_rp2040_irq+0xe6>
20000620:	2180      	movs	r1, #128	@ 0x80
20000622:	4a9f      	ldr	r2, [pc, #636]	@ (200008a0 <dcd_rp2040_irq+0x35c>)
20000624:	3390      	adds	r3, #144	@ 0x90
20000626:	0289      	lsls	r1, r1, #10
20000628:	50d1      	str	r1, [r2, r3]
2000062a:	22c0      	movs	r2, #192	@ 0xc0
2000062c:	4669      	mov	r1, sp
2000062e:	4b8f      	ldr	r3, [pc, #572]	@ (2000086c <dcd_rp2040_irq+0x328>)
20000630:	0092      	lsls	r2, r2, #2
20000632:	6c9b      	ldr	r3, [r3, #72]	@ 0x48
20000634:	2680      	movs	r6, #128	@ 0x80
20000636:	055b      	lsls	r3, r3, #21
20000638:	808a      	strh	r2, [r1, #4]
2000063a:	0d5b      	lsrs	r3, r3, #21
2000063c:	2101      	movs	r1, #1
2000063e:	a801      	add	r0, sp, #4
20000640:	9302      	str	r3, [sp, #8]
20000642:	f000 fb99 	bl	20000d78 <dcd_event_handler>
20000646:	4c97      	ldr	r4, [pc, #604]	@ (200008a4 <dcd_rp2040_irq+0x360>)
20000648:	02b6      	lsls	r6, r6, #10
2000064a:	06eb      	lsls	r3, r5, #27
2000064c:	d500      	bpl.n	20000650 <dcd_rp2040_irq+0x10c>
2000064e:	e07f      	b.n	20000750 <dcd_rp2040_irq+0x20c>
20000650:	2380      	movs	r3, #128	@ 0x80
20000652:	025b      	lsls	r3, r3, #9
20000654:	421d      	tst	r5, r3
20000656:	d031      	beq.n	200006bc <dcd_rp2040_irq+0x178>
20000658:	431e      	orrs	r6, r3
2000065a:	2301      	movs	r3, #1
2000065c:	2402      	movs	r4, #2
2000065e:	4698      	mov	r8, r3
20000660:	4f84      	ldr	r7, [pc, #528]	@ (20000874 <dcd_rp2040_irq+0x330>)
20000662:	7ebb      	ldrb	r3, [r7, #26]
20000664:	2b00      	cmp	r3, #0
20000666:	d014      	beq.n	20000692 <dcd_rp2040_irq+0x14e>
20000668:	f000 fc92 	bl	20000f90 <__rp2040_chip_version_veneer>
2000066c:	2801      	cmp	r0, #1
2000066e:	d900      	bls.n	20000672 <dcd_rp2040_irq+0x12e>
20000670:	e072      	b.n	20000758 <dcd_rp2040_irq+0x214>
20000672:	22c0      	movs	r2, #192	@ 0xc0
20000674:	2100      	movs	r1, #0
20000676:	0038      	movs	r0, r7
20000678:	0192      	lsls	r2, r2, #6
2000067a:	f000 fb01 	bl	20000c80 <_hw_endpoint_buffer_control_update32>
2000067e:	0038      	movs	r0, r7
20000680:	f000 faf8 	bl	20000c74 <hw_endpoint_reset_transfer>
20000684:	f000 fc84 	bl	20000f90 <__rp2040_chip_version_veneer>
20000688:	2801      	cmp	r0, #1
2000068a:	d902      	bls.n	20000692 <dcd_rp2040_irq+0x14e>
2000068c:	4b84      	ldr	r3, [pc, #528]	@ (200008a0 <dcd_rp2040_irq+0x35c>)
2000068e:	665c      	str	r4, [r3, #100]	@ 0x64
20000690:	661c      	str	r4, [r3, #96]	@ 0x60
20000692:	4643      	mov	r3, r8
20000694:	70fb      	strb	r3, [r7, #3]
20000696:	3720      	adds	r7, #32
20000698:	2c01      	cmp	r4, #1
2000069a:	d122      	bne.n	200006e2 <dcd_rp2040_irq+0x19e>
2000069c:	23c0      	movs	r3, #192	@ 0xc0
2000069e:	466a      	mov	r2, sp
200006a0:	00db      	lsls	r3, r3, #3
200006a2:	8093      	strh	r3, [r2, #4]
200006a4:	4a80      	ldr	r2, [pc, #512]	@ (200008a8 <dcd_rp2040_irq+0x364>)
200006a6:	ab02      	add	r3, sp, #8
200006a8:	ca03      	ldmia	r2!, {r0, r1}
200006aa:	c303      	stmia	r3!, {r0, r1}
200006ac:	2101      	movs	r1, #1
200006ae:	a801      	add	r0, sp, #4
200006b0:	f000 fb62 	bl	20000d78 <dcd_event_handler>
200006b4:	2280      	movs	r2, #128	@ 0x80
200006b6:	4b7a      	ldr	r3, [pc, #488]	@ (200008a0 <dcd_rp2040_irq+0x35c>)
200006b8:	0292      	lsls	r2, r2, #10
200006ba:	651a      	str	r2, [r3, #80]	@ 0x50
200006bc:	2380      	movs	r3, #128	@ 0x80
200006be:	015b      	lsls	r3, r3, #5
200006c0:	421d      	tst	r5, r3
200006c2:	d110      	bne.n	200006e6 <dcd_rp2040_irq+0x1a2>
200006c4:	2380      	movs	r3, #128	@ 0x80
200006c6:	01db      	lsls	r3, r3, #7
200006c8:	421d      	tst	r5, r3
200006ca:	d123      	bne.n	20000714 <dcd_rp2040_irq+0x1d0>
200006cc:	2380      	movs	r3, #128	@ 0x80
200006ce:	021b      	lsls	r3, r3, #8
200006d0:	421d      	tst	r5, r3
200006d2:	d12f      	bne.n	20000734 <dcd_rp2040_irq+0x1f0>
200006d4:	42ae      	cmp	r6, r5
200006d6:	d000      	beq.n	200006da <dcd_rp2040_irq+0x196>
200006d8:	e1c0      	b.n	20000a5c <dcd_rp2040_irq+0x518>
200006da:	b004      	add	sp, #16
200006dc:	bc80      	pop	{r7}
200006de:	46b8      	mov	r8, r7
200006e0:	bdf0      	pop	{r4, r5, r6, r7, pc}
200006e2:	2401      	movs	r4, #1
200006e4:	e7bd      	b.n	20000662 <dcd_rp2040_irq+0x11e>
200006e6:	2400      	movs	r4, #0
200006e8:	431e      	orrs	r6, r3
200006ea:	4b60      	ldr	r3, [pc, #384]	@ (2000086c <dcd_rp2040_irq+0x328>)
200006ec:	601c      	str	r4, [r3, #0]
200006ee:	f7ff fea5 	bl	2000043c <reset_non_control_endpoints>
200006f2:	2380      	movs	r3, #128	@ 0x80
200006f4:	466a      	mov	r2, sp
200006f6:	005b      	lsls	r3, r3, #1
200006f8:	8093      	strh	r3, [r2, #4]
200006fa:	7214      	strb	r4, [r2, #8]
200006fc:	2101      	movs	r1, #1
200006fe:	a801      	add	r0, sp, #4
20000700:	f000 fb3a 	bl	20000d78 <dcd_event_handler>
20000704:	2280      	movs	r2, #128	@ 0x80
20000706:	4b66      	ldr	r3, [pc, #408]	@ (200008a0 <dcd_rp2040_irq+0x35c>)
20000708:	0312      	lsls	r2, r2, #12
2000070a:	651a      	str	r2, [r3, #80]	@ 0x50
2000070c:	2380      	movs	r3, #128	@ 0x80
2000070e:	01db      	lsls	r3, r3, #7
20000710:	421d      	tst	r5, r3
20000712:	d0db      	beq.n	200006cc <dcd_rp2040_irq+0x188>
20000714:	431e      	orrs	r6, r3
20000716:	2380      	movs	r3, #128	@ 0x80
20000718:	466a      	mov	r2, sp
2000071a:	00db      	lsls	r3, r3, #3
2000071c:	8093      	strh	r3, [r2, #4]
2000071e:	2101      	movs	r1, #1
20000720:	a801      	add	r0, sp, #4
20000722:	f000 fb29 	bl	20000d78 <dcd_event_handler>
20000726:	2210      	movs	r2, #16
20000728:	4b5d      	ldr	r3, [pc, #372]	@ (200008a0 <dcd_rp2040_irq+0x35c>)
2000072a:	651a      	str	r2, [r3, #80]	@ 0x50
2000072c:	2380      	movs	r3, #128	@ 0x80
2000072e:	021b      	lsls	r3, r3, #8
20000730:	421d      	tst	r5, r3
20000732:	d0cf      	beq.n	200006d4 <dcd_rp2040_irq+0x190>
20000734:	431e      	orrs	r6, r3
20000736:	23a0      	movs	r3, #160	@ 0xa0
20000738:	466a      	mov	r2, sp
2000073a:	00db      	lsls	r3, r3, #3
2000073c:	8093      	strh	r3, [r2, #4]
2000073e:	2101      	movs	r1, #1
20000740:	a801      	add	r0, sp, #4
20000742:	f000 fb19 	bl	20000d78 <dcd_event_handler>
20000746:	2280      	movs	r2, #128	@ 0x80
20000748:	4b55      	ldr	r3, [pc, #340]	@ (200008a0 <dcd_rp2040_irq+0x35c>)
2000074a:	0112      	lsls	r2, r2, #4
2000074c:	651a      	str	r2, [r3, #80]	@ 0x50
2000074e:	e7c1      	b.n	200006d4 <dcd_rp2040_irq+0x190>
20000750:	f7ff fea8 	bl	200004a4 <hw_handle_buff_status>
20000754:	0026      	movs	r6, r4
20000756:	e77b      	b.n	20000650 <dcd_rp2040_irq+0x10c>
20000758:	4b54      	ldr	r3, [pc, #336]	@ (200008ac <dcd_rp2040_irq+0x368>)
2000075a:	4a44      	ldr	r2, [pc, #272]	@ (2000086c <dcd_rp2040_irq+0x328>)
2000075c:	661c      	str	r4, [r3, #96]	@ 0x60
2000075e:	6e53      	ldr	r3, [r2, #100]	@ 0x64
20000760:	4023      	ands	r3, r4
20000762:	42a3      	cmp	r3, r4
20000764:	d1fb      	bne.n	2000075e <dcd_rp2040_irq+0x21a>
20000766:	e784      	b.n	20000672 <dcd_rp2040_irq+0x12e>
20000768:	3378      	adds	r3, #120	@ 0x78
2000076a:	5ce7      	ldrb	r7, [r4, r3]
2000076c:	2f00      	cmp	r7, #0
2000076e:	d100      	bne.n	20000772 <dcd_rp2040_irq+0x22e>
20000770:	e706      	b.n	20000580 <dcd_rp2040_irq+0x3c>
20000772:	3302      	adds	r3, #2
20000774:	5ce2      	ldrb	r2, [r4, r3]
20000776:	2a00      	cmp	r2, #0
20000778:	d000      	beq.n	2000077c <dcd_rp2040_irq+0x238>
2000077a:	e10d      	b.n	20000998 <dcd_rp2040_irq+0x454>
2000077c:	003e      	movs	r6, r7
2000077e:	e6ff      	b.n	20000580 <dcd_rp2040_irq+0x3c>
20000780:	33b8      	adds	r3, #184	@ 0xb8
20000782:	5ce7      	ldrb	r7, [r4, r3]
20000784:	2f00      	cmp	r7, #0
20000786:	d100      	bne.n	2000078a <dcd_rp2040_irq+0x246>
20000788:	e6ff      	b.n	2000058a <dcd_rp2040_irq+0x46>
2000078a:	3302      	adds	r3, #2
2000078c:	5ce2      	ldrb	r2, [r4, r3]
2000078e:	2a00      	cmp	r2, #0
20000790:	d000      	beq.n	20000794 <dcd_rp2040_irq+0x250>
20000792:	e0f9      	b.n	20000988 <dcd_rp2040_irq+0x444>
20000794:	003e      	movs	r6, r7
20000796:	e6f8      	b.n	2000058a <dcd_rp2040_irq+0x46>
20000798:	33f8      	adds	r3, #248	@ 0xf8
2000079a:	5ce7      	ldrb	r7, [r4, r3]
2000079c:	2f00      	cmp	r7, #0
2000079e:	d100      	bne.n	200007a2 <dcd_rp2040_irq+0x25e>
200007a0:	e6f8      	b.n	20000594 <dcd_rp2040_irq+0x50>
200007a2:	3302      	adds	r3, #2
200007a4:	5ce2      	ldrb	r2, [r4, r3]
200007a6:	2a00      	cmp	r2, #0
200007a8:	d000      	beq.n	200007ac <dcd_rp2040_irq+0x268>
200007aa:	e141      	b.n	20000a30 <dcd_rp2040_irq+0x4ec>
200007ac:	003e      	movs	r6, r7
200007ae:	e6f1      	b.n	20000594 <dcd_rp2040_irq+0x50>
200007b0:	33f9      	adds	r3, #249	@ 0xf9
200007b2:	33ff      	adds	r3, #255	@ 0xff
200007b4:	5ce7      	ldrb	r7, [r4, r3]
200007b6:	2f00      	cmp	r7, #0
200007b8:	d100      	bne.n	200007bc <dcd_rp2040_irq+0x278>
200007ba:	e703      	b.n	200005c4 <dcd_rp2040_irq+0x80>
200007bc:	3302      	adds	r3, #2
200007be:	5ce2      	ldrb	r2, [r4, r3]
200007c0:	2a00      	cmp	r2, #0
200007c2:	d000      	beq.n	200007c6 <dcd_rp2040_irq+0x282>
200007c4:	e12b      	b.n	20000a1e <dcd_rp2040_irq+0x4da>
200007c6:	003e      	movs	r6, r7
200007c8:	e6fc      	b.n	200005c4 <dcd_rp2040_irq+0x80>
200007ca:	3379      	adds	r3, #121	@ 0x79
200007cc:	33ff      	adds	r3, #255	@ 0xff
200007ce:	5ce7      	ldrb	r7, [r4, r3]
200007d0:	2f00      	cmp	r7, #0
200007d2:	d100      	bne.n	200007d6 <dcd_rp2040_irq+0x292>
200007d4:	e6ea      	b.n	200005ac <dcd_rp2040_irq+0x68>
200007d6:	3302      	adds	r3, #2
200007d8:	5ce2      	ldrb	r2, [r4, r3]
200007da:	2a00      	cmp	r2, #0
200007dc:	d000      	beq.n	200007e0 <dcd_rp2040_irq+0x29c>
200007de:	e115      	b.n	20000a0c <dcd_rp2040_irq+0x4c8>
200007e0:	003e      	movs	r6, r7
200007e2:	e6e3      	b.n	200005ac <dcd_rp2040_irq+0x68>
200007e4:	4b32      	ldr	r3, [pc, #200]	@ (200008b0 <dcd_rp2040_irq+0x36c>)
200007e6:	5ce7      	ldrb	r7, [r4, r3]
200007e8:	2f00      	cmp	r7, #0
200007ea:	d100      	bne.n	200007ee <dcd_rp2040_irq+0x2aa>
200007ec:	e6f4      	b.n	200005d8 <dcd_rp2040_irq+0x94>
200007ee:	3302      	adds	r3, #2
200007f0:	5ce2      	ldrb	r2, [r4, r3]
200007f2:	2a00      	cmp	r2, #0
200007f4:	d000      	beq.n	200007f8 <dcd_rp2040_irq+0x2b4>
200007f6:	e101      	b.n	200009fc <dcd_rp2040_irq+0x4b8>
200007f8:	003e      	movs	r6, r7
200007fa:	e6ed      	b.n	200005d8 <dcd_rp2040_irq+0x94>
200007fc:	3339      	adds	r3, #57	@ 0x39
200007fe:	33ff      	adds	r3, #255	@ 0xff
20000800:	5ce7      	ldrb	r7, [r4, r3]
20000802:	2f00      	cmp	r7, #0
20000804:	d100      	bne.n	20000808 <dcd_rp2040_irq+0x2c4>
20000806:	e6cb      	b.n	200005a0 <dcd_rp2040_irq+0x5c>
20000808:	3302      	adds	r3, #2
2000080a:	5ce2      	ldrb	r2, [r4, r3]
2000080c:	2a00      	cmp	r2, #0
2000080e:	d000      	beq.n	20000812 <dcd_rp2040_irq+0x2ce>
20000810:	e0eb      	b.n	200009ea <dcd_rp2040_irq+0x4a6>
20000812:	003e      	movs	r6, r7
20000814:	e6c4      	b.n	200005a0 <dcd_rp2040_irq+0x5c>
20000816:	3338      	adds	r3, #56	@ 0x38
20000818:	5ce6      	ldrb	r6, [r4, r3]
2000081a:	2e00      	cmp	r6, #0
2000081c:	d100      	bne.n	20000820 <dcd_rp2040_irq+0x2dc>
2000081e:	e6aa      	b.n	20000576 <dcd_rp2040_irq+0x32>
20000820:	3302      	adds	r3, #2
20000822:	5ce2      	ldrb	r2, [r4, r3]
20000824:	2a00      	cmp	r2, #0
20000826:	d100      	bne.n	2000082a <dcd_rp2040_irq+0x2e6>
20000828:	e6a5      	b.n	20000576 <dcd_rp2040_irq+0x32>
2000082a:	0020      	movs	r0, r4
2000082c:	2200      	movs	r2, #0
2000082e:	3020      	adds	r0, #32
20000830:	54e2      	strb	r2, [r4, r3]
20000832:	f000 fa4d 	bl	20000cd0 <hw_endpoint_start_next_buffer>
20000836:	e69e      	b.n	20000576 <dcd_rp2040_irq+0x32>
20000838:	33b9      	adds	r3, #185	@ 0xb9
2000083a:	33ff      	adds	r3, #255	@ 0xff
2000083c:	5ce7      	ldrb	r7, [r4, r3]
2000083e:	2f00      	cmp	r7, #0
20000840:	d100      	bne.n	20000844 <dcd_rp2040_irq+0x300>
20000842:	e6b9      	b.n	200005b8 <dcd_rp2040_irq+0x74>
20000844:	3302      	adds	r3, #2
20000846:	5ce2      	ldrb	r2, [r4, r3]
20000848:	2a00      	cmp	r2, #0
2000084a:	d000      	beq.n	2000084e <dcd_rp2040_irq+0x30a>
2000084c:	e0c4      	b.n	200009d8 <dcd_rp2040_irq+0x494>
2000084e:	003e      	movs	r6, r7
20000850:	e6b2      	b.n	200005b8 <dcd_rp2040_irq+0x74>
20000852:	4b18      	ldr	r3, [pc, #96]	@ (200008b4 <dcd_rp2040_irq+0x370>)
20000854:	5ce7      	ldrb	r7, [r4, r3]
20000856:	2f00      	cmp	r7, #0
20000858:	d100      	bne.n	2000085c <dcd_rp2040_irq+0x318>
2000085a:	e6c7      	b.n	200005ec <dcd_rp2040_irq+0xa8>
2000085c:	3302      	adds	r3, #2
2000085e:	5ce2      	ldrb	r2, [r4, r3]
20000860:	2a00      	cmp	r2, #0
20000862:	d000      	beq.n	20000866 <dcd_rp2040_irq+0x322>
20000864:	e0b0      	b.n	200009c8 <dcd_rp2040_irq+0x484>
20000866:	003e      	movs	r6, r7
20000868:	e6c0      	b.n	200005ec <dcd_rp2040_irq+0xa8>
2000086a:	46c0      	nop			@ (mov r8, r8)
2000086c:	50110000 	.word	0x50110000
20000870:	40054000 	.word	0x40054000
20000874:	20001a64 	.word	0x20001a64
20000878:	20001a5c 	.word	0x20001a5c
2000087c:	0000023b 	.word	0x0000023b
20000880:	0000027b 	.word	0x0000027b
20000884:	000002bb 	.word	0x000002bb
20000888:	000002fb 	.word	0x000002fb
2000088c:	0000033b 	.word	0x0000033b
20000890:	0000037b 	.word	0x0000037b
20000894:	000003bb 	.word	0x000003bb
20000898:	000003fb 	.word	0x000003fb
2000089c:	20001fd6 	.word	0x20001fd6
200008a0:	50113000 	.word	0x50113000
200008a4:	00020010 	.word	0x00020010
200008a8:	50100000 	.word	0x50100000
200008ac:	50112000 	.word	0x50112000
200008b0:	0000027a 	.word	0x0000027a
200008b4:	000002fa 	.word	0x000002fa
200008b8:	4b6b      	ldr	r3, [pc, #428]	@ (20000a68 <dcd_rp2040_irq+0x524>)
200008ba:	5ce7      	ldrb	r7, [r4, r3]
200008bc:	2f00      	cmp	r7, #0
200008be:	d100      	bne.n	200008c2 <dcd_rp2040_irq+0x37e>
200008c0:	e685      	b.n	200005ce <dcd_rp2040_irq+0x8a>
200008c2:	3302      	adds	r3, #2
200008c4:	5ce2      	ldrb	r2, [r4, r3]
200008c6:	2a00      	cmp	r2, #0
200008c8:	d176      	bne.n	200009b8 <dcd_rp2040_irq+0x474>
200008ca:	003e      	movs	r6, r7
200008cc:	e67f      	b.n	200005ce <dcd_rp2040_irq+0x8a>
200008ce:	4b67      	ldr	r3, [pc, #412]	@ (20000a6c <dcd_rp2040_irq+0x528>)
200008d0:	5ce7      	ldrb	r7, [r4, r3]
200008d2:	2f00      	cmp	r7, #0
200008d4:	d100      	bne.n	200008d8 <dcd_rp2040_irq+0x394>
200008d6:	e684      	b.n	200005e2 <dcd_rp2040_irq+0x9e>
200008d8:	3302      	adds	r3, #2
200008da:	5ce2      	ldrb	r2, [r4, r3]
200008dc:	2a00      	cmp	r2, #0
200008de:	d163      	bne.n	200009a8 <dcd_rp2040_irq+0x464>
200008e0:	003e      	movs	r6, r7
200008e2:	e67e      	b.n	200005e2 <dcd_rp2040_irq+0x9e>
200008e4:	4b62      	ldr	r3, [pc, #392]	@ (20000a70 <dcd_rp2040_irq+0x52c>)
200008e6:	5ce7      	ldrb	r7, [r4, r3]
200008e8:	2f00      	cmp	r7, #0
200008ea:	d100      	bne.n	200008ee <dcd_rp2040_irq+0x3aa>
200008ec:	e688      	b.n	20000600 <dcd_rp2040_irq+0xbc>
200008ee:	3302      	adds	r3, #2
200008f0:	5ce2      	ldrb	r2, [r4, r3]
200008f2:	2a00      	cmp	r2, #0
200008f4:	d000      	beq.n	200008f8 <dcd_rp2040_irq+0x3b4>
200008f6:	e0a3      	b.n	20000a40 <dcd_rp2040_irq+0x4fc>
200008f8:	4b5e      	ldr	r3, [pc, #376]	@ (20000a74 <dcd_rp2040_irq+0x530>)
200008fa:	5ce3      	ldrb	r3, [r4, r3]
200008fc:	2b02      	cmp	r3, #2
200008fe:	d130      	bne.n	20000962 <dcd_rp2040_irq+0x41e>
20000900:	4b5d      	ldr	r3, [pc, #372]	@ (20000a78 <dcd_rp2040_irq+0x534>)
20000902:	5ce3      	ldrb	r3, [r4, r3]
20000904:	2b00      	cmp	r3, #0
20000906:	d127      	bne.n	20000958 <dcd_rp2040_irq+0x414>
20000908:	4b5c      	ldr	r3, [pc, #368]	@ (20000a7c <dcd_rp2040_irq+0x538>)
2000090a:	5ce3      	ldrb	r3, [r4, r3]
2000090c:	2b02      	cmp	r3, #2
2000090e:	d000      	beq.n	20000912 <dcd_rp2040_irq+0x3ce>
20000910:	e68b      	b.n	2000062a <dcd_rp2040_irq+0xe6>
20000912:	003e      	movs	r6, r7
20000914:	4b5a      	ldr	r3, [pc, #360]	@ (20000a80 <dcd_rp2040_irq+0x53c>)
20000916:	5ce3      	ldrb	r3, [r4, r3]
20000918:	2b00      	cmp	r3, #0
2000091a:	d100      	bne.n	2000091e <dcd_rp2040_irq+0x3da>
2000091c:	e67a      	b.n	20000614 <dcd_rp2040_irq+0xd0>
2000091e:	23ff      	movs	r3, #255	@ 0xff
20000920:	009b      	lsls	r3, r3, #2
20000922:	5ce2      	ldrb	r2, [r4, r3]
20000924:	2a00      	cmp	r2, #0
20000926:	d100      	bne.n	2000092a <dcd_rp2040_irq+0x3e6>
20000928:	e67f      	b.n	2000062a <dcd_rp2040_irq+0xe6>
2000092a:	2200      	movs	r2, #0
2000092c:	54e2      	strb	r2, [r4, r3]
2000092e:	3b1c      	subs	r3, #28
20000930:	18e0      	adds	r0, r4, r3
20000932:	f000 f9cd 	bl	20000cd0 <hw_endpoint_start_next_buffer>
20000936:	e678      	b.n	2000062a <dcd_rp2040_irq+0xe6>
20000938:	4b52      	ldr	r3, [pc, #328]	@ (20000a84 <dcd_rp2040_irq+0x540>)
2000093a:	5ce7      	ldrb	r7, [r4, r3]
2000093c:	2f00      	cmp	r7, #0
2000093e:	d100      	bne.n	20000942 <dcd_rp2040_irq+0x3fe>
20000940:	e659      	b.n	200005f6 <dcd_rp2040_irq+0xb2>
20000942:	3302      	adds	r3, #2
20000944:	5ce2      	ldrb	r2, [r4, r3]
20000946:	2a00      	cmp	r2, #0
20000948:	d116      	bne.n	20000978 <dcd_rp2040_irq+0x434>
2000094a:	003e      	movs	r6, r7
2000094c:	e653      	b.n	200005f6 <dcd_rp2040_irq+0xb2>
2000094e:	4b4a      	ldr	r3, [pc, #296]	@ (20000a78 <dcd_rp2040_irq+0x534>)
20000950:	5ce3      	ldrb	r3, [r4, r3]
20000952:	2b00      	cmp	r3, #0
20000954:	d100      	bne.n	20000958 <dcd_rp2040_irq+0x414>
20000956:	e658      	b.n	2000060a <dcd_rp2040_irq+0xc6>
20000958:	23ef      	movs	r3, #239	@ 0xef
2000095a:	009b      	lsls	r3, r3, #2
2000095c:	5ce2      	ldrb	r2, [r4, r3]
2000095e:	2a00      	cmp	r2, #0
20000960:	d175      	bne.n	20000a4e <dcd_rp2040_irq+0x50a>
20000962:	4b46      	ldr	r3, [pc, #280]	@ (20000a7c <dcd_rp2040_irq+0x538>)
20000964:	5ce3      	ldrb	r3, [r4, r3]
20000966:	2b02      	cmp	r3, #2
20000968:	d000      	beq.n	2000096c <dcd_rp2040_irq+0x428>
2000096a:	e65e      	b.n	2000062a <dcd_rp2040_irq+0xe6>
2000096c:	4b44      	ldr	r3, [pc, #272]	@ (20000a80 <dcd_rp2040_irq+0x53c>)
2000096e:	5ce3      	ldrb	r3, [r4, r3]
20000970:	2b00      	cmp	r3, #0
20000972:	d100      	bne.n	20000976 <dcd_rp2040_irq+0x432>
20000974:	e659      	b.n	2000062a <dcd_rp2040_irq+0xe6>
20000976:	e7d2      	b.n	2000091e <dcd_rp2040_irq+0x3da>
20000978:	2200      	movs	r2, #0
2000097a:	54e2      	strb	r2, [r4, r3]
2000097c:	3b1c      	subs	r3, #28
2000097e:	18e0      	adds	r0, r4, r3
20000980:	f000 f9a6 	bl	20000cd0 <hw_endpoint_start_next_buffer>
20000984:	003e      	movs	r6, r7
20000986:	e636      	b.n	200005f6 <dcd_rp2040_irq+0xb2>
20000988:	0020      	movs	r0, r4
2000098a:	2200      	movs	r2, #0
2000098c:	30a0      	adds	r0, #160	@ 0xa0
2000098e:	54e2      	strb	r2, [r4, r3]
20000990:	003e      	movs	r6, r7
20000992:	f000 f99d 	bl	20000cd0 <hw_endpoint_start_next_buffer>
20000996:	e5f8      	b.n	2000058a <dcd_rp2040_irq+0x46>
20000998:	0020      	movs	r0, r4
2000099a:	2200      	movs	r2, #0
2000099c:	3060      	adds	r0, #96	@ 0x60
2000099e:	54e2      	strb	r2, [r4, r3]
200009a0:	003e      	movs	r6, r7
200009a2:	f000 f995 	bl	20000cd0 <hw_endpoint_start_next_buffer>
200009a6:	e5eb      	b.n	20000580 <dcd_rp2040_irq+0x3c>
200009a8:	2200      	movs	r2, #0
200009aa:	54e2      	strb	r2, [r4, r3]
200009ac:	3b1c      	subs	r3, #28
200009ae:	18e0      	adds	r0, r4, r3
200009b0:	f000 f98e 	bl	20000cd0 <hw_endpoint_start_next_buffer>
200009b4:	003e      	movs	r6, r7
200009b6:	e614      	b.n	200005e2 <dcd_rp2040_irq+0x9e>
200009b8:	2200      	movs	r2, #0
200009ba:	54e2      	strb	r2, [r4, r3]
200009bc:	3b1c      	subs	r3, #28
200009be:	18e0      	adds	r0, r4, r3
200009c0:	f000 f986 	bl	20000cd0 <hw_endpoint_start_next_buffer>
200009c4:	003e      	movs	r6, r7
200009c6:	e602      	b.n	200005ce <dcd_rp2040_irq+0x8a>
200009c8:	2200      	movs	r2, #0
200009ca:	54e2      	strb	r2, [r4, r3]
200009cc:	3b1c      	subs	r3, #28
200009ce:	18e0      	adds	r0, r4, r3
200009d0:	f000 f97e 	bl	20000cd0 <hw_endpoint_start_next_buffer>
200009d4:	003e      	movs	r6, r7
200009d6:	e609      	b.n	200005ec <dcd_rp2040_irq+0xa8>
200009d8:	0020      	movs	r0, r4
200009da:	2200      	movs	r2, #0
200009dc:	30a1      	adds	r0, #161	@ 0xa1
200009de:	30ff      	adds	r0, #255	@ 0xff
200009e0:	54e2      	strb	r2, [r4, r3]
200009e2:	003e      	movs	r6, r7
200009e4:	f000 f974 	bl	20000cd0 <hw_endpoint_start_next_buffer>
200009e8:	e5e6      	b.n	200005b8 <dcd_rp2040_irq+0x74>
200009ea:	0020      	movs	r0, r4
200009ec:	2200      	movs	r2, #0
200009ee:	3021      	adds	r0, #33	@ 0x21
200009f0:	30ff      	adds	r0, #255	@ 0xff
200009f2:	54e2      	strb	r2, [r4, r3]
200009f4:	003e      	movs	r6, r7
200009f6:	f000 f96b 	bl	20000cd0 <hw_endpoint_start_next_buffer>
200009fa:	e5d1      	b.n	200005a0 <dcd_rp2040_irq+0x5c>
200009fc:	2200      	movs	r2, #0
200009fe:	54e2      	strb	r2, [r4, r3]
20000a00:	3b1c      	subs	r3, #28
20000a02:	18e0      	adds	r0, r4, r3
20000a04:	f000 f964 	bl	20000cd0 <hw_endpoint_start_next_buffer>
20000a08:	003e      	movs	r6, r7
20000a0a:	e5e5      	b.n	200005d8 <dcd_rp2040_irq+0x94>
20000a0c:	0020      	movs	r0, r4
20000a0e:	2200      	movs	r2, #0
20000a10:	3061      	adds	r0, #97	@ 0x61
20000a12:	30ff      	adds	r0, #255	@ 0xff
20000a14:	54e2      	strb	r2, [r4, r3]
20000a16:	003e      	movs	r6, r7
20000a18:	f000 f95a 	bl	20000cd0 <hw_endpoint_start_next_buffer>
20000a1c:	e5c6      	b.n	200005ac <dcd_rp2040_irq+0x68>
20000a1e:	0020      	movs	r0, r4
20000a20:	2200      	movs	r2, #0
20000a22:	30e1      	adds	r0, #225	@ 0xe1
20000a24:	30ff      	adds	r0, #255	@ 0xff
20000a26:	54e2      	strb	r2, [r4, r3]
20000a28:	003e      	movs	r6, r7
20000a2a:	f000 f951 	bl	20000cd0 <hw_endpoint_start_next_buffer>
20000a2e:	e5c9      	b.n	200005c4 <dcd_rp2040_irq+0x80>
20000a30:	0020      	movs	r0, r4
20000a32:	2200      	movs	r2, #0
20000a34:	30e0      	adds	r0, #224	@ 0xe0
20000a36:	54e2      	strb	r2, [r4, r3]
20000a38:	003e      	movs	r6, r7
20000a3a:	f000 f949 	bl	20000cd0 <hw_endpoint_start_next_buffer>
20000a3e:	e5a9      	b.n	20000594 <dcd_rp2040_irq+0x50>
20000a40:	2200      	movs	r2, #0
20000a42:	54e2      	strb	r2, [r4, r3]
20000a44:	3b1c      	subs	r3, #28
20000a46:	18e0      	adds	r0, r4, r3
20000a48:	f000 f942 	bl	20000cd0 <hw_endpoint_start_next_buffer>
20000a4c:	e754      	b.n	200008f8 <dcd_rp2040_irq+0x3b4>
20000a4e:	2200      	movs	r2, #0
20000a50:	54e2      	strb	r2, [r4, r3]
20000a52:	3b1c      	subs	r3, #28
20000a54:	18e0      	adds	r0, r4, r3
20000a56:	f000 f93b 	bl	20000cd0 <hw_endpoint_start_next_buffer>
20000a5a:	e782      	b.n	20000962 <dcd_rp2040_irq+0x41e>
20000a5c:	0031      	movs	r1, r6
20000a5e:	480a      	ldr	r0, [pc, #40]	@ (20000a88 <dcd_rp2040_irq+0x544>)
20000a60:	4069      	eors	r1, r5
20000a62:	f000 fa9d 	bl	20000fa0 <__panic_veneer>
20000a66:	46c0      	nop			@ (mov r8, r8)
20000a68:	0000023a 	.word	0x0000023a
20000a6c:	000002ba 	.word	0x000002ba
20000a70:	0000037a 	.word	0x0000037a
20000a74:	000003bb 	.word	0x000003bb
20000a78:	000003ba 	.word	0x000003ba
20000a7c:	000003fb 	.word	0x000003fb
20000a80:	000003fa 	.word	0x000003fa
20000a84:	0000033a 	.word	0x0000033a
20000a88:	1000790c 	.word	0x1000790c

20000a8c <prepare_ep_buffer>:
20000a8c:	b5f0      	push	{r4, r5, r6, r7, lr}
20000a8e:	46c6      	mov	lr, r8
20000a90:	b500      	push	{lr}
20000a92:	0002      	movs	r2, r0
20000a94:	8a83      	ldrh	r3, [r0, #20]
20000a96:	8b00      	ldrh	r0, [r0, #24]
20000a98:	468c      	mov	ip, r1
20000a9a:	1c01      	adds	r1, r0, #0
20000a9c:	4298      	cmp	r0, r3
20000a9e:	d900      	bls.n	20000aa2 <prepare_ep_buffer+0x16>
20000aa0:	1c19      	adds	r1, r3, #0
20000aa2:	78d4      	ldrb	r4, [r2, #3]
20000aa4:	2580      	movs	r5, #128	@ 0x80
20000aa6:	0020      	movs	r0, r4
20000aa8:	1e46      	subs	r6, r0, #1
20000aaa:	41b0      	sbcs	r0, r6
20000aac:	b289      	uxth	r1, r1
20000aae:	00ed      	lsls	r5, r5, #3
20000ab0:	430d      	orrs	r5, r1
20000ab2:	0340      	lsls	r0, r0, #13
20000ab4:	4328      	orrs	r0, r5
20000ab6:	2501      	movs	r5, #1
20000ab8:	406c      	eors	r4, r5
20000aba:	1a5b      	subs	r3, r3, r1
20000abc:	70d4      	strb	r4, [r2, #3]
20000abe:	7854      	ldrb	r4, [r2, #1]
20000ac0:	b29b      	uxth	r3, r3
20000ac2:	8293      	strh	r3, [r2, #20]
20000ac4:	2c00      	cmp	r4, #0
20000ac6:	d131      	bne.n	20000b2c <prepare_ep_buffer+0xa0>
20000ac8:	4664      	mov	r4, ip
20000aca:	68d5      	ldr	r5, [r2, #12]
20000acc:	01a4      	lsls	r4, r4, #6
20000ace:	1e4e      	subs	r6, r1, #1
20000ad0:	192d      	adds	r5, r5, r4
20000ad2:	46b0      	mov	r8, r6
20000ad4:	6914      	ldr	r4, [r2, #16]
20000ad6:	2900      	cmp	r1, #0
20000ad8:	d023      	beq.n	20000b22 <prepare_ep_buffer+0x96>
20000ada:	2e06      	cmp	r6, #6
20000adc:	d932      	bls.n	20000b44 <prepare_ep_buffer+0xb8>
20000ade:	002b      	movs	r3, r5
20000ae0:	4323      	orrs	r3, r4
20000ae2:	079b      	lsls	r3, r3, #30
20000ae4:	d12e      	bne.n	20000b44 <prepare_ep_buffer+0xb8>
20000ae6:	1c63      	adds	r3, r4, #1
20000ae8:	1aeb      	subs	r3, r5, r3
20000aea:	2b02      	cmp	r3, #2
20000aec:	d92a      	bls.n	20000b44 <prepare_ep_buffer+0xb8>
20000aee:	2300      	movs	r3, #0
20000af0:	088f      	lsrs	r7, r1, #2
20000af2:	00bf      	lsls	r7, r7, #2
20000af4:	58e6      	ldr	r6, [r4, r3]
20000af6:	50ee      	str	r6, [r5, r3]
20000af8:	3304      	adds	r3, #4
20000afa:	429f      	cmp	r7, r3
20000afc:	d1fa      	bne.n	20000af4 <prepare_ep_buffer+0x68>
20000afe:	4643      	mov	r3, r8
20000b00:	19ed      	adds	r5, r5, r7
20000b02:	1bdb      	subs	r3, r3, r7
20000b04:	19e4      	adds	r4, r4, r7
20000b06:	42b9      	cmp	r1, r7
20000b08:	d009      	beq.n	20000b1e <prepare_ep_buffer+0x92>
20000b0a:	7826      	ldrb	r6, [r4, #0]
20000b0c:	702e      	strb	r6, [r5, #0]
20000b0e:	2b00      	cmp	r3, #0
20000b10:	d005      	beq.n	20000b1e <prepare_ep_buffer+0x92>
20000b12:	7866      	ldrb	r6, [r4, #1]
20000b14:	706e      	strb	r6, [r5, #1]
20000b16:	2b01      	cmp	r3, #1
20000b18:	d001      	beq.n	20000b1e <prepare_ep_buffer+0x92>
20000b1a:	78a3      	ldrb	r3, [r4, #2]
20000b1c:	70ab      	strb	r3, [r5, #2]
20000b1e:	6914      	ldr	r4, [r2, #16]
20000b20:	8a93      	ldrh	r3, [r2, #20]
20000b22:	1864      	adds	r4, r4, r1
20000b24:	6114      	str	r4, [r2, #16]
20000b26:	2280      	movs	r2, #128	@ 0x80
20000b28:	0212      	lsls	r2, r2, #8
20000b2a:	4310      	orrs	r0, r2
20000b2c:	2b00      	cmp	r3, #0
20000b2e:	d102      	bne.n	20000b36 <prepare_ep_buffer+0xaa>
20000b30:	2380      	movs	r3, #128	@ 0x80
20000b32:	01db      	lsls	r3, r3, #7
20000b34:	4318      	orrs	r0, r3
20000b36:	4663      	mov	r3, ip
20000b38:	2b00      	cmp	r3, #0
20000b3a:	d000      	beq.n	20000b3e <prepare_ep_buffer+0xb2>
20000b3c:	0400      	lsls	r0, r0, #16
20000b3e:	bc80      	pop	{r7}
20000b40:	46b8      	mov	r8, r7
20000b42:	bdf0      	pop	{r4, r5, r6, r7, pc}
20000b44:	2300      	movs	r3, #0
20000b46:	5ce6      	ldrb	r6, [r4, r3]
20000b48:	54ee      	strb	r6, [r5, r3]
20000b4a:	3301      	adds	r3, #1
20000b4c:	4299      	cmp	r1, r3
20000b4e:	d1fa      	bne.n	20000b46 <prepare_ep_buffer+0xba>
20000b50:	e7e5      	b.n	20000b1e <prepare_ep_buffer+0x92>
20000b52:	46c0      	nop			@ (mov r8, r8)

20000b54 <sync_ep_buffer>:
20000b54:	6883      	ldr	r3, [r0, #8]
20000b56:	b5f0      	push	{r4, r5, r6, r7, lr}
20000b58:	681a      	ldr	r2, [r3, #0]
20000b5a:	0004      	movs	r4, r0
20000b5c:	2900      	cmp	r1, #0
20000b5e:	d000      	beq.n	20000b62 <sync_ep_buffer+0xe>
20000b60:	0c12      	lsrs	r2, r2, #16
20000b62:	7863      	ldrb	r3, [r4, #1]
20000b64:	0592      	lsls	r2, r2, #22
20000b66:	0d90      	lsrs	r0, r2, #22
20000b68:	2b00      	cmp	r3, #0
20000b6a:	d108      	bne.n	20000b7e <sync_ep_buffer+0x2a>
20000b6c:	8ae3      	ldrh	r3, [r4, #22]
20000b6e:	18c3      	adds	r3, r0, r3
20000b70:	82e3      	strh	r3, [r4, #22]
20000b72:	8b23      	ldrh	r3, [r4, #24]
20000b74:	4283      	cmp	r3, r0
20000b76:	d901      	bls.n	20000b7c <sync_ep_buffer+0x28>
20000b78:	2300      	movs	r3, #0
20000b7a:	82a3      	strh	r3, [r4, #20]
20000b7c:	bdf0      	pop	{r4, r5, r6, r7, pc}
20000b7e:	68e3      	ldr	r3, [r4, #12]
20000b80:	0189      	lsls	r1, r1, #6
20000b82:	6925      	ldr	r5, [r4, #16]
20000b84:	185e      	adds	r6, r3, r1
20000b86:	1e47      	subs	r7, r0, #1
20000b88:	2800      	cmp	r0, #0
20000b8a:	d022      	beq.n	20000bd2 <sync_ep_buffer+0x7e>
20000b8c:	2f06      	cmp	r7, #6
20000b8e:	d926      	bls.n	20000bde <sync_ep_buffer+0x8a>
20000b90:	3101      	adds	r1, #1
20000b92:	185b      	adds	r3, r3, r1
20000b94:	1aeb      	subs	r3, r5, r3
20000b96:	2b02      	cmp	r3, #2
20000b98:	d921      	bls.n	20000bde <sync_ep_buffer+0x8a>
20000b9a:	002b      	movs	r3, r5
20000b9c:	4333      	orrs	r3, r6
20000b9e:	079b      	lsls	r3, r3, #30
20000ba0:	d11d      	bne.n	20000bde <sync_ep_buffer+0x8a>
20000ba2:	2300      	movs	r3, #0
20000ba4:	0e12      	lsrs	r2, r2, #24
20000ba6:	0092      	lsls	r2, r2, #2
20000ba8:	58f1      	ldr	r1, [r6, r3]
20000baa:	50e9      	str	r1, [r5, r3]
20000bac:	3304      	adds	r3, #4
20000bae:	429a      	cmp	r2, r3
20000bb0:	d1fa      	bne.n	20000ba8 <sync_ep_buffer+0x54>
20000bb2:	1abf      	subs	r7, r7, r2
20000bb4:	18ad      	adds	r5, r5, r2
20000bb6:	18b6      	adds	r6, r6, r2
20000bb8:	4290      	cmp	r0, r2
20000bba:	d009      	beq.n	20000bd0 <sync_ep_buffer+0x7c>
20000bbc:	7832      	ldrb	r2, [r6, #0]
20000bbe:	702a      	strb	r2, [r5, #0]
20000bc0:	2f00      	cmp	r7, #0
20000bc2:	d005      	beq.n	20000bd0 <sync_ep_buffer+0x7c>
20000bc4:	7872      	ldrb	r2, [r6, #1]
20000bc6:	706a      	strb	r2, [r5, #1]
20000bc8:	2f01      	cmp	r7, #1
20000bca:	d001      	beq.n	20000bd0 <sync_ep_buffer+0x7c>
20000bcc:	78b2      	ldrb	r2, [r6, #2]
20000bce:	70aa      	strb	r2, [r5, #2]
20000bd0:	6925      	ldr	r5, [r4, #16]
20000bd2:	8ae3      	ldrh	r3, [r4, #22]
20000bd4:	182d      	adds	r5, r5, r0
20000bd6:	18c3      	adds	r3, r0, r3
20000bd8:	82e3      	strh	r3, [r4, #22]
20000bda:	6125      	str	r5, [r4, #16]
20000bdc:	e7c9      	b.n	20000b72 <sync_ep_buffer+0x1e>
20000bde:	2200      	movs	r2, #0
20000be0:	5cb3      	ldrb	r3, [r6, r2]
20000be2:	54ab      	strb	r3, [r5, r2]
20000be4:	3201      	adds	r2, #1
20000be6:	4290      	cmp	r0, r2
20000be8:	d1fa      	bne.n	20000be0 <sync_ep_buffer+0x8c>
20000bea:	6925      	ldr	r5, [r4, #16]
20000bec:	e7f1      	b.n	20000bd2 <sync_ep_buffer+0x7e>
20000bee:	46c0      	nop			@ (mov r8, r8)

20000bf0 <_hw_endpoint_xfer_sync>:
20000bf0:	b510      	push	{r4, lr}
20000bf2:	0004      	movs	r4, r0
20000bf4:	6883      	ldr	r3, [r0, #8]
20000bf6:	2100      	movs	r1, #0
20000bf8:	681b      	ldr	r3, [r3, #0]
20000bfa:	f7ff ffab 	bl	20000b54 <sync_ep_buffer>
20000bfe:	6863      	ldr	r3, [r4, #4]
20000c00:	681b      	ldr	r3, [r3, #0]
20000c02:	005b      	lsls	r3, r3, #1
20000c04:	d502      	bpl.n	20000c0c <_hw_endpoint_xfer_sync+0x1c>
20000c06:	8b23      	ldrh	r3, [r4, #24]
20000c08:	4283      	cmp	r3, r0
20000c0a:	d000      	beq.n	20000c0e <_hw_endpoint_xfer_sync+0x1e>
20000c0c:	bd10      	pop	{r4, pc}
20000c0e:	2101      	movs	r1, #1
20000c10:	0020      	movs	r0, r4
20000c12:	f7ff ff9f 	bl	20000b54 <sync_ep_buffer>
20000c16:	e7f9      	b.n	20000c0c <_hw_endpoint_xfer_sync+0x1c>

20000c18 <e15_is_bulkin_ep>:
20000c18:	4a08      	ldr	r2, [pc, #32]	@ (20000c3c <e15_is_bulkin_ep+0x24>)
20000c1a:	0003      	movs	r3, r0
20000c1c:	6c12      	ldr	r2, [r2, #64]	@ 0x40
20000c1e:	2000      	movs	r0, #0
20000c20:	0792      	lsls	r2, r2, #30
20000c22:	d403      	bmi.n	20000c2c <e15_is_bulkin_ep+0x14>
20000c24:	789a      	ldrb	r2, [r3, #2]
20000c26:	09d2      	lsrs	r2, r2, #7
20000c28:	2a01      	cmp	r2, #1
20000c2a:	d000      	beq.n	20000c2e <e15_is_bulkin_ep+0x16>
20000c2c:	4770      	bx	lr
20000c2e:	7ed8      	ldrb	r0, [r3, #27]
20000c30:	3802      	subs	r0, #2
20000c32:	4243      	negs	r3, r0
20000c34:	4158      	adcs	r0, r3
20000c36:	b2c0      	uxtb	r0, r0
20000c38:	e7f8      	b.n	20000c2c <e15_is_bulkin_ep+0x14>
20000c3a:	46c0      	nop			@ (mov r8, r8)
20000c3c:	50110000 	.word	0x50110000

20000c40 <e15_is_critical_frame_period>:
20000c40:	b510      	push	{r4, lr}
20000c42:	f7ff ffe9 	bl	20000c18 <e15_is_bulkin_ep>
20000c46:	2800      	cmp	r0, #0
20000c48:	d00c      	beq.n	20000c64 <e15_is_critical_frame_period+0x24>
20000c4a:	4907      	ldr	r1, [pc, #28]	@ (20000c68 <e15_is_critical_frame_period+0x28>)
20000c4c:	4b07      	ldr	r3, [pc, #28]	@ (20000c6c <e15_is_critical_frame_period+0x2c>)
20000c4e:	468c      	mov	ip, r1
20000c50:	4a07      	ldr	r2, [pc, #28]	@ (20000c70 <e15_is_critical_frame_period+0x30>)
20000c52:	6a9b      	ldr	r3, [r3, #40]	@ 0x28
20000c54:	6812      	ldr	r2, [r2, #0]
20000c56:	4463      	add	r3, ip
20000c58:	1a9b      	subs	r3, r3, r2
20000c5a:	2000      	movs	r0, #0
20000c5c:	22c6      	movs	r2, #198	@ 0xc6
20000c5e:	429a      	cmp	r2, r3
20000c60:	4140      	adcs	r0, r0
20000c62:	b2c0      	uxtb	r0, r0
20000c64:	bd10      	pop	{r4, pc}
20000c66:	46c0      	nop			@ (mov r8, r8)
20000c68:	fffffce0 	.word	0xfffffce0
20000c6c:	40054000 	.word	0x40054000
20000c70:	20001a5c 	.word	0x20001a5c

20000c74 <hw_endpoint_reset_transfer>:
20000c74:	2300      	movs	r3, #0
20000c76:	7683      	strb	r3, [r0, #26]
20000c78:	6143      	str	r3, [r0, #20]
20000c7a:	6103      	str	r3, [r0, #16]
20000c7c:	4770      	bx	lr
20000c7e:	46c0      	nop			@ (mov r8, r8)

20000c80 <_hw_endpoint_buffer_control_update32>:
20000c80:	b510      	push	{r4, lr}
20000c82:	6883      	ldr	r3, [r0, #8]
20000c84:	2900      	cmp	r1, #0
20000c86:	d001      	beq.n	20000c8c <_hw_endpoint_buffer_control_update32+0xc>
20000c88:	681c      	ldr	r4, [r3, #0]
20000c8a:	4021      	ands	r1, r4
20000c8c:	2a00      	cmp	r2, #0
20000c8e:	d012      	beq.n	20000cb6 <_hw_endpoint_buffer_control_update32+0x36>
20000c90:	2480      	movs	r4, #128	@ 0x80
20000c92:	00e4      	lsls	r4, r4, #3
20000c94:	4311      	orrs	r1, r2
20000c96:	4222      	tst	r2, r4
20000c98:	d00d      	beq.n	20000cb6 <_hw_endpoint_buffer_control_update32+0x36>
20000c9a:	681a      	ldr	r2, [r3, #0]
20000c9c:	4222      	tst	r2, r4
20000c9e:	d10c      	bne.n	20000cba <_hw_endpoint_buffer_control_update32+0x3a>
20000ca0:	4a08      	ldr	r2, [pc, #32]	@ (20000cc4 <_hw_endpoint_buffer_control_update32+0x44>)
20000ca2:	400a      	ands	r2, r1
20000ca4:	601a      	str	r2, [r3, #0]
20000ca6:	4a08      	ldr	r2, [pc, #32]	@ (20000cc8 <_hw_endpoint_buffer_control_update32+0x48>)
20000ca8:	6c12      	ldr	r2, [r2, #64]	@ 0x40
20000caa:	0792      	lsls	r2, r2, #30
20000cac:	d403      	bmi.n	20000cb6 <_hw_endpoint_buffer_control_update32+0x36>
20000cae:	230c      	movs	r3, #12
20000cb0:	3b03      	subs	r3, #3
20000cb2:	d2fd      	bcs.n	20000cb0 <_hw_endpoint_buffer_control_update32+0x30>
20000cb4:	6883      	ldr	r3, [r0, #8]
20000cb6:	6019      	str	r1, [r3, #0]
20000cb8:	bd10      	pop	{r4, pc}
20000cba:	7881      	ldrb	r1, [r0, #2]
20000cbc:	4803      	ldr	r0, [pc, #12]	@ (20000ccc <_hw_endpoint_buffer_control_update32+0x4c>)
20000cbe:	f000 f96f 	bl	20000fa0 <__panic_veneer>
20000cc2:	46c0      	nop			@ (mov r8, r8)
20000cc4:	fffffbff 	.word	0xfffffbff
20000cc8:	50110000 	.word	0x50110000
20000ccc:	10007920 	.word	0x10007920

20000cd0 <hw_endpoint_start_next_buffer>:
20000cd0:	6843      	ldr	r3, [r0, #4]
20000cd2:	b570      	push	{r4, r5, r6, lr}
20000cd4:	2100      	movs	r1, #0
20000cd6:	2580      	movs	r5, #128	@ 0x80
20000cd8:	0004      	movs	r4, r0
20000cda:	681e      	ldr	r6, [r3, #0]
20000cdc:	f7ff fed6 	bl	20000a8c <prepare_ep_buffer>
20000ce0:	4b12      	ldr	r3, [pc, #72]	@ (20000d2c <hw_endpoint_start_next_buffer+0x5c>)
20000ce2:	016d      	lsls	r5, r5, #5
20000ce4:	6c1a      	ldr	r2, [r3, #64]	@ 0x40
20000ce6:	4305      	orrs	r5, r0
20000ce8:	78a3      	ldrb	r3, [r4, #2]
20000cea:	0792      	lsls	r2, r2, #30
20000cec:	d50e      	bpl.n	20000d0c <hw_endpoint_start_next_buffer+0x3c>
20000cee:	065b      	lsls	r3, r3, #25
20000cf0:	d00e      	beq.n	20000d10 <hw_endpoint_start_next_buffer+0x40>
20000cf2:	4b0f      	ldr	r3, [pc, #60]	@ (20000d30 <hw_endpoint_start_next_buffer+0x60>)
20000cf4:	401e      	ands	r6, r3
20000cf6:	2380      	movs	r3, #128	@ 0x80
20000cf8:	059b      	lsls	r3, r3, #22
20000cfa:	4333      	orrs	r3, r6
20000cfc:	6862      	ldr	r2, [r4, #4]
20000cfe:	2100      	movs	r1, #0
20000d00:	6013      	str	r3, [r2, #0]
20000d02:	0020      	movs	r0, r4
20000d04:	002a      	movs	r2, r5
20000d06:	f7ff ffbb 	bl	20000c80 <_hw_endpoint_buffer_control_update32>
20000d0a:	bd70      	pop	{r4, r5, r6, pc}
20000d0c:	09db      	lsrs	r3, r3, #7
20000d0e:	d0f0      	beq.n	20000cf2 <hw_endpoint_start_next_buffer+0x22>
20000d10:	8aa3      	ldrh	r3, [r4, #20]
20000d12:	2b00      	cmp	r3, #0
20000d14:	d0ed      	beq.n	20000cf2 <hw_endpoint_start_next_buffer+0x22>
20000d16:	2101      	movs	r1, #1
20000d18:	0020      	movs	r0, r4
20000d1a:	f7ff feb7 	bl	20000a8c <prepare_ep_buffer>
20000d1e:	23a0      	movs	r3, #160	@ 0xa0
20000d20:	4a04      	ldr	r2, [pc, #16]	@ (20000d34 <hw_endpoint_start_next_buffer+0x64>)
20000d22:	05db      	lsls	r3, r3, #23
20000d24:	4032      	ands	r2, r6
20000d26:	4305      	orrs	r5, r0
20000d28:	4313      	orrs	r3, r2
20000d2a:	e7e7      	b.n	20000cfc <hw_endpoint_start_next_buffer+0x2c>
20000d2c:	50110000 	.word	0x50110000
20000d30:	afffffff 	.word	0xafffffff
20000d34:	dfffffff 	.word	0xdfffffff

20000d38 <hw_endpoint_xfer_continue>:
20000d38:	b570      	push	{r4, r5, r6, lr}
20000d3a:	7e85      	ldrb	r5, [r0, #26]
20000d3c:	0004      	movs	r4, r0
20000d3e:	2d00      	cmp	r5, #0
20000d40:	d014      	beq.n	20000d6c <hw_endpoint_xfer_continue+0x34>
20000d42:	f7ff ff55 	bl	20000bf0 <_hw_endpoint_xfer_sync>
20000d46:	8aa3      	ldrh	r3, [r4, #20]
20000d48:	2b00      	cmp	r3, #0
20000d4a:	d101      	bne.n	20000d50 <hw_endpoint_xfer_continue+0x18>
20000d4c:	0028      	movs	r0, r5
20000d4e:	bd70      	pop	{r4, r5, r6, pc}
20000d50:	0020      	movs	r0, r4
20000d52:	f7ff ff75 	bl	20000c40 <e15_is_critical_frame_period>
20000d56:	2800      	cmp	r0, #0
20000d58:	d003      	beq.n	20000d62 <hw_endpoint_xfer_continue+0x2a>
20000d5a:	2301      	movs	r3, #1
20000d5c:	2500      	movs	r5, #0
20000d5e:	7723      	strb	r3, [r4, #28]
20000d60:	e7f4      	b.n	20000d4c <hw_endpoint_xfer_continue+0x14>
20000d62:	0020      	movs	r0, r4
20000d64:	f7ff ffb4 	bl	20000cd0 <hw_endpoint_start_next_buffer>
20000d68:	2500      	movs	r5, #0
20000d6a:	e7ef      	b.n	20000d4c <hw_endpoint_xfer_continue+0x14>
20000d6c:	7881      	ldrb	r1, [r0, #2]
20000d6e:	4801      	ldr	r0, [pc, #4]	@ (20000d74 <hw_endpoint_xfer_continue+0x3c>)
20000d70:	f000 f916 	bl	20000fa0 <__panic_veneer>
20000d74:	10007940 	.word	0x10007940

20000d78 <dcd_event_handler>:
20000d78:	b5f0      	push	{r4, r5, r6, r7, lr}
20000d7a:	46ce      	mov	lr, r9
20000d7c:	4647      	mov	r7, r8
20000d7e:	b580      	push	{r7, lr}
20000d80:	7843      	ldrb	r3, [r0, #1]
20000d82:	0005      	movs	r5, r0
20000d84:	000e      	movs	r6, r1
20000d86:	b085      	sub	sp, #20
20000d88:	2b06      	cmp	r3, #6
20000d8a:	d808      	bhi.n	20000d9e <dcd_event_handler+0x26>
20000d8c:	4a6c      	ldr	r2, [pc, #432]	@ (20000f40 <dcd_event_handler+0x1c8>)
20000d8e:	009b      	lsls	r3, r3, #2
20000d90:	58d3      	ldr	r3, [r2, r3]
20000d92:	469f      	mov	pc, r3
20000d94:	4a6b      	ldr	r2, [pc, #428]	@ (20000f44 <dcd_event_handler+0x1cc>)
20000d96:	7813      	ldrb	r3, [r2, #0]
20000d98:	3301      	adds	r3, #1
20000d9a:	b2db      	uxtb	r3, r3
20000d9c:	7013      	strb	r3, [r2, #0]
20000d9e:	4b6a      	ldr	r3, [pc, #424]	@ (20000f48 <dcd_event_handler+0x1d0>)
20000da0:	681c      	ldr	r4, [r3, #0]
20000da2:	6962      	ldr	r2, [r4, #20]
20000da4:	f3ef 8110 	mrs	r1, PRIMASK
20000da8:	b672      	cpsid	i
20000daa:	6813      	ldr	r3, [r2, #0]
20000dac:	2b00      	cmp	r3, #0
20000dae:	d0fc      	beq.n	20000daa <dcd_event_handler+0x32>
20000db0:	f3bf 8f5f 	dmb	sy
20000db4:	61a1      	str	r1, [r4, #24]
20000db6:	0020      	movs	r0, r4
20000db8:	0029      	movs	r1, r5
20000dba:	f000 f8d9 	bl	20000f70 <__tu_fifo_write_veneer>
20000dbe:	6962      	ldr	r2, [r4, #20]
20000dc0:	69a3      	ldr	r3, [r4, #24]
20000dc2:	f3bf 8f5f 	dmb	sy
20000dc6:	2100      	movs	r1, #0
20000dc8:	6011      	str	r1, [r2, #0]
20000dca:	f383 8810 	msr	PRIMASK, r3
20000dce:	2800      	cmp	r0, #0
20000dd0:	d104      	bne.n	20000ddc <dcd_event_handler+0x64>
20000dd2:	b005      	add	sp, #20
20000dd4:	bcc0      	pop	{r6, r7}
20000dd6:	46b9      	mov	r9, r7
20000dd8:	46b0      	mov	r8, r6
20000dda:	bdf0      	pop	{r4, r5, r6, r7, pc}
20000ddc:	0032      	movs	r2, r6
20000dde:	7869      	ldrb	r1, [r5, #1]
20000de0:	7828      	ldrb	r0, [r5, #0]
20000de2:	f000 f8bd 	bl	20000f60 <__tud_event_hook_cb_veneer>
20000de6:	e7f4      	b.n	20000dd2 <dcd_event_handler+0x5a>
20000de8:	2101      	movs	r1, #1
20000dea:	4b58      	ldr	r3, [pc, #352]	@ (20000f4c <dcd_event_handler+0x1d4>)
20000dec:	781a      	ldrb	r2, [r3, #0]
20000dee:	438a      	bics	r2, r1
20000df0:	701a      	strb	r2, [r3, #0]
20000df2:	781a      	ldrb	r2, [r3, #0]
20000df4:	3101      	adds	r1, #1
20000df6:	438a      	bics	r2, r1
20000df8:	701a      	strb	r2, [r3, #0]
20000dfa:	2200      	movs	r2, #0
20000dfc:	705a      	strb	r2, [r3, #1]
20000dfe:	781a      	ldrb	r2, [r3, #0]
20000e00:	3102      	adds	r1, #2
20000e02:	438a      	bics	r2, r1
20000e04:	701a      	strb	r2, [r3, #0]
20000e06:	e7ca      	b.n	20000d9e <dcd_event_handler+0x26>
20000e08:	4951      	ldr	r1, [pc, #324]	@ (20000f50 <dcd_event_handler+0x1d8>)
20000e0a:	4f52      	ldr	r7, [pc, #328]	@ (20000f54 <dcd_event_handler+0x1dc>)
20000e0c:	4689      	mov	r9, r1
20000e0e:	4952      	ldr	r1, [pc, #328]	@ (20000f58 <dcd_event_handler+0x1e0>)
20000e10:	2400      	movs	r4, #0
20000e12:	2300      	movs	r3, #0
20000e14:	4688      	mov	r8, r1
20000e16:	783a      	ldrb	r2, [r7, #0]
20000e18:	e012      	b.n	20000e40 <dcd_event_handler+0xc8>
20000e1a:	4643      	mov	r3, r8
20000e1c:	681b      	ldr	r3, [r3, #0]
20000e1e:	0161      	lsls	r1, r4, #5
20000e20:	185b      	adds	r3, r3, r1
20000e22:	2b00      	cmp	r3, #0
20000e24:	d006      	beq.n	20000e34 <dcd_event_handler+0xbc>
20000e26:	69db      	ldr	r3, [r3, #28]
20000e28:	2b00      	cmp	r3, #0
20000e2a:	d003      	beq.n	20000e34 <dcd_event_handler+0xbc>
20000e2c:	6869      	ldr	r1, [r5, #4]
20000e2e:	7828      	ldrb	r0, [r5, #0]
20000e30:	4798      	blx	r3
20000e32:	783a      	ldrb	r2, [r7, #0]
20000e34:	3401      	adds	r4, #1
20000e36:	b2e4      	uxtb	r4, r4
20000e38:	1c51      	adds	r1, r2, #1
20000e3a:	0023      	movs	r3, r4
20000e3c:	42a1      	cmp	r1, r4
20000e3e:	db17      	blt.n	20000e70 <dcd_event_handler+0xf8>
20000e40:	42a2      	cmp	r2, r4
20000e42:	d8ea      	bhi.n	20000e1a <dcd_event_handler+0xa2>
20000e44:	1a9b      	subs	r3, r3, r2
20000e46:	015b      	lsls	r3, r3, #5
20000e48:	444b      	add	r3, r9
20000e4a:	e7ec      	b.n	20000e26 <dcd_event_handler+0xae>
20000e4c:	4b3f      	ldr	r3, [pc, #252]	@ (20000f4c <dcd_event_handler+0x1d4>)
20000e4e:	781a      	ldrb	r2, [r3, #0]
20000e50:	07d2      	lsls	r2, r2, #31
20000e52:	d5be      	bpl.n	20000dd2 <dcd_event_handler+0x5a>
20000e54:	2104      	movs	r1, #4
20000e56:	781a      	ldrb	r2, [r3, #0]
20000e58:	430a      	orrs	r2, r1
20000e5a:	701a      	strb	r2, [r3, #0]
20000e5c:	e79f      	b.n	20000d9e <dcd_event_handler+0x26>
20000e5e:	4b3b      	ldr	r3, [pc, #236]	@ (20000f4c <dcd_event_handler+0x1d4>)
20000e60:	781a      	ldrb	r2, [r3, #0]
20000e62:	07d2      	lsls	r2, r2, #31
20000e64:	d5b5      	bpl.n	20000dd2 <dcd_event_handler+0x5a>
20000e66:	2104      	movs	r1, #4
20000e68:	781a      	ldrb	r2, [r3, #0]
20000e6a:	438a      	bics	r2, r1
20000e6c:	701a      	strb	r2, [r3, #0]
20000e6e:	e796      	b.n	20000d9e <dcd_event_handler+0x26>
20000e70:	4f36      	ldr	r7, [pc, #216]	@ (20000f4c <dcd_event_handler+0x1d4>)
20000e72:	783b      	ldrb	r3, [r7, #0]
20000e74:	075b      	lsls	r3, r3, #29
20000e76:	d52b      	bpl.n	20000ed0 <dcd_event_handler+0x158>
20000e78:	2204      	movs	r2, #4
20000e7a:	783b      	ldrb	r3, [r7, #0]
20000e7c:	2100      	movs	r1, #0
20000e7e:	4393      	bics	r3, r2
20000e80:	703b      	strb	r3, [r7, #0]
20000e82:	466b      	mov	r3, sp
20000e84:	3206      	adds	r2, #6
20000e86:	1d98      	adds	r0, r3, #6
20000e88:	f000 f87a 	bl	20000f80 <____wrap_memset_veneer>
20000e8c:	782b      	ldrb	r3, [r5, #0]
20000e8e:	ac01      	add	r4, sp, #4
20000e90:	7023      	strb	r3, [r4, #0]
20000e92:	2305      	movs	r3, #5
20000e94:	7063      	strb	r3, [r4, #1]
20000e96:	4b2c      	ldr	r3, [pc, #176]	@ (20000f48 <dcd_event_handler+0x1d0>)
20000e98:	681b      	ldr	r3, [r3, #0]
20000e9a:	4698      	mov	r8, r3
20000e9c:	695a      	ldr	r2, [r3, #20]
20000e9e:	f3ef 8110 	mrs	r1, PRIMASK
20000ea2:	b672      	cpsid	i
20000ea4:	6813      	ldr	r3, [r2, #0]
20000ea6:	2b00      	cmp	r3, #0
20000ea8:	d0fc      	beq.n	20000ea4 <dcd_event_handler+0x12c>
20000eaa:	f3bf 8f5f 	dmb	sy
20000eae:	4643      	mov	r3, r8
20000eb0:	4640      	mov	r0, r8
20000eb2:	6199      	str	r1, [r3, #24]
20000eb4:	0021      	movs	r1, r4
20000eb6:	f000 f85b 	bl	20000f70 <__tu_fifo_write_veneer>
20000eba:	4643      	mov	r3, r8
20000ebc:	695a      	ldr	r2, [r3, #20]
20000ebe:	699b      	ldr	r3, [r3, #24]
20000ec0:	f3bf 8f5f 	dmb	sy
20000ec4:	2100      	movs	r1, #0
20000ec6:	6011      	str	r1, [r2, #0]
20000ec8:	f383 8810 	msr	PRIMASK, r3
20000ecc:	2800      	cmp	r0, #0
20000ece:	d131      	bne.n	20000f34 <dcd_event_handler+0x1bc>
20000ed0:	78fb      	ldrb	r3, [r7, #3]
20000ed2:	07db      	lsls	r3, r3, #31
20000ed4:	d400      	bmi.n	20000ed8 <dcd_event_handler+0x160>
20000ed6:	e77c      	b.n	20000dd2 <dcd_event_handler+0x5a>
20000ed8:	466b      	mov	r3, sp
20000eda:	220a      	movs	r2, #10
20000edc:	2100      	movs	r1, #0
20000ede:	1d98      	adds	r0, r3, #6
20000ee0:	f000 f84e 	bl	20000f80 <____wrap_memset_veneer>
20000ee4:	782b      	ldrb	r3, [r5, #0]
20000ee6:	ac01      	add	r4, sp, #4
20000ee8:	7023      	strb	r3, [r4, #0]
20000eea:	2303      	movs	r3, #3
20000eec:	7063      	strb	r3, [r4, #1]
20000eee:	686b      	ldr	r3, [r5, #4]
20000ef0:	6063      	str	r3, [r4, #4]
20000ef2:	4b15      	ldr	r3, [pc, #84]	@ (20000f48 <dcd_event_handler+0x1d0>)
20000ef4:	681d      	ldr	r5, [r3, #0]
20000ef6:	696a      	ldr	r2, [r5, #20]
20000ef8:	f3ef 8110 	mrs	r1, PRIMASK
20000efc:	b672      	cpsid	i
20000efe:	6813      	ldr	r3, [r2, #0]
20000f00:	2b00      	cmp	r3, #0
20000f02:	d0fc      	beq.n	20000efe <dcd_event_handler+0x186>
20000f04:	f3bf 8f5f 	dmb	sy
20000f08:	61a9      	str	r1, [r5, #24]
20000f0a:	0028      	movs	r0, r5
20000f0c:	0021      	movs	r1, r4
20000f0e:	f000 f82f 	bl	20000f70 <__tu_fifo_write_veneer>
20000f12:	696a      	ldr	r2, [r5, #20]
20000f14:	69ab      	ldr	r3, [r5, #24]
20000f16:	f3bf 8f5f 	dmb	sy
20000f1a:	2100      	movs	r1, #0
20000f1c:	6011      	str	r1, [r2, #0]
20000f1e:	f383 8810 	msr	PRIMASK, r3
20000f22:	2800      	cmp	r0, #0
20000f24:	d100      	bne.n	20000f28 <dcd_event_handler+0x1b0>
20000f26:	e754      	b.n	20000dd2 <dcd_event_handler+0x5a>
20000f28:	0032      	movs	r2, r6
20000f2a:	7861      	ldrb	r1, [r4, #1]
20000f2c:	7820      	ldrb	r0, [r4, #0]
20000f2e:	f000 f817 	bl	20000f60 <__tud_event_hook_cb_veneer>
20000f32:	e74e      	b.n	20000dd2 <dcd_event_handler+0x5a>
20000f34:	0032      	movs	r2, r6
20000f36:	7861      	ldrb	r1, [r4, #1]
20000f38:	7820      	ldrb	r0, [r4, #0]
20000f3a:	f000 f811 	bl	20000f60 <__tud_event_hook_cb_veneer>
20000f3e:	e7c7      	b.n	20000ed0 <dcd_event_handler+0x158>
20000f40:	10007e3c 	.word	0x10007e3c
20000f44:	20001fd7 	.word	0x20001fd7
20000f48:	20001560 	.word	0x20001560
20000f4c:	20001508 	.word	0x20001508
20000f50:	10007e58 	.word	0x10007e58
20000f54:	20001fd5 	.word	0x20001fd5
20000f58:	20001358 	.word	0x20001358

20000f5c <__aeabi_idiv0>:
20000f5c:	4770      	bx	lr
20000f5e:	46c0      	nop			@ (mov r8, r8)

20000f60 <__tud_event_hook_cb_veneer>:
20000f60:	b401      	push	{r0}
20000f62:	4802      	ldr	r0, [pc, #8]	@ (20000f6c <__tud_event_hook_cb_veneer+0xc>)
20000f64:	4684      	mov	ip, r0
20000f66:	bc01      	pop	{r0}
20000f68:	4760      	bx	ip
20000f6a:	bf00      	nop
20000f6c:	1000542d 	.word	0x1000542d

20000f70 <__tu_fifo_write_veneer>:
20000f70:	b401      	push	{r0}
20000f72:	4802      	ldr	r0, [pc, #8]	@ (20000f7c <__tu_fifo_write_veneer+0xc>)
20000f74:	4684      	mov	ip, r0
20000f76:	bc01      	pop	{r0}
20000f78:	4760      	bx	ip
20000f7a:	bf00      	nop
20000f7c:	10006e8d 	.word	0x10006e8d

20000f80 <____wrap_memset_veneer>:
20000f80:	b401      	push	{r0}
20000f82:	4802      	ldr	r0, [pc, #8]	@ (20000f8c <____wrap_memset_veneer+0xc>)
20000f84:	4684      	mov	ip, r0
20000f86:	bc01      	pop	{r0}
20000f88:	4760      	bx	ip
20000f8a:	bf00      	nop
20000f8c:	10002a45 	.word	0x10002a45

20000f90 <__rp2040_chip_version_veneer>:
20000f90:	b401      	push	{r0}
20000f92:	4802      	ldr	r0, [pc, #8]	@ (20000f9c <__rp2040_chip_version_veneer+0xc>)
20000f94:	4684      	mov	ip, r0
20000f96:	bc01      	pop	{r0}
20000f98:	4760      	bx	ip
20000f9a:	bf00      	nop
20000f9c:	10000985 	.word	0x10000985

20000fa0 <__panic_veneer>:
20000fa0:	b401      	push	{r0}
20000fa2:	4802      	ldr	r0, [pc, #8]	@ (20000fac <__panic_veneer+0xc>)
20000fa4:	4684      	mov	ip, r0
20000fa6:	bc01      	pop	{r0}
20000fa8:	4760      	bx	ip
20000faa:	bf00      	nop
20000fac:	10000991 	.word	0x10000991

20000fb0 <____wrap___aeabi_lmul_veneer>:
20000fb0:	b401      	push	{r0}
20000fb2:	4802      	ldr	r0, [pc, #8]	@ (20000fbc <____wrap___aeabi_lmul_veneer+0xc>)
20000fb4:	4684      	mov	ip, r0
20000fb6:	bc01      	pop	{r0}
20000fb8:	4760      	bx	ip
20000fba:	bf00      	nop
20000fbc:	10002899 	.word	0x10002899

20000fc0 <__best_effort_wfe_or_timeout_veneer>:
20000fc0:	b401      	push	{r0}
20000fc2:	4802      	ldr	r0, [pc, #8]	@ (20000fcc <__best_effort_wfe_or_timeout_veneer+0xc>)
20000fc4:	4684      	mov	ip, r0
20000fc6:	bc01      	pop	{r0}
20000fc8:	4760      	bx	ip
20000fca:	bf00      	nop
20000fcc:	10001829 	.word	0x10001829

20000fd0 <__time_us_64_veneer>:
20000fd0:	b401      	push	{r0}
20000fd2:	4802      	ldr	r0, [pc, #8]	@ (20000fdc <__time_us_64_veneer+0xc>)
20000fd4:	4684      	mov	ip, r0
20000fd6:	bc01      	pop	{r0}
20000fd8:	4760      	bx	ip
20000fda:	bf00      	nop
20000fdc:	10001959 	.word	0x10001959

20000fe0 <modo_5_servos>:
20000fe0:	                                         .

20000fe1 <striped_spin_lock_num>:
20000fe1:	                                         ...

20000fe4 <irq_handler_chain_slots>:
20000fe4:	00000000 	.word	0x00000000
20000fe8:	00010000 	.word	0x00010000
	...
20000ff4:	00020000 	.word	0x00020000
	...
20001000:	00030000 	.word	0x00030000
	...
2000100c:	00ff0000 	.word	0x00ff0000
20001010:	00000000 	.word	0x00000000

20001014 <irq_handler_chain_first_slot>:
20001014:	b501      	push	{r0, lr}
20001016:	6848      	ldr	r0, [r1, #4]
20001018:	3101      	adds	r1, #1
2000101a:	468e      	mov	lr, r1
2000101c:	4700      	bx	r0

2000101e <irq_handler_chain_remove_tail>:
2000101e:	4670      	mov	r0, lr
20001020:	3809      	subs	r0, #9
20001022:	4901      	ldr	r1, [pc, #4]	@ (20001028 <irq_handler_chain_remove_tail+0xa>)
20001024:	4788      	blx	r1
20001026:	bd01      	pop	{r0, pc}
20001028:	10000f95 	.word	0x10000f95

2000102c <default_alarm_pool>:
	...
20001040:	200010d0 00000000 00000000 00000000     ... ............

20001050 <aeabi_bits_funcs>:
20001050:	00003350 	.word	0x00003350
20001054:	0000334c 	.word	0x0000334c
20001058:	00003354 	.word	0x00003354
2000105c:	00003352 	.word	0x00003352

20001060 <aeabi_bits_funcs_end>:
20001060:	0000534d 	.word	0x0000534d
20001064:	0000434d 	.word	0x0000434d
20001068:	00003453 	.word	0x00003453
2000106c:	00003443 	.word	0x00003443

20001070 <stdio_uart>:
20001070:	1000479d 100048a1 100047e9 100048b5     .G...H...G...H..
20001080:	00000000 00000100                       ........

20001088 <stdio_usb>:
20001088:	10004bed 10004ba1 10004b15 10004a8d     .K...K...K...J..
20001098:	00000000 00000100                       ........

200010a0 <_usbd_qdef>:
200010a0:	20001564 000c0010 00000000 00000000     d.. ............
	...

200010bc <_usbd_rhport>:
200010bc:	000000ff                                ....

200010c0 <i2c0_inst>:
200010c0:	40044000 00000000                       .@.@....

200010c8 <print_mutex>:
	...
